{
  "SaveName": "Codenames",
  "GameMode": "Codenames",
  "Date": "6/21/2018 11:23:04 PM",
  "Gravity": 0.5,
  "PlayArea": 0.5,
  "GameType": "",
  "GameComplexity": "",
  "Tags": [],
  "Table": "Table_Custom",
  "TableURL": "https://f.vividscreen.info/soft/48218af18589c9848564daa93e3a41f4/Stone-Wall-1920x1200.jpg",
  "Sky": "Sky_Regal",
  "Note": "",
  "Rules": "",
  "Grid": {
    "Type": 0,
    "Lines": false,
    "Color": {
      "r": 0.0,
      "g": 0.0,
      "b": 0.0
    },
    "Opacity": 0.75,
    "ThickLines": false,
    "Snapping": false,
    "Offset": false,
    "BothSnapping": false,
    "xSize": 2.0,
    "ySize": 2.0,
    "PosOffset": {
      "x": 0.0,
      "y": 1.0,
      "z": 0.0
    }
  },
  "Lighting": {
    "LightIntensity": 0.54,
    "LightColor": {
      "r": 1.0,
      "g": 0.9804,
      "b": 0.8902
    },
    "AmbientIntensity": 1.3,
    "AmbientType": 0,
    "AmbientSkyColor": {
      "r": 0.5,
      "g": 0.5,
      "b": 0.5
    },
    "AmbientEquatorColor": {
      "r": 0.5,
      "g": 0.5,
      "b": 0.5
    },
    "AmbientGroundColor": {
      "r": 0.5,
      "g": 0.5,
      "b": 0.5
    },
    "ReflectionIntensity": 1.0,
    "LutIndex": 0,
    "LutContribution": 1.0
  },
  "Hands": {
    "Enable": false,
    "DisableUnused": false,
    "Hiding": 0,
    "HandTransforms": [
      {
        "Color": "Blue",
        "Transform": {
          "posX": 24.0,
          "posY": 1.94517469,
          "posZ": -34.4,
          "rotX": 0.0,
          "rotY": 0.0,
          "rotZ": 0.0,
          "scaleX": 7.62700129,
          "scaleY": 11.8970528,
          "scaleZ": 6.360049
        }
      },
      {
        "Color": "Brown",
        "Transform": {
          "posX": -32.0,
          "posY": 1.94517469,
          "posZ": -29.0,
          "rotX": 0.0,
          "rotY": 0.0,
          "rotZ": 0.0,
          "scaleX": 7.62700129,
          "scaleY": 11.8970528,
          "scaleZ": 6.35014534
        }
      },
      {
        "Color": "Green",
        "Transform": {
          "posX": 8.0,
          "posY": 1.94517469,
          "posZ": -34.4,
          "rotX": 0.0,
          "rotY": 0.0,
          "rotZ": 0.0,
          "scaleX": 7.62700129,
          "scaleY": 11.8970528,
          "scaleZ": 6.35014534
        }
      },
      {
        "Color": "Orange",
        "Transform": {
          "posX": -16.0,
          "posY": 1.94517469,
          "posZ": -29.0,
          "rotX": 0.0,
          "rotY": 0.0,
          "rotZ": 0.0,
          "scaleX": 7.62700129,
          "scaleY": 11.8970528,
          "scaleZ": 6.359097
        }
      },
      {
        "Color": "Pink",
        "Transform": {
          "posX": 40.0,
          "posY": 1.94517469,
          "posZ": -34.4,
          "rotX": 0.0,
          "rotY": 0.0,
          "rotZ": 0.0,
          "scaleX": 7.62700129,
          "scaleY": 11.891222,
          "scaleZ": 6.361568
        }
      },
      {
        "Color": "Purple",
        "Transform": {
          "posX": 32.0,
          "posY": 1.94517469,
          "posZ": -29.0,
          "rotX": 0.0,
          "rotY": 0.0,
          "rotZ": 0.0,
          "scaleX": 7.62700129,
          "scaleY": 11.8970528,
          "scaleZ": 6.359391
        }
      },
      {
        "Color": "Red",
        "Transform": {
          "posX": -24.0,
          "posY": 1.94517469,
          "posZ": -34.4,
          "rotX": 0.0,
          "rotY": 0.0,
          "rotZ": 0.0,
          "scaleX": 7.62700129,
          "scaleY": 11.8970528,
          "scaleZ": 6.35014534
        }
      },
      {
        "Color": "Teal",
        "Transform": {
          "posX": 16.0,
          "posY": 1.94517469,
          "posZ": -29.0,
          "rotX": 0.0,
          "rotY": 0.0,
          "rotZ": 0.0,
          "scaleX": 7.62701,
          "scaleY": 11.8970528,
          "scaleZ": 6.35976458
        }
      },
      {
        "Color": "White",
        "Transform": {
          "posX": -40.0,
          "posY": 1.94517469,
          "posZ": -34.4,
          "rotX": 0.0,
          "rotY": 0.0,
          "rotZ": 0.0,
          "scaleX": 7.62700129,
          "scaleY": 11.8970547,
          "scaleZ": 6.705048
        }
      },
      {
        "Color": "Yellow",
        "Transform": {
          "posX": -8.0,
          "posY": 1.94517469,
          "posZ": -34.4,
          "rotX": 0.0,
          "rotY": 0.0,
          "rotZ": 0.0,
          "scaleX": 7.62706327,
          "scaleY": 11.8970528,
          "scaleZ": 6.35922575
        }
      }
    ]
  },
  "Turns": {
    "Enable": false,
    "Type": 0,
    "TurnOrder": [],
    "Reverse": false,
    "SkipEmpty": false,
    "DisableInteractions": false,
    "PassTurns": true,
    "TurnColor": ""
  },
  "TabStates": {
    "0": {
      "title": "Rules",
      "body": "",
      "color": "Grey",
      "visibleColor": {
        "r": 0.5,
        "g": 0.5,
        "b": 0.5
      },
      "id": 0
    },
    "1": {
      "title": "White",
      "body": "",
      "color": "White",
      "visibleColor": {
        "r": 1.0,
        "g": 1.0,
        "b": 1.0
      },
      "id": 1
    },
    "2": {
      "title": "Brown",
      "body": "",
      "color": "Brown",
      "visibleColor": {
        "r": 0.443,
        "g": 0.231,
        "b": 0.09
      },
      "id": 2
    },
    "3": {
      "title": "Red",
      "body": "",
      "color": "Red",
      "visibleColor": {
        "r": 0.856,
        "g": 0.1,
        "b": 0.094
      },
      "id": 3
    },
    "4": {
      "title": "Orange",
      "body": "",
      "color": "Orange",
      "visibleColor": {
        "r": 0.956,
        "g": 0.392,
        "b": 0.113
      },
      "id": 4
    },
    "5": {
      "title": "Yellow",
      "body": "",
      "color": "Yellow",
      "visibleColor": {
        "r": 0.905,
        "g": 0.898,
        "b": 0.172
      },
      "id": 5
    },
    "6": {
      "title": "Green",
      "body": "",
      "color": "Green",
      "visibleColor": {
        "r": 0.192,
        "g": 0.701,
        "b": 0.168
      },
      "id": 6
    },
    "7": {
      "title": "Blue",
      "body": "",
      "color": "Blue",
      "visibleColor": {
        "r": 0.118,
        "g": 0.53,
        "b": 1.0
      },
      "id": 7
    },
    "8": {
      "title": "Teal",
      "body": "",
      "color": "Teal",
      "visibleColor": {
        "r": 0.129,
        "g": 0.694,
        "b": 0.607
      },
      "id": 8
    },
    "9": {
      "title": "Purple",
      "body": "",
      "color": "Purple",
      "visibleColor": {
        "r": 0.627,
        "g": 0.125,
        "b": 0.941
      },
      "id": 9
    },
    "10": {
      "title": "Pink",
      "body": "",
      "color": "Pink",
      "visibleColor": {
        "r": 0.96,
        "g": 0.439,
        "b": 0.807
      },
      "id": 10
    },
    "11": {
      "title": "Black",
      "body": "",
      "color": "Black",
      "visibleColor": {
        "r": 0.25,
        "g": 0.25,
        "b": 0.25
      },
      "id": 11
    }
  },
  "DecalPallet": [],
  "ObjectStates": [
    {
      "Name": "Custom_Board",
      "Transform": {
        "posX": 0.0,
        "posY": 1.0272398,
        "posZ": 9.632046E-05,
        "rotX": -1.17353111E-05,
        "rotY": 179.999863,
        "rotZ": -1.20902151E-08,
        "scaleX": 1.25,
        "scaleY": 1.25,
        "scaleZ": 1.25
      },
      "Nickname": "",
      "Description": "",
      "GMNotes": "",
      "ColorDiffuse": {
        "r": 0.7867647,
        "g": 0.7867647,
        "b": 0.7867647
      },
      "Locked": true,
      "Grid": true,
      "Snap": true,
      "IgnoreFoW": false,
      "MeasureMovement": false,
      "DragSelectable": true,
      "Autoraise": true,
      "Sticky": true,
      "Tooltip": true,
      "GridProjection": false,
      "Hands": false,
      "CustomImage": {
        "ImageURL": "https://i.imgur.com/PY7HtfO.jpg",
        "ImageSecondaryURL": "",
        "ImageScalar": 1.0,
        "WidthScale": 1.52509654
      },
      "LuaScript": "-- Таблица юникода русских букв\r\nunitbl = {\r\n  ['\\\\u0410'] = 'А', ['\\\\u0411'] = 'Б', ['\\\\u0412'] = 'В',\r\n  ['\\\\u0413'] = 'Г', ['\\\\u0414'] = 'Д', ['\\\\u0415'] = 'Е',\r\n  ['\\\\u0401'] = 'Ё', ['\\\\u0416'] = 'Ж', ['\\\\u0417'] = 'З',\r\n  ['\\\\u0418'] = 'И', ['\\\\u0419'] = 'Й', ['\\\\u041a'] = 'К',\r\n  ['\\\\u041b'] = 'Л', ['\\\\u041c'] = 'М', ['\\\\u041d'] = 'Н',\r\n  ['\\\\u041e'] = 'О', ['\\\\u041f'] = 'П', ['\\\\u0420'] = 'Р',\r\n  ['\\\\u0421'] = 'С', ['\\\\u0422'] = 'Т', ['\\\\u0423'] = 'У',\r\n  ['\\\\u0424'] = 'Ф', ['\\\\u0425'] = 'Х', ['\\\\u0426'] = 'Ц',\r\n  ['\\\\u0427'] = 'Ч', ['\\\\u0428'] = 'Ш', ['\\\\u0429'] = 'Щ',\r\n  ['\\\\u042a'] = 'Ъ', ['\\\\u042b'] = 'Ы', ['\\\\u042c'] = 'Ь',\r\n  ['\\\\u042d'] = 'Э', ['\\\\u042e'] = 'Ю', ['\\\\u042f'] = 'Я',\r\n  ['\\\\u0430'] = 'а', ['\\\\u0431'] = 'б', ['\\\\u0432'] = 'в',\r\n  ['\\\\u0433'] = 'г', ['\\\\u0434'] = 'д', ['\\\\u0435'] = 'е',\r\n  ['\\\\u0451'] = 'ё', ['\\\\u0436'] = 'ж', ['\\\\u0437'] = 'з',\r\n  ['\\\\u0438'] = 'и', ['\\\\u0439'] = 'й', ['\\\\u043a'] = 'к',\r\n  ['\\\\u043b'] = 'л', ['\\\\u043c'] = 'м', ['\\\\u043d'] = 'н',\r\n  ['\\\\u043e'] = 'о', ['\\\\u043f'] = 'п', ['\\\\u0440'] = 'р',\r\n  ['\\\\u0441'] = 'с', ['\\\\u0442'] = 'т', ['\\\\u0443'] = 'у',\r\n  ['\\\\u0444'] = 'ф', ['\\\\u0445'] = 'х', ['\\\\u0446'] = 'ц',\r\n  ['\\\\u0447'] = 'ч', ['\\\\u0448'] = 'ш', ['\\\\u0449'] = 'щ',\r\n  ['\\\\u044a'] = 'ъ', ['\\\\u044b'] = 'ы', ['\\\\u044c'] = 'ь',\r\n  ['\\\\u044d'] = 'э', ['\\\\u044e'] = 'ю', ['\\\\u044f'] = 'я',\r\n}\r\n\r\n-- Хдесь хранятся объекты тайлов\r\ntiles = {}\r\n\r\n-- Здесь хранятся слова - 25 штук\r\nwords = {}\r\n\r\n-- Команда, Роль, Помеченный тайл и кго номер кнопки, цвет в rgb\r\nusers = {\r\n  White  = { team = '', role = '', tile = 0, btn = -1, rgb = { 1,     1,     1,    }},\r\n  Brown  = { team = '', role = '', tile = 0, btn = -1, rgb = { 0.443, 0.231, 0.09  }},\r\n  Red    = { team = '', role = '', tile = 0, btn = -1, rgb = { 0.856, 0.1,   0.094 }},\r\n  Orange = { team = '', role = '', tile = 0, btn = -1, rgb = { 0.956, 0.392, 0.113 }},\r\n  Yellow = { team = '', role = '', tile = 0, btn = -1, rgb = { 0.905, 0.898, 0.172 }},\r\n  Green  = { team = '', role = '', tile = 0, btn = -1, rgb = { 0.192, 0.701, 0.168 }},\r\n  Teal   = { team = '', role = '', tile = 0, btn = -1, rgb = { 0.129, 0.694, 0.607 }},\r\n  Blue   = { team = '', role = '', tile = 0, btn = -1, rgb = { 0.118, 0.53,  1     }},\r\n  Purple = { team = '', role = '', tile = 0, btn = -1, rgb = { 0.627, 0.125, 0.941 }},\r\n  Pink   = { team = '', role = '', tile = 0, btn = -1, rgb = { 0.96,  0.439, 0.807 }},\r\n  Black  = { team = '', role = '', tile = 0, btn = -1, rgb = { 0.25,  0.25,  0.25  }},\r\n  Grey   = { team = '', role = '', tile = 0, btn = -1, rgb = { 0.5,   0.5,   0.5   }},\r\n}\r\n\r\n-- Таблица ролей (в последней ячейке неиспользуемый red или blue)\r\ntile_types = {\r\n  'red','red','red','red','red','red','red','red','red',  'killer',\r\n  'blue','blue','blue','blue','blue','blue','blue','blue','blue',\r\n  'civilian','civilian','civilian','civilian','civilian','civilian','civilian',\r\n}\r\n\r\ngstat = {\r\n  teamturn = '',      -- team turn ('red' 'blue')\r\n  cap_thinks = true,  --\r\n  timer_a   = -1,     --\r\n  timer_b   = -1,     --\r\n  timer_c   = -1,     --\r\n  rac = 0,            -- red agent count\r\n  bac = 0,            -- blue agent count\r\n  rtmc = 0,           -- red team member count\r\n  btmc = 0,           -- blue team member count\r\n  sel_tile = 0,       -- Выюранное слово\r\n}\r\n\r\nall_col = 'White|Brown|Red|Orange|Yellow|Green||Teal|Blue|Purple|Pink|Black|Grey'\r\n\r\npreset = {\r\n  timer_tick = 0.2,\r\n  timer_a = 61,\r\n  timer_b = 61,\r\n  timer_c = 2,\r\n  request_type = 2\r\n}\r\n\r\n\r\n\r\n\r\n\r\n-- Заглушка\r\nfunction empty_func() end\r\n\r\n-- Функция перемещивания таблицы\r\nfunction shake(array)\r\n  local counter = #array\r\n  while counter > 1 do\r\n    local index = math.random(counter)\r\n    array[index], array[counter] = array[counter], array[index]\r\n    counter = counter - 1\r\n  end\r\nend\r\n\r\n\r\n\r\n\r\n\r\n\r\nfunction onLoad()\r\n  self.UI.setAttributes('pb_generat', {\r\n    image = 'bar_bckgrnd',\r\n    fillImage = 'bar_img',\r\n  })\r\n  timer_obj =  getObjectFromGUID('c020bd')\r\n  Timer.create({\r\n    identifier     = 'tick_tack_timer',\r\n    function_name  = 'tick_timer',\r\n    delay          = preset.timer_tick,\r\n    repetitions    = 0,\r\n  })\r\n  self.UI.setAttribute('pmenu', 'visibility', all_col)\r\n  self.UI.setAttribute('pmenu', 'active', 'true')\r\n  self.UI.setAttribute('pconfig', 'visibility', all_col)\r\n  self.UI.setAttribute('pconfig', 'active', 'false')\r\nend\r\n\r\n\r\n\r\n\r\nfunction spawn_tiles()\r\n  -- Пказываем панели игроков\r\n  self.UI.setAttribute('red_panel', 'active', 'true')\r\n  self.UI.setAttribute('blue_panel', 'active', 'true')\r\n  --спавним тайлы и генерируем на них кнопки\r\n  local tnum = 0\r\n  for y = 13.37, -13.37, -6.685 do\r\n    for x = -20.4, 20.4, 10.2 do\r\n      tnum = tnum +1;\r\n      tiles[tnum] = spawnObject({\r\n        type           = 'Custom_Tile',\r\n        position       = {x, 2.21, y},\r\n        rotation       = {0,180,0},\r\n        scale          = {3.25,1,3.25},\r\n      })\r\n      tiles[tnum].setCustomObject({\r\n        image = 'https://i.imgur.com/Pbo1zaV.jpg',\r\n        type = 3,\r\n        image_bottom = 'https://i.imgur.com/EwIyZt9.jpg',\r\n        thickness = 0.1,\r\n      })\r\n      tiles[tnum].setLock(true)\r\n      tiles[tnum].createButton({\r\n          click_function = \"tile_btn0\",\r\n          function_owner = self,\r\n          label          = tnum,\r\n          position       = { 0.005, 0.10, 0.385 },\r\n          width          = 1128,\r\n          height         = 236,\r\n          font_size      = 85,\r\n          scale          = {1,1,1},\r\n          color          = {250/255, 240/255, 209/255},\r\n        })\r\n      for i = -0.95, -0.15, 0.20 do\r\n        tiles[tnum].createButton({\r\n          click_function = \"empty_func\",\r\n          function_owner = self,\r\n          label          = '',\r\n          position       = { i, 0.10, -0.05 },\r\n          width          = 100,\r\n          height         = 100,\r\n          font_size      = 75,\r\n          color          = {254/255,201/255,147/255},\r\n          font_color     = {0.25,0.25,0.25},\r\n        })\r\n      end\r\n      tiles[tnum].UI.setXml(\r\n          \"<Image\" ..\r\n          \"  id = 'agicon'\" ..\r\n          \"  image = 'noname_icon'\" ..\r\n          \"  raycastTarget = 'false'\" ..\r\n          \"  width = '60'\" ..\r\n          \"  height = '68'\" ..\r\n          \"  position = '-85 -27 -11'\" ..\r\n          \"  rotation = '0 0 180'\" ..\r\n          \"  visibility = ''\" ..\r\n          \"/>\" ..\r\n          \"<ProgressBar\" ..\r\n          \"  id = 'pb_tile_timer'\" ..\r\n          \"  active = 'false'\" ..\r\n          \"  color = '#ffCC9900'\" ..\r\n          \"  fillImage = 'bar_img'\" ..\r\n          \"  width = '157'\" ..\r\n          \"  height = '5'\" ..\r\n          \"  position = '30 8 -11'\" ..\r\n          \"  rotation = '0 0 180'\" ..\r\n          \"  percentage = '0'\" ..\r\n          \"/>\"\r\n        )\r\n    end\r\n  end\r\n  self.UI.setAttributes('game_btn', {\r\n      onClick = 'request_words',\r\n      text = 'NEW GAME',\r\n      textColor = '#A0A0A0',\r\n    })\r\nend\r\n\r\n\r\n--function request_words(obj, color, alt)\r\nfunction request_words(player, value, id)\r\n  --if users[color].role == 'captain' then\r\n  if users[player.color].role == 'captain' then\r\n    self.UI.setAttributes('game_btn', {\r\n        interactable = 'false',\r\n        text = 'Loading...',\r\n      })\r\n    for i = 1, 25 do\r\n      tiles[i].editButton( {index = 0, label = i } )\r\n      tiles[i].UI.setAttribute('agicon', 'image', 'noname_icon')\r\n    end\r\n    words = {}\r\n    if preset.request_type == 1 then\r\n      self.UI.setAttribute('pb_generat', 'percentage', 0)\r\n      self.UI.show('pb_generat')\r\n      for i = 1, 25 do\r\n        WebRequest.get(\"http://free-generator.ru//generator.php?action=word&type=1\", self, \"webRequestCallback1\")\r\n      end\r\n    elseif preset.request_type == 2 then\r\n      --WebRequest.get(\"https://sanstv.ru/randomWord/lang-ru/strong-2/count-25\", self, \"webRequestCallback2\")\r\n      WebRequest.get(\"https://sanstv.ru/randomWord/?lang=ru&strong=2&count=25&word=\", self, \"webRequestCallback2\")\r\n    elseif preset.request_type == 3 then\r\n      WebRequest.get(\"https://sanstv.ru/randomWord/?lang=en&strong=2&count=25&word=\", self, \"webRequestCallback2\")\r\n    end\r\n  end\r\nend\r\n\r\nfunction webRequestCallback1(webReturn)\r\n  -- Обработка запрошенного слова\r\n  local text = string.sub(webReturn.text, string.find(webReturn.text, '\\\\u', 1), string.len(webReturn.text)-14)\r\n  for key, value in pairs(unitbl) do\r\n    text = string.gsub(text, key, value)\r\n  end\r\n  text = string.gsub(text, string.sub(text, 1,1), string.upper(string.sub(text, 1,1)), 1)\r\n  table.insert(words, text)\r\n  -- Обновляем прогресс бар\r\n  self.UI.setAttributes('game_btn', {\r\n      interactable = 'false',\r\n      text = 'Loading...\\n' .. #words * 4 .. '%',\r\n    })\r\n  self.UI.setAttribute('pb_generat', 'percentage', #words * 4)\r\n  if #words >= 25 then\r\n    game_init()\r\n    tiles_init()\r\n  end\r\nend\r\n\r\nfunction webRequestCallback2(webReturn)\r\n  local pos1, pos2, pos3, pos4, word, text\r\n  pos1, pos2 = string.find(webReturn.text, \"<td id='result'>\")\r\n  pos3, pos4 = string.find(webReturn.text, \"</td>\", pos2 + 1)\r\n  text = string.sub(webReturn.text, pos1, pos4)\r\n  text = string.gsub(text, 'strong2', 'strong')\r\n  pos4 = 1\r\n  for i = 1, 25 do\r\n    pos1, pos2 = string.find(text, \"<span class='strong'>\", pos4 + 1)\r\n    pos3, pos4 = string.find(text, \"</span>\", pos2 + 1)\r\n    word = string.sub(text, pos2 + 1, pos3 - 1)\r\n    word = string.gsub(word, string.sub(word, 1,1), string.upper(string.sub(word, 1,1)), 1)\r\n    table.insert(words, word)\r\n  end\r\n  game_init()\r\n  tiles_init()\r\nend\r\n\r\nfunction game_init()\r\n  math.randomseed(os.clock())\r\n  -- Выключаем таймеры\r\n  gstat.timer_a = -1\r\n  gstat.timer_b = -1\r\n  gstat.timer_c = -1\r\n  gstat.cap_thinks = true\r\n  -- Стираем слова с кнопок тайлов, очищаем иконки ролей\r\n  self.UI.setAttribute('red_wordcount_btn', 'text', '')\r\n  self.UI.setAttribute('blue_wordcount_btn', 'text', '')\r\n  self.UI.setAttribute('red_log_if', 'text', '')\r\n  self.UI.setAttribute('blue_log_if', 'text', '')\r\n  -- Перемешивем таблицу ролей и помещаем первый найденный red или blue в конец\r\n  shake(tile_types)\r\n  for i=1, #tile_types do\r\n    if tile_types[i] == 'red' or tile_types[i] == 'blue' then\r\n      tile_types[i], tile_types[#tile_types] = tile_types[#tile_types], tile_types[i]\r\n      break\r\n    end\r\n  end\r\n  -- Считаем количество тайло каждой команды\r\n  gstat.rac = 0\r\n  gstat.bac = 0\r\n  for i = 1, 25 do\r\n    if tile_types[i] == 'red' then\r\n      gstat.rac = gstat.rac + 1\r\n    elseif tile_types[i] == 'blue' then\r\n      gstat.bac = gstat.bac + 1\r\n    end\r\n  end\r\n  -- Назначаем ход команде с 9 агентами\r\n  if gstat.rac > gstat.bac then\r\n    gstat.teamturn = 'red'\r\n    self.UI.setAttribute('red_cap_if', 'readonly', 'false')\r\n    self.UI.setAttribute('blue_cap_if', 'readonly', 'true')\r\n    timer_obj.setPosition({-34.50, 0.95, 13.50})\r\n    self.UI.setAttribute('blue_phase_btn', 'text', '')\r\n  else\r\n    gstat.teamturn = 'blue'\r\n    self.UI.setAttribute('red_cap_if', 'readonly', 'true')\r\n    self.UI.setAttribute('blue_cap_if', 'readonly', 'false')\r\n    timer_obj.setPosition({ 34.50, 0.95, 13.50})\r\n    self.UI.setAttribute('red_phase_btn', 'text', '')\r\n  end\r\n  -- Показываем на соответствующей панели количество агентов в команде\r\n  self.UI.setAttribute('red_wordcount_btn', 'text', gstat.rac)\r\n  self.UI.setAttribute('blue_wordcount_btn', 'text', gstat.bac)\r\n  self.UI.setAttribute('red_wordcount_btn', 'textColor','#CC333306')\r\n  self.UI.setAttribute('blue_wordcount_btn', 'textColor', '#3333CC18')\r\n  --\r\n  self.UI.setAttribute(gstat.teamturn .. '_phase_btn', 'text', 'captain thinks')\r\n  --\r\n  self.UI.setAttributes('game_btn', {\r\n      text = 'NEW GAME',\r\n      interactable = 'true',\r\n      textColor = '#A0A0A0'\r\n    })\r\n  self.UI.hide('pb_generat')\r\nend\r\n\r\nfunction tiles_init()\r\n  math.randomseed(os.clock())\r\n  for tnum = 1, 25 do\r\n    -- составляем имя иконки роли для тайла\r\n    if tile_types[tnum] == 'killer' then\r\n      tiles[tnum].UI.setAttribute('agicon', 'image', 'killer_icon')\r\n    else\r\n      local imgname\r\n      if math.random(10) > 5 then\r\n        imgname = '_female_icon'\r\n      else\r\n        imgname = '_male_icon'\r\n      end\r\n      imgname = tile_types[tnum] .. imgname\r\n      tiles[tnum].UI.setAttribute('agicon', 'image', imgname)\r\n    end\r\n    -- выводим слово на кнопк\r\n    tiles[tnum].editButton({\r\n      index = 0,\r\n      click_function = 'tile_btn0',\r\n      label = '[b]' .. words[tnum] .. '[/b]',\r\n      tooltip = words[tnum]\r\n    })\r\n    -- ищем капитанов и устанавливаем для них видимость иконки агента\r\n    local cap_col = ''\r\n    for key in pairs(users) do\r\n      if users[key].role == 'captain' then\r\n        cap_col =  key .. '|' .. cap_col\r\n      end\r\n    end\r\n    tiles[tnum].UI.setAttribute('agicon', 'visibility', cap_col)\r\n  end\r\nend\r\n\r\n\r\n\r\n\r\nfunction tile_btn0(obj, color, alt_click)\r\n  if users[color].role == 'member' and\r\n     users[color].team == gstat.teamturn and not gstat.cap_thinks then\r\n    local tnum = 0\r\n    -- Определяем номер нажатого тайла\r\n    for i = 1, #tiles do\r\n      if tiles[i] == obj then\r\n        tnum = i\r\n        break\r\n      end\r\n    end\r\n    -- Поиск свободного ��екбокса\r\n    local flag2 = -1\r\n    local tmp_btns = obj.getButtons()\r\n    for i = 6, 2, -1 do\r\n      if tmp_btns[i].label ~= '✔' then\r\n        flag2 = i - 1\r\n      end\r\n    end\r\n    -- если игрок уже ставил флажок\r\n    if users[color]['tile'] > 0 then\r\n      -- убираем флажок этого цвета\r\n      tiles[users[color]['tile']].editButton({\r\n        index          = users[color].btn,\r\n        label          = '',\r\n        color          = {254/255,201/255,147/255},\r\n        font_color     = {0.25,0.25,0.25},\r\n      })\r\n      -- если флажок был на текущем тайле очищаем переменные\r\n      if users[color].tile == tnum then\r\n        users[color].tile = 0\r\n        users[color].btn = 0\r\n      else -- если флажок был на другом тайле, ставим флажок\r\n        if flag2 > 0 then   -- если  есть куда\r\n          tiles[tnum].editButton({\r\n            index          = flag2,\r\n            label          = '✔',\r\n            color          = users[color]['rgb'],\r\n            font_color     = {\r\n              users[color]['rgb'][1]*0.75,\r\n              users[color]['rgb'][2]*0.75,\r\n              users[color]['rgb'][3]*0.75\r\n            }\r\n          })\r\n          users[color].tile = tnum\r\n          users[color].btn = flag2\r\n        end\r\n      end\r\n    else -- если флажка игрока нет на тайлах, ставим флажок\r\n      if flag2 > 0 then    -- если  есть куда\r\n        tiles[tnum].editButton({\r\n          index          = flag2,\r\n          label          = '✔',\r\n          color          = users[color]['rgb'],\r\n          font_color     = {\r\n            users[color]['rgb'][1]*0.75,\r\n            users[color]['rgb'][2]*0.75,\r\n            users[color]['rgb'][3]*0.75\r\n          }\r\n        })\r\n        users[color].tile = tnum\r\n        users[color].btn = flag2\r\n      end\r\n    end\r\n\r\n    -- В этой половине проверка количества флажков\r\n    local _tmc = 'btmc'\r\n    if gstat.teamturn == 'red' then\r\n      _tmc = 'rtmc'\r\n    end\r\n    local flag1 = 0\r\n    flag2 = 0\r\n    tmp_btns = obj.getButtons()\r\n    for i = 6, 2, -1 do\r\n      if tmp_btns[i].label == '✔' then\r\n        flag1 = flag1 + 1\r\n      end\r\n    end\r\n    if gstat.sel_tile > 0 then\r\n      tmp_btns = tiles[gstat.sel_tile].getButtons()\r\n      for i = 6, 2, -1 do\r\n        if tmp_btns[i].label == '✔' then\r\n          flag2 = flag2 + 1\r\n        end\r\n      end\r\n    end\r\n\r\n    if flag1 > math.floor(gstat[_tmc]/2) then\r\n      if gstat.timer_c <= 0 or (gstat.sel_tile > 0 and gstat.sel_tile ~= tnum ) then\r\n        if gstat.sel_tile > 0 then\r\n          tiles[gstat.sel_tile].UI.setAttribute('pb_tile_timer', 'active', 'false')\r\n          tiles[gstat.sel_tile].UI.setAttribute('pb_tile_timer', 'percentage', '0')\r\n        end\r\n        gstat.timer_c = preset.timer_c;\r\n        gstat.sel_tile = tnum\r\n        tiles[tnum].UI.setAttribute('pb_tile_timer', 'active', 'true')\r\n        tiles[tnum].UI.setAttribute('pb_tile_timer', 'percentage', '0')\r\n      end\r\n    elseif flag2 <= math.floor(gstat[_tmc]/2) and gstat.sel_tile > 0 then\r\n      tiles[gstat.sel_tile].UI.setAttribute('pb_tile_timer', 'active', 'false')\r\n      tiles[gstat.sel_tile].UI.setAttribute('pb_tile_timer', 'percentage', '0')\r\n      gstat.sel_tile = 0\r\n      gstat.timer_c = -1\r\n    elseif flag2 > math.floor(gstat[_tmc]/2) then\r\n      -- Делать ничего\r\n    else\r\n      tiles[tnum].UI.setAttribute('pb_tile_timer', 'active', 'false')\r\n      tiles[tnum].UI.setAttribute('pb_tile_timer', 'percentage', '0')\r\n      gstat.sel_tile = 0\r\n      gstat.timer_c = -1\r\n    end\r\n  end\r\nend\r\n\r\n\r\nfunction join_cap(player, value, id)\r\n  if player.color ~= 'Grey' and player.color ~= 'Black' and users[player.color]['team'] == '' then\r\n    local team = 'blue'\r\n    if id == 'red_cap_btn' then\r\n      team = 'red'\r\n    end\r\n    local pconf_active = self.UI.getAttribute('pconfig', 'active')\r\n    local pmenu_active = self.UI.getAttribute('pmenu', 'active')\r\n    local cap_col = player.color\r\n    for key in pairs(users) do\r\n      if users[key].role == 'captain' then\r\n        cap_col = cap_col .. '|' .. key\r\n      end\r\n    end\r\n    for i = 1, 25 do\r\n      tiles[i].UI.setAttribute('agicon', 'visibility', cap_col)\r\n    end\r\n    self.UI.setAttribute('pmenu', 'visibility', cap_col)\r\n    self.UI.setAttribute('pmenu', 'active', pmenu_active)\r\n    self.UI.setAttribute('show_settings_btn', 'visibility', cap_col)\r\n    self.UI.setAttribute('show_settings_btn', 'active', 'true')\r\n    self.UI.setAttribute('show_settings_btn', 'textColor', '#A0A0A0')\r\n    self.UI.setAttribute('pconfig', 'visibility', cap_col)\r\n    self.UI.setAttribute('pconfig', 'active', pconf_active)\r\n    users[player.color]['team'] = team\r\n    users[player.color]['role'] = 'captain'\r\n    self.UI.setAttributes( team .. '_cap_btn', {\r\n      text = player.steam_name,\r\n      interactable = 'false',\r\n      raycastTarget = 'false',\r\n      textColor = player.color,\r\n    })\r\n    self.UI.setAttributes( team .. '_cap_leave_btn', {\r\n      textColor = player.color,\r\n      visibility = player.color,\r\n      active = 'true'\r\n    })\r\n    self.UI.setAttributes( team .. '_join1_btn', {\r\n      interactable = 'true',\r\n      raycastTarget = 'true',\r\n      textcolor = '#A0A0A0',\r\n      text = '+',\r\n    })\r\n  end\r\nend\r\n\r\nfunction leave_cap(player, value, id)\r\n  local team = users[player.color].team\r\n  local _tmc = 'btmc'\r\n  if team == 'red' then\r\n    _tmc = 'rtmc'\r\n  end\r\n  gstat[_tmc] = 0\r\n  for key in pairs(users) do\r\n    if users[key]['team'] == team then\r\n      users[key]['team'] = ''\r\n      users[key]['role'] = ''\r\n    end\r\n  end\r\n  local cap_col = self.UI.getAttribute('pmenu', 'visibility')\r\n  cap_col = string.gsub(cap_col, player.color .. '|', '')\r\n  cap_col = string.gsub(cap_col, '|' .. player.color, '')\r\n  cap_col = string.gsub(cap_col, player.color, '')\r\n  for i = 1, 25 do\r\n    tiles[i].UI.setAttribute('agicon', 'visibility', cap_col)\r\n  end\r\n  local pconf_active = self.UI.getAttribute('pconfig', 'active')\r\n  local pmenu_active = self.UI.getAttribute('pmenu', 'active')\r\n  if cap_col == '' then\r\n    self.UI.setAttribute('pmenu', 'visibility', all_col)\r\n    self.UI.setAttribute('pmenu', 'active', 'true')\r\n    self.UI.setAttribute('show_settings_btn', 'visibility', all_col)\r\n    self.UI.setAttribute('show_settings_btn', 'active', 'true')\r\n    self.UI.setAttribute('show_settings_btn', 'textColor', '#A0A0A0')\r\n    self.UI.setAttribute('pconfig', 'visibility', all_col)\r\n    self.UI.setAttribute('pconfig', 'active', 'false')\r\n  else\r\n    self.UI.setAttribute('pmenu', 'visibility', cap_col)\r\n    self.UI.setAttribute('pmenu', 'active', pmenu_active)\r\n    self.UI.setAttribute('show_settings_btn', 'visibility', cap_col)\r\n    self.UI.setAttribute('show_settings_btn', 'active', 'true')\r\n    self.UI.setAttribute('show_settings_btn', 'textColor', '#A0A0A0')\r\n    self.UI.setAttribute('pconfig', 'visibility', cap_col)\r\n    self.UI.setAttribute('pconfig', 'active', pconf_active)\r\n  end\r\n  self.UI.setAttributes(team .. '_cap_btn', {\r\n    interactable = 'true',\r\n    raycastTarget = 'true',\r\n    text = 'Captain here',\r\n    textColor = '#A0A0A0',\r\n  })\r\n  self.UI.setAttributes(team .. '_cap_leave_btn', {\r\n    textColor = '#A0A0A0',\r\n    active = 'false'\r\n  })\r\n  for i = 1, 5 do\r\n    self.UI.setAttributes(team .. '_join' .. i .. '_btn', {\r\n      interactable = 'false',\r\n      raycastTarget = 'false',\r\n      textcolor = '#A0A0A0',\r\n      text = '',\r\n    })\r\n    self.UI.setAttributes(team .. '_leave' .. i .. '_btn', {\r\n      active = 'false',\r\n      textColor = '#A0A0A0',\r\n      visibility = '',\r\n    })\r\n  end\r\nend\r\n\r\nfunction join_member(player, value, id)\r\n  if player.color ~= 'Grey' and player.color ~= 'Black' and users[player.color]['team'] == '' then\r\n    local team = 'blue'\r\n    local _tmc = 'btmc'\r\n    if string.len(id) == 13 then\r\n      team = 'red'\r\n      _tmc = 'rtmc'\r\n    end\r\n    gstat[_tmc] = gstat[_tmc] + 1\r\n    users[player.color]['team'] = team\r\n    users[player.color]['role'] = 'member'\r\n    self.UI.setAttributes(team .. '_join' .. gstat[_tmc] .. '_btn', {\r\n      textColor = player.color,\r\n      text = player.steam_name,\r\n      interactable = 'false',\r\n      raycastTarget = 'false',\r\n    })\r\n    self.UI.setAttributes(team .. '_leave' .. gstat[_tmc] .. '_btn', {\r\n      active = 'true',\r\n      textColor = player.color,\r\n      visibility = player.color,\r\n    })\r\n    if gstat[_tmc] < 5 then\r\n      self.UI.setAttributes(team .. '_join' .. gstat[_tmc] + 1 .. '_btn', {\r\n        interactable = 'true',\r\n        raycastTarget = 'true',\r\n        textcolor = '#A0A0A0',\r\n        text = '+',\r\n      })\r\n    end\r\n  end\r\nend\r\n\r\nfunction leave_member(player, value, id)\r\n  local team = 'blue'\r\n  local _tmc = 'btmc'\r\n  local pos = self.UI.getAttribute(id, 'value')\r\n  if string.sub(id, 1, 3) == 'red' then\r\n    team = 'red'\r\n    _tmc = 'rtmc'\r\n  end\r\n  gstat[_tmc] = gstat[_tmc] - 1\r\n  users[player.color]['team'] = ''\r\n  users[player.color]['role'] = ''\r\n  local tatr = {}\r\n  for i = pos, 4 do\r\n    tatr = self.UI.getAttributes(team .. '_join' .. i + 1 .. '_btn')\r\n    self.UI.setAttributes(team .. '_join' .. i .. '_btn', {\r\n      textColor = tatr.textColor,\r\n      text = tatr.text,\r\n      interactable = tatr.interactable,\r\n      raycastTarget = tatr.raycastTarget,\r\n    })\r\n    tatr = self.UI.getAttributes(team .. '_leave' .. i + 1 .. '_btn')\r\n    self.UI.setAttributes(team .. '_leave' .. i .. '_btn', {\r\n      active = tatr.active,\r\n      textColor = tatr.textColor,\r\n      visibility = tatr.visibility,\r\n    })\r\n  end\r\n  if gstat[_tmc] == 4 then\r\n    self.UI.setAttributes(team .. '_join5_btn', {\r\n      textColor = '#A0A0A0',\r\n      text = '+',\r\n      interactable = 'true',\r\n      raycastTarget = 'true',\r\n    })\r\n  else\r\n    self.UI.setAttributes(team ..'_join5_btn', {\r\n      textColor = '#A0A0A0',\r\n      text = '',\r\n      interactable = 'false',\r\n      raycastTarget = 'false',\r\n    })\r\n  end\r\n  self.UI.setAttributes(team .. '_leave5_btn', {\r\n    active = 'false',\r\n    textColor = '#A0A0A0',\r\n    visibility = '',\r\n  })\r\n  if users[player.color]['tile'] > 0 then\r\n    -- Убрать флажок с тайла\r\n    tiles[users[player.color]['tile']].editButton({\r\n      index          = users[player.color].btn,\r\n      label          = '',\r\n      color          = {254/255,201/255,147/255},\r\n      font_color     = {0.25,0.25,0.25},\r\n    })\r\n    users[player.color].tile = 0\r\n    users[player.color].btn = 0\r\n  end\r\nend\r\n\r\n\r\nfunction cap_sendmsg(player, value, id)\r\n  if string.len(value) > 4 and\r\n   users[player.color].role == 'captain' and\r\n   users[player.color].team == gstat.teamturn and gstat.cap_thinks then\r\n    print(player.steam_name .. ': ' .. value)\r\n    value = self.UI.getAttribute(gstat.teamturn .. '_log_if', 'text') .. '\\n' .. value\r\n    self.UI.setAttribute(gstat.teamturn .. '_log_if', 'text', value)\r\n    self.UI.setAttribute(gstat.teamturn .. '_cap_if', 'text', '')\r\n    self.UI.setAttribute(gstat.teamturn .. '_cap_if', 'readonly', 'true')\r\n    if gstat.teamturn == 'red' then\r\n      timer_obj.setPosition({-34.50, 0.95, 13.50})\r\n    else\r\n      timer_obj.setPosition({ 34.50, 0.95, 13.50})\r\n    end\r\n    self.UI.setAttribute(gstat.teamturn .. '_phase_btn', 'text', 'team decide')\r\n    gstat.cap_thinks = false\r\n    gstat.timer_b = preset.timer_b\r\n    gstat.timer_a = -1\r\n  end\r\nend\r\nfunction onChat(message, player)\r\n  if users[player.color].role == 'captain' and\r\n     users[player.color].team == gstat.teamturn and gstat.cap_thinks then\r\n    message = self.UI.getAttribute(gstat.teamturn .. '_log_if', 'text') .. '\\n' .. message\r\n    self.UI.setAttribute(gstat.teamturn .. '_log_if', 'text', message)\r\n    self.UI.setAttribute(gstat.teamturn .. '_cap_if', 'readonly', 'true')\r\n    if gstat.teamturn == 'red' then\r\n      timer_obj.setPosition({-34.50, 0.95, 13.50})\r\n    else\r\n      timer_obj.setPosition({ 34.50, 0.95, 13.50})\r\n    end\r\n    self.UI.setAttribute(gstat.teamturn .. '_phase_btn', 'text', 'team decide')\r\n    gstat.cap_thinks = false\r\n    gstat.timer_b = preset.timer_b\r\n    gstat.timer_a = -1\r\n  end\r\nend\r\n\r\nfunction skip_phase(player, value, id)\r\n  if users[player.color].role == 'captain' and\r\n     users[player.color].team == gstat.teamturn then\r\n    if gstat.cap_thinks then\r\n      gstat.timer_a = preset.timer_tick / 2\r\n    else\r\n      gstat.timer_b = preset.timer_tick / 2\r\n    end\r\n  end\r\nend\r\n\r\n\r\nfunction timer_a()\r\n  --end_cap_turn()\r\n  self.UI.setAttribute(gstat.teamturn .. '_cap_if', 'readonly', 'true')\r\n  self.UI.setAttribute(gstat.teamturn .. '_phase_btn', 'text', 'team decide')\r\n  gstat.cap_thinks = false\r\n  gstat.timer_b = preset.timer_b\r\n  gstat.timer_a = -1\r\nend\r\n\r\nfunction timer_b()\r\n  --end_team_turn\r\n  gstat.sel_tile = 0\r\n  for key in pairs(users) do\r\n    if users[key].tile > 0 then\r\n      tiles[users[key].tile].editButton({\r\n        index          = users[key].btn,\r\n        label          = '',\r\n        color          = {254/255,201/255,147/255},\r\n        font_color     = {0.25,0.25,0.25},\r\n      })\r\n      users[key].tile = 0\r\n      users[key].btn = 0\r\n    end\r\n  end\r\n  self.UI.setAttribute(gstat.teamturn .. '_phase_btn', 'text', '')\r\n  if gstat.teamturn == 'blue' then\r\n    gstat.teamturn = 'red'\r\n    self.UI.setAttribute('red_cap_if', 'readonly', 'false')\r\n    self.UI.setAttribute('blue_cap_if', 'readonly', 'true')\r\n    timer_obj.setPosition({-34.50, 0.95, 13.50})\r\n  else\r\n    gstat.teamturn = 'blue'\r\n    self.UI.setAttribute('red_cap_if', 'readonly', 'true')\r\n    self.UI.setAttribute('blue_cap_if', 'readonly', 'false')\r\n    timer_obj.setPosition({ 34.50, 0.95, 13.50})\r\n  end\r\n  self.UI.setAttribute(gstat.teamturn .. '_phase_btn', 'text', 'captain thinks')\r\n  gstat.cap_thinks = true\r\n  gstat.timer_b = -1\r\n  gstat.timer_a = preset.timer_a\r\nend\r\n\r\nfunction timer_c()\r\n  tiles[gstat.sel_tile].UI.setAttribute('pb_tile_timer', 'active', 'false')\r\n  tiles[gstat.sel_tile].UI.setAttribute('agicon', 'visibility', all_col)\r\n  for key in pairs(users) do\r\n    if users[key].tile == gstat.sel_tile then\r\n      tiles[users[key].tile].editButton({\r\n        index          = users[key].btn,\r\n        label          = '',\r\n        color          = {254/255,201/255,147/255},\r\n        font_color     = {0.25,0.25,0.25},\r\n      })\r\n      users[key].tile = 0\r\n      users[key].btn = 0\r\n    end\r\n  end\r\n  tiles[gstat.sel_tile].editButton( {index = 0, click_function = 'empty_func' } )\r\n\r\n  if tile_types[gstat.sel_tile] == 'red' then\r\n    gstat.rac = gstat.rac - 1\r\n    self.UI.setAttribute('red_wordcount_btn', 'text', gstat.rac)\r\n    if gstat.teamturn == 'red' and gstat.timer_b > 0 then\r\n      gstat.timer_b = gstat.timer_b + preset.timer_c * 2.5\r\n    end\r\n  elseif tile_types[gstat.sel_tile] == 'blue' then\r\n    gstat.bac = gstat.bac - 1\r\n    self.UI.setAttribute('blue_wordcount_btn', 'text', gstat.bac)\r\n    if gstat.teamturn == 'bkue' and gstat.timer_b > 0 then\r\n      gstat.timer_b = gstat.timer_b + preset.timer_c * 2.5\r\n    end\r\n  end\r\n\r\n  if gstat.rac == 0 or gstat.bac == 0 then\r\n    -- end game (Points)\r\n    gstat.timer_b = -1\r\n    gstat.cap_thinks = true\r\n    for key in pairs(users) do\r\n      if users[key].tile > 0 then\r\n        tiles[users[key].tile].editButton({\r\n          index          = users[key].btn,\r\n          label          = '',\r\n          color          = {254/255,201/255,147/255},\r\n          font_color     = {0.25,0.25,0.25},\r\n        })\r\n        users[key].tile = 0\r\n        users[key].btn = 0\r\n      end\r\n    end\r\n    for i = 1, 25 do\r\n       tiles[i].UI.setAttribute('agicon', 'visibility', all_col)\r\n    end\r\n    self.UI.getAttribute('blue_log_if', 'text', '')\r\n    self.UI.getAttribute('red_log_if', 'text', '')\r\n    self.UI.getAttribute('blue_wordcount_btn', 'text', '')\r\n    self.UI.getAttribute('red_wordcount_btn', 'text', '')\r\n    math.randomseed(os.clock()/2)\r\n    local tmp_char = '♚'\r\n    if math.random(10) > 5 then tmp_char = '♛' end\r\n    if gstat.bac < gstat.rac then\r\n      self.UI.setAttribute('blue_wordcount_btn', 'textcolor', '#FFD700CC')\r\n      self.UI.setAttribute('blue_wordcount_btn', 'text', tmp_char)\r\n    else\r\n      self.UI.setAttribute('red_wordcount_btn', 'textcolor', '#FFD700CC')\r\n      self.UI.setAttribute('red_wordcount_btn', 'text', tmp_char)\r\n    end\r\n    self.UI.setAttribute('red_phase_btn', 'text', '')\r\n    self.UI.setAttribute('blue_phase_btn', 'text', '')\r\n    -- /end game (Points)\r\n  end\r\n\r\n  if (tile_types[gstat.sel_tile] ~= gstat.teamturn or tile_types[gstat.sel_tile] == 'civilian') and\r\n     (gstat.rac > 0 and gstat.bac > 0 ) then\r\n    if tile_types[gstat.sel_tile] == 'killer' then\r\n      -- end game (Killer)\r\n      gstat.timer_b = -1\r\n      gstat.cap_thinks = true\r\n      timer_obj.Counter.setValue(0)\r\n      for key in pairs(users) do\r\n        if users[key].tile > 0 then\r\n          tiles[users[key].tile].editButton({\r\n            index          = users[key].btn,\r\n            label          = '',\r\n            color          = {254/255,201/255,147/255},\r\n            font_color     = {0.25,0.25,0.25},\r\n          })\r\n          users[key].tile = 0\r\n          users[key].btn = 0\r\n        end\r\n      end\r\n      for i = 1, 25 do\r\n         tiles[i].UI.setAttribute('agicon', 'visibility', all_col)\r\n      end\r\n      self.UI.getAttribute('blue_log_if', 'text', '')\r\n      self.UI.getAttribute('red_log_if', 'text', '')\r\n      self.UI.getAttribute('blue_wordcount_btn', 'text', '')\r\n      self.UI.getAttribute('red_wordcount_btn', 'text', '')\r\n      math.randomseed(os.clock()/2)\r\n      local tmp_char = '♚'\r\n      if math.random(10) > 5 then tmp_char = '♛' end\r\n      if gstat.teamturn == 'red' then\r\n        self.UI.setAttribute('blue_wordcount_btn', 'textcolor', '#FFD700CC')\r\n        self.UI.setAttribute('blue_wordcount_btn', 'text', tmp_char)\r\n      else\r\n        self.UI.setAttribute('red_wordcount_btn', 'textcolor', '#FFD700CC')\r\n        self.UI.setAttribute('red_wordcount_btn', 'text', tmp_char)\r\n      end\r\n      self.UI.setAttribute('red_phase_btn', 'text', '')\r\n      self.UI.setAttribute('blue_phase_btn', 'text', '')\r\n      -- end game (Killer)\r\n    else\r\n      -- next turn\r\n      timer_b()\r\n    end\r\n  end\r\n  gstat.sel_tile = 0\r\nend\r\n\r\nfunction tick_timer()\r\n  if gstat.timer_a > 0 then\r\n    gstat.timer_a = gstat.timer_a - preset.timer_tick\r\n    timer_obj.Counter.setValue(gstat.timer_a)\r\n    if gstat.timer_a <= 0 and gstat.timer_b == -1 then\r\n      gstat.timer_a = -1\r\n      timer_a()\r\n    end\r\n  end\r\n  if gstat.timer_b > 0 then\r\n    gstat.timer_b = gstat.timer_b - preset.timer_tick\r\n    timer_obj.Counter.setValue(gstat.timer_b)\r\n    if gstat.timer_b <= 0 and gstat.timer_c == -1 then\r\n      gstat.timer_b = -1\r\n      timer_b()\r\n    end\r\n  end\r\n  if gstat.timer_c >= 0 then\r\n    gstat.timer_c = gstat.timer_c - preset.timer_tick\r\n    tiles[gstat.sel_tile].UI.setAttribute('pb_tile_timer', 'percentage',\r\n                              100 - gstat.timer_c * (100/preset.timer_c) )\r\n    if gstat.timer_c <= 0 then\r\n      gstat.timer_c = -1\r\n      timer_c()\r\n    end\r\n  end\r\nend\r\n\r\n\r\n\r\nfunction show_settings(player, value, id)\r\n  local src\r\n  if preset.request_type == 1 then\r\n    src = \"[RUS] free-generator.ru\"\r\n  elseif preset.request_type == 2 then\r\n    src = \"[RUS] sanstv.ru\"\r\n  elseif preset.request_type == 3 then\r\n    src = \"[ENG] sanstv.ru\"\r\n  end\r\n  self.UI.setAttribute('if_setgen', 'text', src)\r\n  self.UI.setAttribute('timera_tgl', 'Value', preset.timer_a)\r\n  self.UI.setAttribute('if_settimera', 'text', preset.timer_a)\r\n  self.UI.setAttribute('timerb_tgl', 'Value', preset.timer_b)\r\n  self.UI.setAttribute('if_settimerb', 'text', preset.timer_b)\r\n  self.UI.setAttribute('timerc_tgl', 'Value', preset.timer_c)\r\n  self.UI.setAttribute('if_settimerc', 'text', preset.timer_c)\r\n  self.UI.setAttribute('setgen_tgl', 'Value', preset.request_type)\r\n  self.UI.setAttribute('pmenu', 'active', 'false')\r\n  self.UI.setAttribute('pconfig', 'active', 'true')\r\nend\r\n\r\nfunction hide_settings(player, value, id)\r\n  self.UI.setAttribute('pmenu', 'active', 'true')\r\n  self.UI.setAttribute('pconfig', 'active', 'false')\r\nend\r\n\r\nfunction set_timera(player, value, id)\r\n  if id == 'timera_tgl' then\r\n    self.UI.setAttribute('if_settimera', 'text', value)\r\n  else\r\n    if tonumber(value) < 30 then\r\n      value = 30\r\n      self.UI.setAttribute('if_settimera', 'text', value)\r\n    end\r\n    if tonumber(value) > 120 then\r\n      value = 120\r\n      self.UI.setAttribute('if_settimera', 'text', value)\r\n    end\r\n    self.UI.setAttribute('timera_tgl', 'Value', value)\r\n  end\r\n  preset.timer_a = tonumber(value)\r\nend\r\n\r\nfunction set_timerb(player, value, id)\r\n  if id == 'timerb_tgl' then\r\n    self.UI.setAttribute('if_settimerb', 'text', value)\r\n  else\r\n    if tonumber(value) < 30 then\r\n      value = 30\r\n      self.UI.setAttribute('if_settimerb', 'text', value)\r\n    end\r\n    if tonumber(value) > 120 then\r\n      value = 120\r\n      self.UI.setAttribute('if_settimerb', 'text', value)\r\n    end\r\n    self.UI.setAttribute('timerb_tgl', 'Value', value)\r\n  end\r\n  preset.timer_b = tonumber(value)\r\nend\r\n\r\nfunction set_timerc(player, value, id)\r\n  if id == 'timerc_tgl' then\r\n    self.UI.setAttribute('if_settimerc', 'text', value)\r\n  else\r\n    if tonumber(value) < 1 then\r\n      value = 1\r\n      self.UI.setAttribute('if_settimerc', 'text', value)\r\n    end\r\n    if tonumber(value) > 5 then\r\n      value = 5\r\n      self.UI.setAttribute('if_settimerc', 'text', value)\r\n    end\r\n    self.UI.setAttribute('timerc_tgl', 'Value', value)\r\n  end\r\n  preset.timer_c = tonumber(value)\r\nend\r\n\r\nfunction set_generator(player, value, id)\r\n  local src\r\n  if value == '1' then\r\n    src = \"[RUS] free-generator.ru\"\r\n  elseif value == '2' then\r\n    src = \"[RUS] sanstv.ru\"\r\n  elseif value == '3' then\r\n    src = \"[ENG] sanstv.ru\"\r\n  end\r\n  self.UI.setAttribute('if_setgen', 'text', src)\r\n  preset.request_type = tonumber(value)\r\nend\r\n\r\n\r\n\r\n\r\n\r\n\r\n\r\n\r\n--s",
      "LuaScriptState": "",
      "XmlUI": "<Defaults>\r\n  <Button textColor='#A0A0A0' text='' rotation='0 0 180' width='400'/>\r\n  <Button class='join' interactable='false' raycastTarget='false'\r\n    height='75'  onClick='join_member' fontsize='50'\r\n  />\r\n  <Button class='leave' active='false' interactable='true' raycastTarget='true'\r\n    width='35' height='32' onClick='leave_member' fontsize='24' text='➦'\r\n  />\r\n</Defaults>\r\n\r\n\r\n\r\n\r\n<Panel id='pmenu' active='true' width='1200' height='350' color='#222222CC' position='0 1110 3' rotation='0 0 180' visibility=''>\r\n  <Button\r\n    id='game_btn'\r\n    active='true'\r\n    interactable='true'\r\n    raycastTarget='true'\r\n    width='400'\r\n    height='140'\r\n    fontsize='50'\r\n    position='0 0 0'\r\n    rotation='0 0 0'\r\n    color='#444444'\r\n    text='Spawn Tiles'\r\n    textColor='#A0A0A0'\r\n    onClick='spawn_tiles'\r\n  />\r\n  <ProgressBar\r\n    id='pb_generat'\r\n    active='false'\r\n    image='bar_bckgrnd'\r\n    fillImage='bar_img'\r\n    width='800'\r\n    height='50'\r\n    position='0 120 0'\r\n    percentageTextFormat='00'\r\n    textColor='#FFFFFF'\r\n    fontsize='32'\r\n    textOutline='#333333'\r\n    textShadow='#000000CC'\r\n  />\r\n  <Button\r\n    id='show_settings_btn'\r\n    interactable='true'\r\n    raycastTarget='true'\r\n    width='50'\r\n    height='60'\r\n    fontsize='36'\r\n    position='570 135 0'\r\n    rotation='0 0 0'\r\n    color='#444444'\r\n    textcolor='#A0A0A0'\r\n    text='☀'\r\n    onClick='show_settings'\r\n  />\r\n</Panel>\r\n\r\n<Panel id='pconfig' visibility='' active='false' width='1200' height='350' color='#222222CC' position='0 1110 3' rotation='0 0 180'>\r\n  <text\r\n    width='400'\r\n    height='20'\r\n    position='-250 130 0'\r\n    fontsize='18'\r\n    color='#A0A0A0'\r\n    text='captain think timer'\r\n  />\r\n  <Slider\r\n    id='timera_tgl'\r\n    minValue=\"30\"\r\n    maxValue=\"120\"\r\n    value=\"60\"\r\n    wholeNumbers='true'\r\n    width='400'\r\n    height='30'\r\n    position='-250 100 0'\r\n    onValueChanged='set_timera'\r\n  />\r\n  <InputField\r\n    id='if_settimera'\r\n    width='50'\r\n    height='30'\r\n    position='-20 100 0'\r\n    text='60'\r\n    characterValidation='integer'\r\n    onEndEdit='set_timera'\r\n  />\r\n  <text\r\n    width='400'\r\n    height='20'\r\n    position='-250 30 0'\r\n    fontsize='18'\r\n    color='#A0A0A0'\r\n    text='team turn timer'\r\n  />\r\n  <Slider\r\n    id='timerb_tgl'\r\n    minValue=\"30\"\r\n    maxValue=\"120\"\r\n    value=\"60\"\r\n    wholeNumbers='true'\r\n    width='400'\r\n    height='30'\r\n    position='-250 0 0'\r\n    onValueChanged='set_timerb'\r\n  />\r\n  <InputField\r\n    id='if_settimerb'\r\n    width='50'\r\n    height='30'\r\n    position='-20 0 0'\r\n    text='60'\r\n    characterValidation='integer'\r\n    onEndEdit='set_timerb'\r\n  />\r\n  <text\r\n    width='400'\r\n    height='20'\r\n    position='-250 -70 0'\r\n    fontsize='18'\r\n    color='#A0A0A0'\r\n    text='disclose agent timer'\r\n  />\r\n  <Slider\r\n    id='timerc_tgl'\r\n    minValue=\"1\"\r\n    maxValue=\"5\"\r\n    value=\"2\"\r\n    width='400'\r\n    height='30'\r\n    position='-250 -100 0'\r\n    onValueChanged='set_timerc'\r\n  />\r\n  <InputField\r\n    id='if_settimerc'\r\n    width='50'\r\n    height='30'\r\n    position='-20 -100 0'\r\n    text='2'\r\n    characterValidation='Decimal'\r\n    onEndEdit='set_timerc'\r\n  />\r\n  <text\r\n    width='250'\r\n    height='20'\r\n    position='200 -40 0'\r\n    fontsize='18'\r\n    color='#A0A0A0'\r\n    text='word generator source'\r\n  />\r\n  <Slider\r\n    id='setgen_tgl'\r\n    minValue=\"1\"\r\n    maxValue=\"3\"\r\n    value=\"1\"\r\n    wholeNumbers='true'\r\n    width='250'\r\n    height='30'\r\n    position='200 -65 0'\r\n    onValueChanged='set_generator'\r\n  />\r\n  <InputField\r\n    id='if_setgen'\r\n    readOnly='true'\r\n    width='250'\r\n    height='30'\r\n    position='200 -100 0'\r\n    text='[RUS] free-generator.ru'\r\n  />\r\n  <Button\r\n    id='hide_settings_btn'\r\n    interactable='true'\r\n    raycastTarget='true'\r\n    width='75'\r\n    height='90'\r\n    fontsize='36'\r\n    position='555 115 0'\r\n    rotation='0 0 0'\r\n    color='#444444'\r\n    textcolor='#FFFFFF'\r\n    text='☀'\r\n    onClick='hide_settings'\r\n  />\r\n</Panel>\r\n\r\n\r\n\r\n\r\n\r\n<Panel id='red_panel' active='false' width='410' height='1750' color='#222222CC' position='1130 0 0'>\r\n  <Button\r\n    id='red_phase_btn'\r\n    interactable='false'\r\n    raycastTarget='false'\r\n    height='60'\r\n    fontsize='40'\r\n    position='0 -475 0'\r\n    text=''\r\n    color='#331111'\r\n  />\r\n  <Button\r\n    id='red_cap_btn'\r\n    interactable='true'\r\n    raycastTarget='true'\r\n    height='80'\r\n    fontsize='50'\r\n    position='0 -350 0'\r\n    text='Сaptain here'\r\n    color='#331111'\r\n    onClick='join_cap'\r\n  />\r\n  <Button id='red_cap_leave_btn' class='leave' position='-180 -370 0' color='#111133' onClick='leave_cap'/>\r\n  <Button id='red_join1_btn' class='join' position='0 -260 0' color='#331111'/>\r\n  <Button id='red_join2_btn' class='join' position='0 -185 0' color='#331111'/>\r\n  <Button id='red_join3_btn' class='join' position='0 -110 0' color='#331111'/>\r\n  <Button id='red_join4_btn' class='join' position='0 -35 0' color='#331111'/>\r\n  <Button id='red_join5_btn' class='join' position='0 40 0' color='#331111'/>\r\n  <Button id='red_leave1_btn' class='leave' position='-180 -280 0' color='#111133' value='1'/>\r\n  <Button id='red_leave2_btn' class='leave' position='-180 -205 0' color='#111133' value='2'/>\r\n  <Button id='red_leave3_btn' class='leave' position='-180 -130 0' color='#111133' value='3'/>\r\n  <Button id='red_leave4_btn' class='leave' position='-180 -55 0' color='#111133' value='4'/>\r\n  <Button id='red_leave5_btn' class='leave' position='-180 20 0' color='#111133' value='5'/>\r\n  <InputField\r\n    id='red_log_if'\r\n    interactable='false'\r\n    readOnly='true'\r\n    lineType='MultiLineNewLine'\r\n    width='400'\r\n    height='600'\r\n    fontsize='32'\r\n    position='0 415 0'\r\n    rotation='0 0 180'\r\n    raycastTarget='false'\r\n    color='#331111'\r\n    textColor='#A0A0A0'\r\n    text=''\r\n  />\r\n  <button\r\n    id='red_wordcount_btn'\r\n    interactable='false'\r\n    raycastTarget='false'\r\n    height='600'\r\n    fontsize='400'\r\n    position='0 415 0'\r\n    color='#331111'\r\n    textColor='#CC333306'\r\n  />\r\n  <InputField\r\n    id='red_cap_if'\r\n    active='true'\r\n    readonly='true'\r\n    width='350'\r\n    height='45'\r\n    fontsize='28'\r\n    position='25 740 0'\r\n    rotation='0 0 180'\r\n    color='#331111'\r\n    textColor='#A0A0A0'\r\n    onEndEdit='cap_sendmsg'\r\n    text=''\r\n  />\r\n  <Button\r\n    id='red_enter_btn'\r\n    interactable='true'\r\n    raycastTarget='false'\r\n    width='50'\r\n    height='47'\r\n    fontsize='40'\r\n    position='-175 740 0'\r\n    text='↲'\r\n    color='#331111'\r\n  />\r\n  <Button\r\n    id='red_skip_btn'\r\n    interactable='true'\r\n    raycastTarget='true'\r\n    width='200'\r\n    height='40'\r\n    fontsize='28'\r\n    position='0 850 0'\r\n    text='skip phase'\r\n    color='#331111'\r\n    onClick='skip_phase'\r\n  />\r\n</Panel>\r\n\r\n\r\n<Panel id='blue_panel' active='false' width='410' height='1750' color='#222222CC' position='-1130 0 0'>\r\n  <Button\r\n    id='blue_phase_btn'\r\n    interactable='false'\r\n    raycastTarget='false'\r\n    height='60'\r\n    fontsize='40'\r\n    position='0 -475 0'\r\n    text=''\r\n    color='#111133'\r\n  />\r\n  <Button\r\n    id='blue_cap_btn'\r\n    interactable='true'\r\n    raycastTarget='true'\r\n    height='80'\r\n    fontsize='50'\r\n    position='0 -350 0'\r\n    text='Captain here'\r\n    color='#111133'\r\n    onClick='join_cap'\r\n  />\r\n  <Button id='blue_cap_leave_btn' class='leave' position='-180 -370 0' color='#331111' onClick='leave_cap' />\r\n  <Button id='blue_join1_btn' class='join' position='0 -260 0' color='#111133' />\r\n  <Button id='blue_join2_btn' class='join' position='0 -185 0' color='#111133' />\r\n  <Button id='blue_join3_btn' class='join' position='0 -110 0' color='#111133' />\r\n  <Button id='blue_join4_btn' class='join' position='0 -35 0' color='#111133' />\r\n  <Button id='blue_join5_btn' class='join' position='0 40 0' color='#111133' />\r\n  <Button id='blue_leave1_btn' class='leave' position='-180 -280 0' color='#331111' value='1' />\r\n  <Button id='blue_leave2_btn' class='leave' position='-180 -205 0' color='#331111' value='2' />\r\n  <Button id='blue_leave3_btn' class='leave' position='-180 -130 0' color='#331111' value='3' />\r\n  <Button id='blue_leave4_btn' class='leave' position='-180 -55 0' color='#331111' value='4' />\r\n  <Button id='blue_leave5_btn' class='leave' position='-180 20 0' color='#331111' value='5' />\r\n  <InputField\r\n    id='blue_log_if'\r\n    interactable='false'\r\n    raycastTarget='false'\r\n    readOnly='true'\r\n    lineType='MultiLineNewLine'\r\n    width='400'\r\n    height='600'\r\n    fontsize='32'\r\n    position='0 415 0'\r\n    rotation='0 0 180'\r\n    color='#111133'\r\n    textColor='#A0A0A0'\r\n    text=''\r\n  />\r\n  <button\r\n    id='blue_wordcount_btn'\r\n    interactable='false'\r\n    raycastTarget='false'\r\n    height='600'\r\n    position='0 415 0'\r\n    color='#111133'\r\n    fontsize='400'\r\n    textColor='#3333CC11'\r\n  />\r\n  <InputField\r\n    id='blue_cap_if'\r\n    active='true'\r\n    readonly='true'\r\n    width='350'\r\n    height='45'\r\n    fontsize='28'\r\n    position='25 740 0'\r\n    rotation='0 0 180'\r\n    color='#111133'\r\n    textColor='#A0A0A0'\r\n    onEndEdit='cap_sendmsg'\r\n    text=''\r\n  />\r\n  <Button\r\n    id='blue_enter_btn'\r\n    interactable='true'\r\n    raycastTarget='false'\r\n    width='50'\r\n    height='47'\r\n    position='-175 740 0'\r\n    color='#111133'\r\n    fontsize='40'\r\n    textColor='#A0A0A0'\r\n    text='↲'\r\n  />\r\n  <Button\r\n    id='blue_skip_btn'\r\n    interactable='true'\r\n    raycastTarget='true'\r\n    width='200'\r\n    height='40'\r\n    fontsize='28'\r\n    position='0 850 0'\r\n    text='skip phase'\r\n    color='#111133'\r\n    onClick='skip_phase'\r\n  />\r\n</Panel>",
      "GUID": "563dc4",
      "AttachedSnapPoints": [
        {
          "Position": {
            "x": 6.681831,
            "y": 0.593691349,
            "z": -6.68473625
          },
          "Rotation": {
            "x": 8.441713E-06,
            "y": 0.000151403248,
            "z": 5.73185559E-07
          }
        },
        {
          "Position": {
            "x": 3.3423965,
            "y": 0.5936913,
            "z": -6.684001
          },
          "Rotation": {
            "x": 8.441713E-06,
            "y": 0.000151403248,
            "z": 5.73185559E-07
          }
        },
        {
          "Position": {
            "x": -3.344142,
            "y": 0.59369123,
            "z": -6.68171835
          },
          "Rotation": {
            "x": 8.441713E-06,
            "y": 0.000151403248,
            "z": 5.73185559E-07
          }
        },
        {
          "Position": {
            "x": -6.684938,
            "y": 0.5936911,
            "z": -6.683931
          },
          "Rotation": {
            "x": 8.441713E-06,
            "y": 0.000151403248,
            "z": 5.73185559E-07
          }
        },
        {
          "Position": {
            "x": 6.683538,
            "y": 0.5936912,
            "z": -3.34103465
          },
          "Rotation": {
            "x": 8.441713E-06,
            "y": 0.000151403248,
            "z": 5.73185559E-07
          }
        },
        {
          "Position": {
            "x": 3.34287453,
            "y": 0.5936911,
            "z": -3.34089017
          },
          "Rotation": {
            "x": 8.441713E-06,
            "y": 0.000151403248,
            "z": 5.73185559E-07
          }
        },
        {
          "Position": {
            "x": -0.000156384645,
            "y": 0.593691349,
            "z": -3.34013438
          },
          "Rotation": {
            "x": 8.441713E-06,
            "y": 0.000151403248,
            "z": 5.73185559E-07
          }
        },
        {
          "Position": {
            "x": -3.34389424,
            "y": 0.593691349,
            "z": -3.34086227
          },
          "Rotation": {
            "x": 8.441713E-06,
            "y": 0.000151403248,
            "z": 5.73185559E-07
          }
        },
        {
          "Position": {
            "x": -6.68686,
            "y": 0.59369123,
            "z": -3.34084654
          },
          "Rotation": {
            "x": 8.441713E-06,
            "y": 0.000151403248,
            "z": 5.73185559E-07
          }
        },
        {
          "Position": {
            "x": -0.00073749054,
            "y": 0.59369123,
            "z": -6.682208
          },
          "Rotation": {
            "x": 8.441713E-06,
            "y": 0.000151403248,
            "z": 5.73185559E-07
          }
        },
        {
          "Position": {
            "x": 6.68419,
            "y": 0.593691,
            "z": 0.00108296028
          },
          "Rotation": {
            "x": 8.441713E-06,
            "y": 0.000151403248,
            "z": 5.73185559E-07
          }
        },
        {
          "Position": {
            "x": 3.34288716,
            "y": 0.593690932,
            "z": 0.00110545452
          },
          "Rotation": {
            "x": 8.441713E-06,
            "y": 0.000151403248,
            "z": 5.73185559E-07
          }
        },
        {
          "Position": {
            "x": -0.00114592037,
            "y": 0.5936912,
            "z": 0.000756632537
          },
          "Rotation": {
            "x": 8.441713E-06,
            "y": 0.000151403248,
            "z": 5.73185559E-07
          }
        },
        {
          "Position": {
            "x": -3.34331965,
            "y": 0.5936911,
            "z": 0.00115047232
          },
          "Rotation": {
            "x": 8.441713E-06,
            "y": 0.000151403248,
            "z": 5.73185559E-07
          }
        },
        {
          "Position": {
            "x": -6.68415833,
            "y": 0.593691051,
            "z": -0.000312368473
          },
          "Rotation": {
            "x": 8.441713E-06,
            "y": 0.000151403248,
            "z": 5.73185559E-07
          }
        },
        {
          "Position": {
            "x": -6.68431425,
            "y": 0.5936909,
            "z": 3.34245563
          },
          "Rotation": {
            "x": 8.441713E-06,
            "y": 0.000151403248,
            "z": 5.73185559E-07
          }
        },
        {
          "Position": {
            "x": -3.3425827,
            "y": 0.593690932,
            "z": 3.34243679
          },
          "Rotation": {
            "x": 8.441713E-06,
            "y": 0.000151403248,
            "z": 5.73185559E-07
          }
        },
        {
          "Position": {
            "x": -0.000155640213,
            "y": 0.593691,
            "z": 3.34204578
          },
          "Rotation": {
            "x": 8.441713E-06,
            "y": 0.000151403248,
            "z": 5.73185559E-07
          }
        },
        {
          "Position": {
            "x": 3.34289765,
            "y": 0.593691,
            "z": 3.34276724
          },
          "Rotation": {
            "x": 8.441713E-06,
            "y": 0.000151403248,
            "z": 5.73185559E-07
          }
        },
        {
          "Position": {
            "x": 6.68368864,
            "y": 0.5936911,
            "z": 3.34237576
          },
          "Rotation": {
            "x": 8.441713E-06,
            "y": 0.000151403248,
            "z": 5.73185559E-07
          }
        },
        {
          "Position": {
            "x": 6.683911,
            "y": 0.593690932,
            "z": 6.684838
          },
          "Rotation": {
            "x": 8.441713E-06,
            "y": 0.000151403248,
            "z": 5.73185559E-07
          }
        },
        {
          "Position": {
            "x": 3.342639,
            "y": 0.5936908,
            "z": 6.68559361
          },
          "Rotation": {
            "x": 8.441713E-06,
            "y": 0.000151403248,
            "z": 5.73185559E-07
          }
        },
        {
          "Position": {
            "x": -7.91164639E-05,
            "y": 0.5936911,
            "z": 6.685607
          },
          "Rotation": {
            "x": 8.441713E-06,
            "y": 0.000151403248,
            "z": 5.73185559E-07
          }
        },
        {
          "Position": {
            "x": -3.3434248,
            "y": 0.593691051,
            "z": 6.68562
          },
          "Rotation": {
            "x": 8.441713E-06,
            "y": 0.000151403248,
            "z": 5.73185559E-07
          }
        },
        {
          "Position": {
            "x": -6.685753,
            "y": 0.593691,
            "z": 6.685633
          },
          "Rotation": {
            "x": 8.441713E-06,
            "y": 0.000151403248,
            "z": 5.73185559E-07
          }
        }
      ]
    },
    {
      "Name": "Custom_Tile",
      "Transform": {
        "posX": -8.0,
        "posY": 0.9600002,
        "posZ": 21.5,
        "rotX": 2.384228E-07,
        "rotY": 180.0,
        "rotZ": -5.100947E-07,
        "scaleX": 2.547219,
        "scaleY": 1.0,
        "scaleZ": 2.547219
      },
      "Nickname": "",
      "Description": "",
      "GMNotes": "",
      "ColorDiffuse": {
        "r": 1.0,
        "g": 1.0,
        "b": 1.0
      },
      "Locked": false,
      "Grid": true,
      "Snap": true,
      "IgnoreFoW": false,
      "MeasureMovement": false,
      "DragSelectable": true,
      "Autoraise": true,
      "Sticky": true,
      "Tooltip": true,
      "GridProjection": false,
      "Hands": false,
      "CustomImage": {
        "ImageURL": "https://i.imgur.com/zbWKvfy.jpg",
        "ImageSecondaryURL": "",
        "ImageScalar": 1.0,
        "WidthScale": 0.0,
        "CustomTile": {
          "Type": 3,
          "Thickness": 0.1,
          "Stackable": false,
          "Stretch": true
        }
      },
      "LuaScript": "",
      "LuaScriptState": "",
      "XmlUI": "",
      "GUID": "7734db"
    },
    {
      "Name": "Counter",
      "Transform": {
        "posX": -34.5,
        "posY": 0.9524999,
        "posZ": 13.5,
        "rotX": 2.39079068E-08,
        "rotY": 2.14321826E-05,
        "rotZ": -1.3130209E-06,
        "scaleX": 3.5,
        "scaleY": 0.25,
        "scaleZ": 3.2
      },
      "Nickname": "",
      "Description": "",
      "GMNotes": "",
      "ColorDiffuse": {
        "r": 0.0823529139,
        "g": 0.0823529139,
        "b": 0.0823529139
      },
      "Locked": false,
      "Grid": true,
      "Snap": true,
      "IgnoreFoW": false,
      "MeasureMovement": false,
      "DragSelectable": true,
      "Autoraise": true,
      "Sticky": true,
      "Tooltip": true,
      "GridProjection": false,
      "Hands": false,
      "Counter": {
        "value": 0
      },
      "LuaScript": "",
      "LuaScriptState": "",
      "XmlUI": "",
      "GUID": "c020bd"
    },
    {
      "Name": "Custom_Tile_Stack",
      "Transform": {
        "posX": -16.0,
        "posY": 0.9100002,
        "posZ": 21.5028324,
        "rotX": -9.802057E-08,
        "rotY": 180.018677,
        "rotZ": -2.462517E-06,
        "scaleX": 2.548663,
        "scaleY": 1.0,
        "scaleZ": 2.548663
      },
      "Nickname": "",
      "Description": "",
      "GMNotes": "",
      "ColorDiffuse": {
        "r": 1.0,
        "g": 1.0,
        "b": 1.0
      },
      "Locked": false,
      "Grid": true,
      "Snap": true,
      "IgnoreFoW": false,
      "MeasureMovement": false,
      "DragSelectable": true,
      "Autoraise": true,
      "Sticky": true,
      "Tooltip": true,
      "GridProjection": false,
      "Hands": false,
      "MaterialIndex": -1,
      "MeshIndex": -1,
      "Number": 8,
      "CustomImage": {
        "ImageURL": "https://i.imgur.com/9BRNOvv.jpg",
        "ImageSecondaryURL": "https://i.imgur.com/6sAHIrT.jpg",
        "ImageScalar": 1.0,
        "WidthScale": 0.0,
        "CustomTile": {
          "Type": 3,
          "Thickness": 0.1,
          "Stackable": true,
          "Stretch": true
        }
      },
      "LuaScript": "",
      "LuaScriptState": "",
      "XmlUI": "",
      "GUID": "4ba67a"
    },
    {
      "Name": "Custom_Tile_Stack",
      "Transform": {
        "posX": -1.16244792E-10,
        "posY": 0.910000145,
        "posZ": 21.500391,
        "rotX": 1.2134187E-07,
        "rotY": 179.999329,
        "rotZ": -1.47919735E-07,
        "scaleX": 2.547219,
        "scaleY": 1.0,
        "scaleZ": 2.547219
      },
      "Nickname": "",
      "Description": "",
      "GMNotes": "",
      "ColorDiffuse": {
        "r": 1.0,
        "g": 1.0,
        "b": 1.0
      },
      "Locked": false,
      "Grid": true,
      "Snap": true,
      "IgnoreFoW": false,
      "MeasureMovement": false,
      "DragSelectable": true,
      "Autoraise": true,
      "Sticky": true,
      "Tooltip": true,
      "GridProjection": false,
      "Hands": false,
      "MaterialIndex": -1,
      "MeshIndex": -1,
      "Number": 7,
      "CustomImage": {
        "ImageURL": "https://i.imgur.com/1KjErFZ.jpg",
        "ImageSecondaryURL": "https://i.imgur.com/w6RLBPy.jpg",
        "ImageScalar": 1.0,
        "WidthScale": 0.0,
        "CustomTile": {
          "Type": 3,
          "Thickness": 0.1,
          "Stackable": true,
          "Stretch": true
        }
      },
      "LuaScript": "",
      "LuaScriptState": "",
      "XmlUI": "",
      "GUID": "d4c2df"
    },
    {
      "Name": "Custom_Tile_Stack",
      "Transform": {
        "posX": 16.0,
        "posY": 0.9100001,
        "posZ": 21.5,
        "rotX": -1.62690037E-06,
        "rotY": 180.433044,
        "rotZ": -1.46703044E-07,
        "scaleX": 2.548663,
        "scaleY": 1.0,
        "scaleZ": 2.548663
      },
      "Nickname": "",
      "Description": "",
      "GMNotes": "",
      "ColorDiffuse": {
        "r": 1.0,
        "g": 1.0,
        "b": 1.0
      },
      "Locked": false,
      "Grid": true,
      "Snap": true,
      "IgnoreFoW": false,
      "MeasureMovement": false,
      "DragSelectable": true,
      "Autoraise": true,
      "Sticky": true,
      "Tooltip": true,
      "GridProjection": false,
      "Hands": false,
      "MaterialIndex": -1,
      "MeshIndex": -1,
      "Number": 8,
      "CustomImage": {
        "ImageURL": "https://i.imgur.com/lUsE5QO.jpg",
        "ImageSecondaryURL": "https://i.imgur.com/A7JvSht.jpg",
        "ImageScalar": 1.0,
        "WidthScale": 0.0,
        "CustomTile": {
          "Type": 3,
          "Thickness": 0.1,
          "Stackable": true,
          "Stretch": true
        }
      },
      "LuaScript": "",
      "LuaScriptState": "",
      "XmlUI": "",
      "GUID": "dd1e97"
    },
    {
      "Name": "Custom_Tile",
      "Transform": {
        "posX": 8.0,
        "posY": 1.06000018,
        "posZ": 21.5,
        "rotX": -1.87078566E-08,
        "rotY": 180.0,
        "rotZ": 180.0,
        "scaleX": 2.548663,
        "scaleY": 1.0,
        "scaleZ": 2.548663
      },
      "Nickname": "",
      "Description": "",
      "GMNotes": "",
      "ColorDiffuse": {
        "r": 1.0,
        "g": 1.0,
        "b": 1.0
      },
      "Locked": false,
      "Grid": true,
      "Snap": true,
      "IgnoreFoW": false,
      "MeasureMovement": false,
      "DragSelectable": true,
      "Autoraise": true,
      "Sticky": true,
      "Tooltip": true,
      "GridProjection": false,
      "Hands": false,
      "CustomImage": {
        "ImageURL": "https://i.imgur.com/Rz4xJo6.jpg",
        "ImageSecondaryURL": "https://i.imgur.com/SZvaWGD.jpg",
        "ImageScalar": 1.0,
        "WidthScale": 0.0,
        "CustomTile": {
          "Type": 3,
          "Thickness": 0.1,
          "Stackable": false,
          "Stretch": true
        }
      },
      "LuaScript": "",
      "LuaScriptState": "",
      "XmlUI": "",
      "GUID": "a44256"
    }
  ],
  "LuaScript": "--[[ Lua code. See documentation: https://api.tabletopsimulator.com/ --]]\n\n--[[ The onLoad event is called after the game save finishes loading. --]]\nfunction onLoad()\n    --[[ print('onLoad!') --]]\nend\n\n--[[ The onUpdate event is called once per frame. --]]\nfunction onUpdate()\n    --[[ print('onUpdate loop!') --]]\nend",
  "LuaScriptState": "",
  "XmlUI": "<!-- Xml UI. See documentation: https://api.tabletopsimulator.com/ui/introUI/ -->\r\n<image image = 'bar1' active = 'false' width ='1' height ='1' />\r\n<image image = 'bar2' active = 'false' width ='1' height ='1'/>\r\n<image image = 'blue_female_icon' active = 'false' width ='1' height ='1'/>\r\n<image image = 'blue_male_icon' active = 'false' width ='1' height ='1'/>\r\n<image image = 'civilian_female_icon' active = 'false' width ='1' height ='1'/>\r\n<image image = 'civilian_male_icon' active = 'false' width ='1' height ='1'/>\r\n<image image = 'noname_icon' active = 'false' width ='1' height ='1'/>\r\n<image image = 'none_icon' active = 'false' width ='1' height ='1'/>\r\n<image image = 'red_female_icon' active = 'false' width ='1' height ='1'/>\r\n<image image = 'red_male_icon' active = 'false' width ='1' height ='1'/>\r\n\r\n<image image = 'bar3' active = 'false' width ='1' height ='1'/>\r\n<image image = 'bar4' active = 'false' width ='1' height ='1'/>",
  "CustomUIAssets": [
    {
      "Name": "noname_icon",
      "URL": "https://i.imgur.com/e6DsgUe.jpg"
    },
    {
      "Name": "civilian_female_icon",
      "URL": "https://i.imgur.com/V4HtY3M.jpg"
    },
    {
      "Name": "civilian_male_icon",
      "URL": "https://i.imgur.com/8sSAKit.jpg"
    },
    {
      "Name": "blue_female_icon",
      "URL": "https://i.imgur.com/O4yiuKa.jpg"
    },
    {
      "Name": "blue_male_icon",
      "URL": "https://i.imgur.com/nTyAquq.jpg"
    },
    {
      "Name": "red_female_icon",
      "URL": "https://i.imgur.com/DwT9Plq.jpg"
    },
    {
      "Name": "red_male_icon",
      "URL": "https://i.imgur.com/rVxJkOU.jpg"
    },
    {
      "Name": "killer_icon",
      "URL": "https://i.imgur.com/XmOEjYb.jpg"
    },
    {
      "Name": "bar_bckgrnd",
      "URL": "https://i.imgur.com/m1ItBYk.jpg"
    },
    {
      "Name": "bar_img",
      "URL": "https://i.imgur.com/9EzYpeH.jpg"
    }
  ],
  "VectorLines": [],
  "VersionNumber": "v10.7.1"
}