{
  "SaveName": "Yahtzee!",
  "GameMode": "Yahtzee",
  "Date": "4/22/2019 6:01:35 PM",
  "Gravity": 0.5,
  "PlayArea": 0.49999997,
  "GameType": "",
  "GameComplexity": "",
  "Tags": [],
  "Table": "Table_None",
  "Sky": "Sky_Museum",
  "Note": "",
  "Rules": "",
  "Grid": {
    "Type": 0,
    "Lines": false,
    "Color": {
      "r": 0.0,
      "g": 0.0,
      "b": 0.0
    },
    "Opacity": 0.75,
    "ThickLines": false,
    "Snapping": false,
    "Offset": false,
    "BothSnapping": false,
    "xSize": 2.0,
    "ySize": 2.0,
    "PosOffset": {
      "x": 0.0,
      "y": 1.0,
      "z": 0.0
    }
  },
  "Lighting": {
    "LightIntensity": 0.54,
    "LightColor": {
      "r": 1.0,
      "g": 0.9804,
      "b": 0.8902
    },
    "AmbientIntensity": 1.3,
    "AmbientType": 0,
    "AmbientSkyColor": {
      "r": 0.5,
      "g": 0.5,
      "b": 0.5
    },
    "AmbientEquatorColor": {
      "r": 0.5,
      "g": 0.5,
      "b": 0.5
    },
    "AmbientGroundColor": {
      "r": 0.5,
      "g": 0.5,
      "b": 0.5
    },
    "ReflectionIntensity": 1.0,
    "LutIndex": 0,
    "LutContribution": 1.0
  },
  "Hands": {
    "Enable": true,
    "DisableUnused": false,
    "Hiding": 0,
    "HandTransforms": [
      {
        "Color": "White",
        "Transform": {
          "posX": 0.0,
          "posY": 5.0,
          "posZ": -23.3499985,
          "rotX": 0.0,
          "rotY": 0.0,
          "rotZ": 0.0,
          "scaleX": 11.8350019,
          "scaleY": 7.002465,
          "scaleZ": 4.04115963
        }
      },
      {
        "Color": "Red",
        "Transform": {
          "posX": -37.75,
          "posY": 5.0,
          "posZ": 0.0,
          "rotX": 0.0,
          "rotY": 90.0,
          "rotZ": 0.0,
          "scaleX": 11.7520752,
          "scaleY": 7.0,
          "scaleZ": 4.086819
        }
      },
      {
        "Color": "Green",
        "Transform": {
          "posX": 0.0,
          "posY": 5.0,
          "posZ": 23.3499985,
          "rotX": 0.0,
          "rotY": 180.0,
          "rotZ": 0.0,
          "scaleX": 11.8350019,
          "scaleY": 7.0,
          "scaleZ": 4.041209
        }
      },
      {
        "Color": "Blue",
        "Transform": {
          "posX": 37.75,
          "posY": 5.0,
          "posZ": 0.0,
          "rotX": 0.0,
          "rotY": 270.0,
          "rotZ": 0.0,
          "scaleX": 11.7518539,
          "scaleY": 7.0,
          "scaleZ": 4.08674669
        }
      }
    ]
  },
  "Turns": {
    "Enable": true,
    "Type": 0,
    "TurnOrder": [],
    "Reverse": false,
    "SkipEmpty": false,
    "DisableInteractions": false,
    "PassTurns": true,
    "TurnColor": "White"
  },
  "TabStates": {
    "0": {
      "title": "Rules",
      "body": "",
      "color": "Grey",
      "visibleColor": {
        "r": 0.5,
        "g": 0.5,
        "b": 0.5
      },
      "id": 0
    },
    "1": {
      "title": "White",
      "body": "",
      "color": "White",
      "visibleColor": {
        "r": 1.0,
        "g": 1.0,
        "b": 1.0
      },
      "id": 1
    },
    "2": {
      "title": "Brown",
      "body": "",
      "color": "Brown",
      "visibleColor": {
        "r": 0.443,
        "g": 0.231,
        "b": 0.09
      },
      "id": 2
    },
    "3": {
      "title": "Red",
      "body": "",
      "color": "Red",
      "visibleColor": {
        "r": 0.856,
        "g": 0.1,
        "b": 0.094
      },
      "id": 3
    },
    "4": {
      "title": "Orange",
      "body": "",
      "color": "Orange",
      "visibleColor": {
        "r": 0.956,
        "g": 0.392,
        "b": 0.113
      },
      "id": 4
    },
    "5": {
      "title": "Yellow",
      "body": "",
      "color": "Yellow",
      "visibleColor": {
        "r": 0.905,
        "g": 0.898,
        "b": 0.172
      },
      "id": 5
    },
    "6": {
      "title": "Green",
      "body": "",
      "color": "Green",
      "visibleColor": {
        "r": 0.192,
        "g": 0.701,
        "b": 0.168
      },
      "id": 6
    },
    "7": {
      "title": "Blue",
      "body": "",
      "color": "Blue",
      "visibleColor": {
        "r": 0.118,
        "g": 0.53,
        "b": 1.0
      },
      "id": 7
    },
    "8": {
      "title": "Teal",
      "body": "",
      "color": "Teal",
      "visibleColor": {
        "r": 0.129,
        "g": 0.694,
        "b": 0.607
      },
      "id": 8
    },
    "9": {
      "title": "Purple",
      "body": "",
      "color": "Purple",
      "visibleColor": {
        "r": 0.627,
        "g": 0.125,
        "b": 0.941
      },
      "id": 9
    },
    "10": {
      "title": "Pink",
      "body": "",
      "color": "Pink",
      "visibleColor": {
        "r": 0.96,
        "g": 0.439,
        "b": 0.807
      },
      "id": 10
    },
    "11": {
      "title": "Black",
      "body": "",
      "color": "Black",
      "visibleColor": {
        "r": 0.25,
        "g": 0.25,
        "b": 0.25
      },
      "id": 11
    }
  },
  "DecalPallet": [],
  "ObjectStates": [
    {
      "Name": "Custom_Board",
      "Transform": {
        "posX": 0.0,
        "posY": 0.9220247,
        "posZ": 0.0,
        "rotX": 0.0,
        "rotY": 180.0,
        "rotZ": 0.0,
        "scaleX": 1.0,
        "scaleY": 1.0,
        "scaleZ": 1.0
      },
      "Nickname": "",
      "Description": "",
      "GMNotes": "",
      "ColorDiffuse": {
        "r": 0.7867647,
        "g": 0.7867647,
        "b": 0.7867647
      },
      "Locked": true,
      "Grid": true,
      "Snap": true,
      "IgnoreFoW": false,
      "MeasureMovement": false,
      "DragSelectable": true,
      "Autoraise": true,
      "Sticky": true,
      "Tooltip": true,
      "GridProjection": false,
      "HideWhenFaceDown": false,
      "Hands": false,
      "CustomImage": {
        "ImageURL": "http://cloud-3.steamusercontent.com/ugc/825757737340310656/13E50B58FE2026426A90208C02BF202045EE2EE0/",
        "ImageSecondaryURL": "",
        "ImageScalar": 1.0,
        "WidthScale": 1.75
      },
      "LuaScript": "",
      "LuaScriptState": "",
      "XmlUI": "",
      "GUID": "66da50"
    },
    {
      "Name": "Die_6",
      "Transform": {
        "posX": 2.05016828,
        "posY": 1.8444674,
        "posZ": -1.82876754,
        "rotX": 270.0,
        "rotY": 158.16188,
        "rotZ": 0.0,
        "scaleX": 1.0,
        "scaleY": 1.0,
        "scaleZ": 1.0
      },
      "Nickname": "",
      "Description": "",
      "GMNotes": "",
      "ColorDiffuse": {
        "r": 0.149030268,
        "g": 0.301973075,
        "b": 0.4431491
      },
      "Locked": false,
      "Grid": true,
      "Snap": true,
      "IgnoreFoW": false,
      "MeasureMovement": false,
      "DragSelectable": true,
      "Autoraise": true,
      "Sticky": true,
      "Tooltip": true,
      "GridProjection": false,
      "HideWhenFaceDown": false,
      "Hands": false,
      "AltSound": true,
      "MaterialIndex": 1,
      "LuaScript": "",
      "LuaScriptState": "",
      "XmlUI": "",
      "GUID": "8bdec5",
      "RotationValues": [
        {
          "Value": 1,
          "Rotation": {
            "x": -90.0,
            "y": 0.0,
            "z": 0.0
          }
        },
        {
          "Value": 2,
          "Rotation": {
            "x": 0.0,
            "y": 0.0,
            "z": 0.0
          }
        },
        {
          "Value": 3,
          "Rotation": {
            "x": 0.0,
            "y": 0.0,
            "z": -90.0
          }
        },
        {
          "Value": 4,
          "Rotation": {
            "x": 0.0,
            "y": 0.0,
            "z": 90.0
          }
        },
        {
          "Value": 5,
          "Rotation": {
            "x": 0.0,
            "y": 0.0,
            "z": -180.0
          }
        },
        {
          "Value": 6,
          "Rotation": {
            "x": 90.0,
            "y": 0.0,
            "z": 0.0
          }
        }
      ]
    },
    {
      "Name": "Die_6",
      "Transform": {
        "posX": 0.406610936,
        "posY": 1.84446728,
        "posZ": -2.34877634,
        "rotX": 270.0,
        "rotY": 31.2528152,
        "rotZ": 0.0,
        "scaleX": 1.0,
        "scaleY": 1.0,
        "scaleZ": 1.0
      },
      "Nickname": "",
      "Description": "",
      "GMNotes": "",
      "ColorDiffuse": {
        "r": 0.149030268,
        "g": 0.301973075,
        "b": 0.4431491
      },
      "Locked": false,
      "Grid": true,
      "Snap": true,
      "IgnoreFoW": false,
      "MeasureMovement": false,
      "DragSelectable": true,
      "Autoraise": true,
      "Sticky": true,
      "Tooltip": true,
      "GridProjection": false,
      "HideWhenFaceDown": false,
      "Hands": false,
      "AltSound": true,
      "MaterialIndex": 1,
      "LuaScript": "",
      "LuaScriptState": "",
      "XmlUI": "",
      "GUID": "28399f",
      "RotationValues": [
        {
          "Value": 1,
          "Rotation": {
            "x": -90.0,
            "y": 0.0,
            "z": 0.0
          }
        },
        {
          "Value": 2,
          "Rotation": {
            "x": 0.0,
            "y": 0.0,
            "z": 0.0
          }
        },
        {
          "Value": 3,
          "Rotation": {
            "x": 0.0,
            "y": 0.0,
            "z": -90.0
          }
        },
        {
          "Value": 4,
          "Rotation": {
            "x": 0.0,
            "y": 0.0,
            "z": 90.0
          }
        },
        {
          "Value": 5,
          "Rotation": {
            "x": 0.0,
            "y": 0.0,
            "z": -180.0
          }
        },
        {
          "Value": 6,
          "Rotation": {
            "x": 90.0,
            "y": 0.0,
            "z": 0.0
          }
        }
      ]
    },
    {
      "Name": "Die_6",
      "Transform": {
        "posX": 2.1853497,
        "posY": 1.84446681,
        "posZ": -5.94178724,
        "rotX": 270.0,
        "rotY": 85.57443,
        "rotZ": 0.0,
        "scaleX": 1.0,
        "scaleY": 1.0,
        "scaleZ": 1.0
      },
      "Nickname": "",
      "Description": "",
      "GMNotes": "",
      "ColorDiffuse": {
        "r": 0.149030268,
        "g": 0.301973075,
        "b": 0.4431491
      },
      "Locked": false,
      "Grid": true,
      "Snap": true,
      "IgnoreFoW": false,
      "MeasureMovement": false,
      "DragSelectable": true,
      "Autoraise": true,
      "Sticky": true,
      "Tooltip": true,
      "GridProjection": false,
      "HideWhenFaceDown": false,
      "Hands": false,
      "AltSound": true,
      "MaterialIndex": 1,
      "LuaScript": "",
      "LuaScriptState": "",
      "XmlUI": "",
      "GUID": "d3e55a",
      "RotationValues": [
        {
          "Value": 1,
          "Rotation": {
            "x": -90.0,
            "y": 0.0,
            "z": 0.0
          }
        },
        {
          "Value": 2,
          "Rotation": {
            "x": 0.0,
            "y": 0.0,
            "z": 0.0
          }
        },
        {
          "Value": 3,
          "Rotation": {
            "x": 0.0,
            "y": 0.0,
            "z": -90.0
          }
        },
        {
          "Value": 4,
          "Rotation": {
            "x": 0.0,
            "y": 0.0,
            "z": 90.0
          }
        },
        {
          "Value": 5,
          "Rotation": {
            "x": 0.0,
            "y": 0.0,
            "z": -180.0
          }
        },
        {
          "Value": 6,
          "Rotation": {
            "x": 90.0,
            "y": 0.0,
            "z": 0.0
          }
        }
      ]
    },
    {
      "Name": "Die_6",
      "Transform": {
        "posX": 1.712716,
        "posY": 1.844467,
        "posZ": -3.89138818,
        "rotX": 270.0,
        "rotY": 236.228,
        "rotZ": 0.0,
        "scaleX": 1.0,
        "scaleY": 1.0,
        "scaleZ": 1.0
      },
      "Nickname": "",
      "Description": "",
      "GMNotes": "",
      "ColorDiffuse": {
        "r": 0.149030268,
        "g": 0.301973075,
        "b": 0.4431491
      },
      "Locked": false,
      "Grid": true,
      "Snap": true,
      "IgnoreFoW": false,
      "MeasureMovement": false,
      "DragSelectable": true,
      "Autoraise": true,
      "Sticky": true,
      "Tooltip": true,
      "GridProjection": false,
      "HideWhenFaceDown": false,
      "Hands": false,
      "AltSound": true,
      "MaterialIndex": 1,
      "LuaScript": "",
      "LuaScriptState": "",
      "XmlUI": "",
      "GUID": "dead28",
      "RotationValues": [
        {
          "Value": 1,
          "Rotation": {
            "x": -90.0,
            "y": 0.0,
            "z": 0.0
          }
        },
        {
          "Value": 2,
          "Rotation": {
            "x": 0.0,
            "y": 0.0,
            "z": 0.0
          }
        },
        {
          "Value": 3,
          "Rotation": {
            "x": 0.0,
            "y": 0.0,
            "z": -90.0
          }
        },
        {
          "Value": 4,
          "Rotation": {
            "x": 0.0,
            "y": 0.0,
            "z": 90.0
          }
        },
        {
          "Value": 5,
          "Rotation": {
            "x": 0.0,
            "y": 0.0,
            "z": -180.0
          }
        },
        {
          "Value": 6,
          "Rotation": {
            "x": 90.0,
            "y": 0.0,
            "z": 0.0
          }
        }
      ]
    },
    {
      "Name": "Die_6",
      "Transform": {
        "posX": 2.61916161,
        "posY": 1.84446692,
        "posZ": -3.770901,
        "rotX": 270.0,
        "rotY": 57.65675,
        "rotZ": 0.0,
        "scaleX": 1.0,
        "scaleY": 1.0,
        "scaleZ": 1.0
      },
      "Nickname": "",
      "Description": "",
      "GMNotes": "",
      "ColorDiffuse": {
        "r": 0.149030268,
        "g": 0.301973075,
        "b": 0.4431491
      },
      "Locked": false,
      "Grid": true,
      "Snap": true,
      "IgnoreFoW": false,
      "MeasureMovement": false,
      "DragSelectable": true,
      "Autoraise": true,
      "Sticky": true,
      "Tooltip": true,
      "GridProjection": false,
      "HideWhenFaceDown": false,
      "Hands": false,
      "AltSound": true,
      "MaterialIndex": 1,
      "LuaScript": "",
      "LuaScriptState": "",
      "XmlUI": "",
      "GUID": "639c39",
      "RotationValues": [
        {
          "Value": 1,
          "Rotation": {
            "x": -90.0,
            "y": 0.0,
            "z": 0.0
          }
        },
        {
          "Value": 2,
          "Rotation": {
            "x": 0.0,
            "y": 0.0,
            "z": 0.0
          }
        },
        {
          "Value": 3,
          "Rotation": {
            "x": 0.0,
            "y": 0.0,
            "z": -90.0
          }
        },
        {
          "Value": 4,
          "Rotation": {
            "x": 0.0,
            "y": 0.0,
            "z": 90.0
          }
        },
        {
          "Value": 5,
          "Rotation": {
            "x": 0.0,
            "y": 0.0,
            "z": -180.0
          }
        },
        {
          "Value": 6,
          "Rotation": {
            "x": 90.0,
            "y": 0.0,
            "z": 0.0
          }
        }
      ]
    },
    {
      "Name": "Tablet",
      "Transform": {
        "posX": -8.770493,
        "posY": 1.8012681,
        "posZ": 4.19290638,
        "rotX": -4.02306832E-05,
        "rotY": 180.092361,
        "rotZ": -1.01590452E-07,
        "scaleX": 1.0,
        "scaleY": 1.0,
        "scaleZ": 1.0
      },
      "Nickname": "",
      "Description": "",
      "GMNotes": "",
      "ColorDiffuse": {
        "r": 1.0,
        "g": 1.0,
        "b": 1.0
      },
      "Locked": false,
      "Grid": true,
      "Snap": true,
      "IgnoreFoW": false,
      "MeasureMovement": false,
      "DragSelectable": true,
      "Autoraise": true,
      "Sticky": true,
      "Tooltip": true,
      "GridProjection": false,
      "HideWhenFaceDown": false,
      "Hands": false,
      "Tablet": {
        "PageURL": "https://www.pdffiller.com/jsfiller-desk14/?projectId=288111785&expId=4797&expBranch=2#c37c36cf01d541b2a16d4a97bc2fbc48"
      },
      "LuaScript": "",
      "LuaScriptState": "",
      "XmlUI": "",
      "GUID": "d46b39"
    }
  ],
  "LuaScript": "--[[ Lua code. See documentation: https://api.tabletopsimulator.com/ --]]\n\n--[[ The onLoad event is called after the game save finishes loading. --]]\nfunction onLoad()\n\n    --[[ print('onLoad!') --]]\nend\n\n--[[ The onUpdate event is called once per frame. --]]\nfunction onUpdate()\n    --[[ print('onUpdate loop!') --]]\nend",
  "LuaScriptState": "",
  "XmlUI": "<!-- Xml UI. See documentation: https://api.tabletopsimulator.com/ui/introUI/ -->",
  "CustomUIAssets": [
    {
      "Name": "Yahtzee ScoreBoard",
      "URL": "http://templatelab.com/wp-content/uploads/2017/08/Yahtzee-Score-Sheets-03.jpg"
    }
  ],
  "VersionNumber": "v11.2.1"
}