{
  "SaveName": "Hey, That's My Fish! - Scripted Edition",
  "GameMode": "Hey, That's My Fish!\n",
  "Date": "10/1/2019 6:59:56 PM",
  "Gravity": 0.5,
  "PlayArea": 0.5,
  "GameType": "",
  "GameComplexity": "",
  "Tags": [],
  "Table": "Table_Hexagon",
  "Sky": "Sky_Museum",
  "SkyURL": "https://i.imgur.com/czervf7.jpg",
  "Note": "",
  "Rules": "",
  "Grid": {
    "Type": 2,
    "Lines": false,
    "Color": {
      "r": 0.0,
      "g": 0.0,
      "b": 0.0
    },
    "Opacity": 0.75,
    "ThickLines": false,
    "Snapping": false,
    "Offset": true,
    "BothSnapping": false,
    "xSize": 2.2,
    "ySize": 2.2,
    "PosOffset": {
      "x": 0.0,
      "y": 1.0,
      "z": -1.1
    }
  },
  "Lighting": {
    "LightIntensity": 0.54,
    "LightColor": {
      "r": 1.0,
      "g": 0.9804,
      "b": 0.8902
    },
    "AmbientIntensity": 1.3,
    "AmbientType": 0,
    "AmbientSkyColor": {
      "r": 0.5,
      "g": 0.5,
      "b": 0.5
    },
    "AmbientEquatorColor": {
      "r": 0.5,
      "g": 0.5,
      "b": 0.5
    },
    "AmbientGroundColor": {
      "r": 0.5,
      "g": 0.5,
      "b": 0.5
    },
    "ReflectionIntensity": 1.0,
    "LutIndex": 0,
    "LutContribution": 1.0
  },
  "Hands": {
    "Enable": false,
    "DisableUnused": false,
    "Hiding": 0,
    "HandTransforms": [
      {
        "Color": "Red",
        "Transform": {
          "posX": -13.6434011,
          "posY": 3.54586029,
          "posZ": -7.49142265,
          "rotX": 0.0,
          "rotY": 60.0000038,
          "rotZ": 0.0,
          "scaleX": 10.2714424,
          "scaleY": 6.63607264,
          "scaleZ": 4.89513159
        }
      },
      {
        "Color": "Yellow",
        "Transform": {
          "posX": -13.31631,
          "posY": 3.54592371,
          "posZ": 8.302765,
          "rotX": 0.0,
          "rotY": 119.999992,
          "rotZ": 0.0,
          "scaleX": 10.2835321,
          "scaleY": 6.63607264,
          "scaleZ": 4.89884043
        }
      },
      {
        "Color": "Blue",
        "Transform": {
          "posX": 13.5741749,
          "posY": 3.54836845,
          "posZ": 7.75216866,
          "rotX": -3.76864373E-05,
          "rotY": 240.0,
          "rotZ": -3.02707031E-06,
          "scaleX": 10.2793684,
          "scaleY": 6.63607264,
          "scaleZ": 4.898337
        }
      },
      {
        "Color": "White",
        "Transform": {
          "posX": -0.00108957291,
          "posY": 3.54706669,
          "posZ": -15.5381088,
          "rotX": 2.5444431E-14,
          "rotY": 1.70754709E-06,
          "rotZ": -1.70754709E-06,
          "scaleX": 10.2680635,
          "scaleY": 6.63607264,
          "scaleZ": 4.895035
        }
      },
      {
        "Color": "Green",
        "Transform": {
          "posX": 0.00291204453,
          "posY": 3.54707527,
          "posZ": 15.5993118,
          "rotX": 0.0,
          "rotY": 180.0,
          "rotZ": 0.0,
          "scaleX": 10.2748833,
          "scaleY": 6.63607264,
          "scaleZ": 4.89820957
        }
      },
      {
        "Color": "Pink",
        "Transform": {
          "posX": 13.682147,
          "posY": 3.54839134,
          "posZ": -7.409062,
          "rotX": 0.0,
          "rotY": 299.999969,
          "rotZ": 0.0,
          "scaleX": 10.2707615,
          "scaleY": 6.63607264,
          "scaleZ": 4.893212
        }
      }
    ]
  },
  "Turns": {
    "Enable": false,
    "Type": 0,
    "TurnOrder": [],
    "Reverse": false,
    "SkipEmpty": false,
    "DisableInteractions": false,
    "PassTurns": true,
    "TurnColor": ""
  },
  "TabStates": {
    "0": {
      "title": "Rules",
      "body": "",
      "color": "Grey",
      "visibleColor": {
        "r": 0.5,
        "g": 0.5,
        "b": 0.5
      },
      "id": 0
    },
    "1": {
      "title": "White",
      "body": "",
      "color": "White",
      "visibleColor": {
        "r": 1.0,
        "g": 1.0,
        "b": 1.0
      },
      "id": 1
    },
    "2": {
      "title": "Brown",
      "body": "",
      "color": "Brown",
      "visibleColor": {
        "r": 0.443,
        "g": 0.231,
        "b": 0.09
      },
      "id": 2
    },
    "3": {
      "title": "Red",
      "body": "",
      "color": "Red",
      "visibleColor": {
        "r": 0.856,
        "g": 0.1,
        "b": 0.094
      },
      "id": 3
    },
    "4": {
      "title": "Orange",
      "body": "",
      "color": "Orange",
      "visibleColor": {
        "r": 0.956,
        "g": 0.392,
        "b": 0.113
      },
      "id": 4
    },
    "5": {
      "title": "Yellow",
      "body": "",
      "color": "Yellow",
      "visibleColor": {
        "r": 0.905,
        "g": 0.898,
        "b": 0.172
      },
      "id": 5
    },
    "6": {
      "title": "Green",
      "body": "",
      "color": "Green",
      "visibleColor": {
        "r": 0.192,
        "g": 0.701,
        "b": 0.168
      },
      "id": 6
    },
    "7": {
      "title": "Blue",
      "body": "",
      "color": "Blue",
      "visibleColor": {
        "r": 0.118,
        "g": 0.53,
        "b": 1.0
      },
      "id": 7
    },
    "8": {
      "title": "Teal",
      "body": "",
      "color": "Teal",
      "visibleColor": {
        "r": 0.129,
        "g": 0.694,
        "b": 0.607
      },
      "id": 8
    },
    "9": {
      "title": "Purple",
      "body": "",
      "color": "Purple",
      "visibleColor": {
        "r": 0.627,
        "g": 0.125,
        "b": 0.941
      },
      "id": 9
    },
    "10": {
      "title": "Pink",
      "body": "",
      "color": "Pink",
      "visibleColor": {
        "r": 0.96,
        "g": 0.439,
        "b": 0.807
      },
      "id": 10
    },
    "11": {
      "title": "Black",
      "body": "",
      "color": "Black",
      "visibleColor": {
        "r": 0.25,
        "g": 0.25,
        "b": 0.25
      },
      "id": 11
    }
  },
  "DecalPallet": [],
  "ObjectStates": [
    {
      "Name": "Bag",
      "Transform": {
        "posX": -10.4863605,
        "posY": 0.815809667,
        "posZ": -6.07606268,
        "rotX": 1.35541165,
        "rotY": 359.801849,
        "rotZ": 358.864563,
        "scaleX": 1.0,
        "scaleY": 1.0,
        "scaleZ": 1.0
      },
      "Nickname": "Red's Fish Tiles",
      "Description": "",
      "GMNotes": "",
      "ColorDiffuse": {
        "r": 0.8,
        "g": 0.133332282,
        "b": 0.133332282
      },
      "Locked": true,
      "Grid": true,
      "Snap": true,
      "IgnoreFoW": false,
      "MeasureMovement": false,
      "DragSelectable": true,
      "Autoraise": true,
      "Sticky": true,
      "Tooltip": true,
      "GridProjection": false,
      "HideWhenFaceDown": false,
      "Hands": false,
      "MaterialIndex": -1,
      "MeshIndex": -1,
      "Number": 0,
      "LuaScript": "",
      "LuaScriptState": "",
      "XmlUI": "",
      "GUID": "aaa482"
    },
    {
      "Name": "Bag",
      "Transform": {
        "posX": -10.4913635,
        "posY": 0.81833595,
        "posZ": 6.078142,
        "rotX": 357.385132,
        "rotY": 0.139100239,
        "rotZ": 359.981842,
        "scaleX": 1.0,
        "scaleY": 1.0,
        "scaleZ": 1.0
      },
      "Nickname": "Yellow's Fish Tiles",
      "Description": "",
      "GMNotes": "",
      "ColorDiffuse": {
        "r": 0.8,
        "g": 0.8,
        "b": 0.133332282
      },
      "Locked": true,
      "Grid": true,
      "Snap": true,
      "IgnoreFoW": false,
      "MeasureMovement": false,
      "DragSelectable": true,
      "Autoraise": true,
      "Sticky": true,
      "Tooltip": true,
      "GridProjection": false,
      "HideWhenFaceDown": false,
      "Hands": false,
      "MaterialIndex": -1,
      "MeshIndex": -1,
      "Number": 0,
      "LuaScript": "",
      "LuaScriptState": "",
      "XmlUI": "",
      "GUID": "48e68f"
    },
    {
      "Name": "Bag",
      "Transform": {
        "posX": -2.77534127E-06,
        "posY": 0.7748332,
        "posZ": 12.1000032,
        "rotX": 1.38888245E-05,
        "rotY": 2.00970317E-05,
        "rotZ": 1.48476574E-05,
        "scaleX": 1.0,
        "scaleY": 1.0,
        "scaleZ": 1.0
      },
      "Nickname": "Green's Fish Tiles",
      "Description": "",
      "GMNotes": "",
      "ColorDiffuse": {
        "r": 0.129411668,
        "g": 0.8,
        "b": 0.129411668
      },
      "Locked": true,
      "Grid": true,
      "Snap": true,
      "IgnoreFoW": false,
      "MeasureMovement": false,
      "DragSelectable": true,
      "Autoraise": true,
      "Sticky": true,
      "Tooltip": true,
      "GridProjection": false,
      "HideWhenFaceDown": false,
      "Hands": false,
      "MaterialIndex": -1,
      "MeshIndex": -1,
      "Number": 0,
      "LuaScript": "",
      "LuaScriptState": "",
      "XmlUI": "",
      "GUID": "81096a"
    },
    {
      "Name": "Bag",
      "Transform": {
        "posX": 10.4951353,
        "posY": 0.8234754,
        "posZ": 6.05935526,
        "rotX": 359.978882,
        "rotY": 359.9888,
        "rotZ": 3.154016,
        "scaleX": 1.0,
        "scaleY": 1.0,
        "scaleZ": 1.0
      },
      "Nickname": "Blue's Fish Tiles",
      "Description": "",
      "GMNotes": "",
      "ColorDiffuse": {
        "r": 0.133332282,
        "g": 0.3999989,
        "b": 0.8
      },
      "Locked": true,
      "Grid": true,
      "Snap": true,
      "IgnoreFoW": false,
      "MeasureMovement": false,
      "DragSelectable": true,
      "Autoraise": true,
      "Sticky": true,
      "Tooltip": true,
      "GridProjection": false,
      "HideWhenFaceDown": false,
      "Hands": false,
      "MaterialIndex": -1,
      "MeshIndex": -1,
      "Number": 0,
      "LuaScript": "",
      "LuaScriptState": "",
      "XmlUI": "",
      "GUID": "95b911"
    },
    {
      "Name": "Counter",
      "Transform": {
        "posX": -12.3841715,
        "posY": 0.9300011,
        "posZ": -2.75,
        "rotX": 9.272499E-05,
        "rotY": 240.0018,
        "rotZ": -2.6595942E-06,
        "scaleX": 1.0,
        "scaleY": 1.0,
        "scaleZ": 1.0
      },
      "Nickname": "Red Score",
      "Description": "",
      "GMNotes": "",
      "ColorDiffuse": {
        "r": 0.8,
        "g": 0.133332282,
        "b": 0.133332282
      },
      "Locked": true,
      "Grid": true,
      "Snap": true,
      "IgnoreFoW": false,
      "MeasureMovement": false,
      "DragSelectable": true,
      "Autoraise": true,
      "Sticky": true,
      "Tooltip": true,
      "GridProjection": false,
      "HideWhenFaceDown": false,
      "Hands": false,
      "Counter": {
        "value": 0
      },
      "LuaScript": "",
      "LuaScriptState": "",
      "XmlUI": "",
      "GUID": "1cf178"
    },
    {
      "Name": "Counter",
      "Transform": {
        "posX": -8.573657,
        "posY": 0.9299981,
        "posZ": 9.350003,
        "rotX": 2.52467526E-05,
        "rotY": 300.000031,
        "rotZ": -1.62414574E-06,
        "scaleX": 1.0,
        "scaleY": 1.0,
        "scaleZ": 1.0
      },
      "Nickname": "Yellow Score",
      "Description": "",
      "GMNotes": "",
      "ColorDiffuse": {
        "r": 0.8,
        "g": 0.8,
        "b": 0.133332282
      },
      "Locked": true,
      "Grid": true,
      "Snap": true,
      "IgnoreFoW": false,
      "MeasureMovement": false,
      "DragSelectable": true,
      "Autoraise": true,
      "Sticky": true,
      "Tooltip": true,
      "GridProjection": false,
      "HideWhenFaceDown": false,
      "Hands": false,
      "Counter": {
        "value": 0
      },
      "LuaScript": "",
      "LuaScriptState": "",
      "XmlUI": "",
      "GUID": "6eae90"
    },
    {
      "Name": "Counter",
      "Transform": {
        "posX": 3.810512,
        "posY": 0.9300002,
        "posZ": 12.1000013,
        "rotX": 9.856568E-05,
        "rotY": 1.19937267E-05,
        "rotZ": 3.17072627E-05,
        "scaleX": 1.0,
        "scaleY": 1.0,
        "scaleZ": 1.0
      },
      "Nickname": "Green Score",
      "Description": "",
      "GMNotes": "",
      "ColorDiffuse": {
        "r": 0.133332282,
        "g": 0.8,
        "b": 0.133332282
      },
      "Locked": true,
      "Grid": true,
      "Snap": true,
      "IgnoreFoW": false,
      "MeasureMovement": false,
      "DragSelectable": true,
      "Autoraise": true,
      "Sticky": true,
      "Tooltip": true,
      "GridProjection": false,
      "HideWhenFaceDown": false,
      "Hands": false,
      "Counter": {
        "value": 0
      },
      "LuaScript": "",
      "LuaScriptState": "",
      "XmlUI": "",
      "GUID": "46d089"
    },
    {
      "Name": "Counter",
      "Transform": {
        "posX": 12.3841791,
        "posY": 0.9300009,
        "posZ": 2.75,
        "rotX": -3.35492427E-06,
        "rotY": 59.99997,
        "rotZ": -1.66262726E-06,
        "scaleX": 1.0,
        "scaleY": 1.0,
        "scaleZ": 1.0
      },
      "Nickname": "Blue Score",
      "Description": "",
      "GMNotes": "",
      "ColorDiffuse": {
        "r": 0.133332282,
        "g": 0.3999989,
        "b": 0.8
      },
      "Locked": true,
      "Grid": true,
      "Snap": true,
      "IgnoreFoW": false,
      "MeasureMovement": false,
      "DragSelectable": true,
      "Autoraise": true,
      "Sticky": true,
      "Tooltip": true,
      "GridProjection": false,
      "HideWhenFaceDown": false,
      "Hands": false,
      "Counter": {
        "value": 0
      },
      "LuaScript": "",
      "LuaScriptState": "",
      "XmlUI": "",
      "GUID": "5e84db"
    },
    {
      "Name": "Custom_PDF",
      "Transform": {
        "posX": 13.38,
        "posY": 5.0,
        "posZ": -7.73,
        "rotX": 45.00002,
        "rotY": 300.0,
        "rotZ": 7.244512E-06,
        "scaleX": 3.0,
        "scaleY": 1.0,
        "scaleZ": 3.0
      },
      "Nickname": "",
      "Description": "",
      "GMNotes": "",
      "ColorDiffuse": {
        "r": 1.0,
        "g": 1.0,
        "b": 1.0
      },
      "Locked": true,
      "Grid": true,
      "Snap": true,
      "IgnoreFoW": false,
      "MeasureMovement": false,
      "DragSelectable": true,
      "Autoraise": true,
      "Sticky": true,
      "Tooltip": true,
      "GridProjection": false,
      "HideWhenFaceDown": false,
      "Hands": false,
      "CustomPDF": {
        "PDFUrl": "https://images-cdn.fantasyflightgames.com/ffg_content/hey-thats-my-fish-board-game/hey-thats-my-fish-rulebook.pdf",
        "PDFPassword": "",
        "PDFPage": 0,
        "PDFPageOffset": 0
      },
      "LuaScript": "",
      "LuaScriptState": "",
      "XmlUI": "",
      "GUID": "dccd55"
    },
    {
      "Name": "Domino",
      "Transform": {
        "posX": 5.29567569E-06,
        "posY": 1.13119471,
        "posZ": -11.0000172,
        "rotX": 4.81605675E-05,
        "rotY": 270.000061,
        "rotZ": -5.16884575E-06,
        "scaleX": 2.0,
        "scaleY": 1.0,
        "scaleZ": 2.0
      },
      "Nickname": "",
      "Description": "",
      "GMNotes": "",
      "ColorDiffuse": {
        "r": 0.132352918,
        "g": 0.132352918,
        "b": 0.132352918
      },
      "Locked": true,
      "Grid": true,
      "Snap": true,
      "IgnoreFoW": false,
      "MeasureMovement": false,
      "DragSelectable": true,
      "Autoraise": true,
      "Sticky": true,
      "Tooltip": true,
      "GridProjection": false,
      "HideWhenFaceDown": true,
      "Hands": true,
      "AltSound": true,
      "MaterialIndex": 1,
      "MeshIndex": 0,
      "LuaScript": "self.createButton({\r\n    click_function = \"buildTiles\",\r\n    function_owner = Global,\r\n    label = \"Reset\",\r\n    position = {0, 0.18, 0},\r\n    rotation = {0, 90, 0},\r\n    width = 1300,\r\n    height = 530,\r\n    font_size = 350\r\n})",
      "LuaScriptState": "",
      "XmlUI": "",
      "GUID": "20c02b"
    },
    {
      "Name": "Custom_Model",
      "Transform": {
        "posX": -7.62104464,
        "posY": 0.954493761,
        "posZ": -8.800011,
        "rotX": -3.319264E-06,
        "rotY": 60.000042,
        "rotZ": 3.356986E-05,
        "scaleX": 1.49999964,
        "scaleY": 1.49999964,
        "scaleZ": 1.49999964
      },
      "Nickname": "",
      "Description": "",
      "GMNotes": "",
      "ColorDiffuse": {
        "r": 0.8,
        "g": 0.129411608,
        "b": 0.129411608
      },
      "Locked": false,
      "Grid": true,
      "Snap": true,
      "IgnoreFoW": false,
      "MeasureMovement": false,
      "DragSelectable": true,
      "Autoraise": true,
      "Sticky": true,
      "Tooltip": true,
      "GridProjection": false,
      "HideWhenFaceDown": false,
      "Hands": false,
      "CustomMesh": {
        "MeshURL": "https://glcdn.githack.com/Lixquid/tabletop-simulator-assets/raw/ab74b56f88a2f7052941334b57e7224cad74d9c3/hey-thats-my-fish/penguin.obj",
        "DiffuseURL": "https://glcdn.githack.com/Lixquid/tabletop-simulator-assets/raw/ab74b56f88a2f7052941334b57e7224cad74d9c3/hey-thats-my-fish/penguin.png",
        "NormalURL": "",
        "ColliderURL": "",
        "Convex": true,
        "MaterialIndex": 1,
        "TypeIndex": 1,
        "CastShadows": true
      },
      "LuaScript": "",
      "LuaScriptState": "",
      "XmlUI": "",
      "GUID": "454fc9"
    },
    {
      "Name": "Custom_Model",
      "Transform": {
        "posX": -8.573673,
        "posY": 0.9544933,
        "posZ": -7.150007,
        "rotX": -1.09589218E-05,
        "rotY": 59.9997826,
        "rotZ": -8.158801E-06,
        "scaleX": 1.49999964,
        "scaleY": 1.49999964,
        "scaleZ": 1.49999964
      },
      "Nickname": "",
      "Description": "",
      "GMNotes": "",
      "ColorDiffuse": {
        "r": 0.8,
        "g": 0.129411608,
        "b": 0.129411608
      },
      "Locked": false,
      "Grid": true,
      "Snap": true,
      "IgnoreFoW": false,
      "MeasureMovement": false,
      "DragSelectable": true,
      "Autoraise": true,
      "Sticky": true,
      "Tooltip": true,
      "GridProjection": false,
      "HideWhenFaceDown": false,
      "Hands": false,
      "CustomMesh": {
        "MeshURL": "https://glcdn.githack.com/Lixquid/tabletop-simulator-assets/raw/ab74b56f88a2f7052941334b57e7224cad74d9c3/hey-thats-my-fish/penguin.obj",
        "DiffuseURL": "https://glcdn.githack.com/Lixquid/tabletop-simulator-assets/raw/ab74b56f88a2f7052941334b57e7224cad74d9c3/hey-thats-my-fish/penguin.png",
        "NormalURL": "",
        "ColliderURL": "",
        "Convex": true,
        "MaterialIndex": 1,
        "TypeIndex": 1,
        "CastShadows": true
      },
      "LuaScript": "",
      "LuaScriptState": "",
      "XmlUI": "",
      "GUID": "338962"
    },
    {
      "Name": "Custom_Model",
      "Transform": {
        "posX": -9.52244,
        "posY": 0.97502023,
        "posZ": -8.784341,
        "rotX": 1.93806934,
        "rotY": 60.0485649,
        "rotZ": 0.0218994953,
        "scaleX": 1.49999964,
        "scaleY": 1.49999964,
        "scaleZ": 1.49999964
      },
      "Nickname": "",
      "Description": "",
      "GMNotes": "",
      "ColorDiffuse": {
        "r": 0.8,
        "g": 0.129411608,
        "b": 0.129411608
      },
      "Locked": false,
      "Grid": true,
      "Snap": true,
      "IgnoreFoW": false,
      "MeasureMovement": false,
      "DragSelectable": true,
      "Autoraise": true,
      "Sticky": true,
      "Tooltip": true,
      "GridProjection": false,
      "HideWhenFaceDown": false,
      "Hands": false,
      "CustomMesh": {
        "MeshURL": "https://glcdn.githack.com/Lixquid/tabletop-simulator-assets/raw/ab74b56f88a2f7052941334b57e7224cad74d9c3/hey-thats-my-fish/penguin.obj",
        "DiffuseURL": "https://glcdn.githack.com/Lixquid/tabletop-simulator-assets/raw/ab74b56f88a2f7052941334b57e7224cad74d9c3/hey-thats-my-fish/penguin.png",
        "NormalURL": "",
        "ColliderURL": "",
        "Convex": true,
        "MaterialIndex": 1,
        "TypeIndex": 1,
        "CastShadows": true
      },
      "LuaScript": "",
      "LuaScriptState": "",
      "XmlUI": "",
      "GUID": "6aa8ed"
    },
    {
      "Name": "Custom_Model",
      "Transform": {
        "posX": -8.569075,
        "posY": 0.9752986,
        "posZ": -10.4362106,
        "rotX": 1.95672858,
        "rotY": 59.9971275,
        "rotZ": 0.006466891,
        "scaleX": 1.49999964,
        "scaleY": 1.49999964,
        "scaleZ": 1.49999964
      },
      "Nickname": "",
      "Description": "",
      "GMNotes": "",
      "ColorDiffuse": {
        "r": 0.8,
        "g": 0.129411608,
        "b": 0.129411608
      },
      "Locked": false,
      "Grid": true,
      "Snap": true,
      "IgnoreFoW": false,
      "MeasureMovement": false,
      "DragSelectable": true,
      "Autoraise": true,
      "Sticky": true,
      "Tooltip": true,
      "GridProjection": false,
      "HideWhenFaceDown": false,
      "Hands": false,
      "CustomMesh": {
        "MeshURL": "https://glcdn.githack.com/Lixquid/tabletop-simulator-assets/raw/ab74b56f88a2f7052941334b57e7224cad74d9c3/hey-thats-my-fish/penguin.obj",
        "DiffuseURL": "https://glcdn.githack.com/Lixquid/tabletop-simulator-assets/raw/ab74b56f88a2f7052941334b57e7224cad74d9c3/hey-thats-my-fish/penguin.png",
        "NormalURL": "",
        "ColliderURL": "",
        "Convex": true,
        "MaterialIndex": 1,
        "TypeIndex": 1,
        "CastShadows": true
      },
      "LuaScript": "",
      "LuaScriptState": "",
      "XmlUI": "",
      "GUID": "edc4a4"
    },
    {
      "Name": "Custom_Model",
      "Transform": {
        "posX": -11.4315853,
        "posY": 0.95449543,
        "posZ": 2.20001078,
        "rotX": 2.54396145E-05,
        "rotY": 120.000076,
        "rotZ": -7.660086E-06,
        "scaleX": 1.49999964,
        "scaleY": 1.49999964,
        "scaleZ": 1.49999964
      },
      "Nickname": "",
      "Description": "",
      "GMNotes": "",
      "ColorDiffuse": {
        "r": 0.8,
        "g": 0.8,
        "b": 0.129411608
      },
      "Locked": false,
      "Grid": true,
      "Snap": true,
      "IgnoreFoW": false,
      "MeasureMovement": false,
      "DragSelectable": true,
      "Autoraise": true,
      "Sticky": true,
      "Tooltip": true,
      "GridProjection": false,
      "HideWhenFaceDown": false,
      "Hands": false,
      "CustomMesh": {
        "MeshURL": "https://glcdn.githack.com/Lixquid/tabletop-simulator-assets/raw/ab74b56f88a2f7052941334b57e7224cad74d9c3/hey-thats-my-fish/penguin.obj",
        "DiffuseURL": "https://glcdn.githack.com/Lixquid/tabletop-simulator-assets/raw/ab74b56f88a2f7052941334b57e7224cad74d9c3/hey-thats-my-fish/penguin.png",
        "NormalURL": "",
        "ColliderURL": "",
        "Convex": true,
        "MaterialIndex": 1,
        "TypeIndex": 1,
        "CastShadows": true
      },
      "LuaScript": "",
      "LuaScriptState": "",
      "XmlUI": "",
      "GUID": "58df11"
    },
    {
      "Name": "Custom_Model",
      "Transform": {
        "posX": -13.319973,
        "posY": 0.9750277,
        "posZ": 2.20444775,
        "rotX": 1.92517662,
        "rotY": 120.04924,
        "rotZ": 0.0188804958,
        "scaleX": 1.49999964,
        "scaleY": 1.49999964,
        "scaleZ": 1.49999964
      },
      "Nickname": "",
      "Description": "",
      "GMNotes": "",
      "ColorDiffuse": {
        "r": 0.8,
        "g": 0.8,
        "b": 0.129411608
      },
      "Locked": false,
      "Grid": true,
      "Snap": true,
      "IgnoreFoW": false,
      "MeasureMovement": false,
      "DragSelectable": true,
      "Autoraise": true,
      "Sticky": true,
      "Tooltip": true,
      "GridProjection": false,
      "HideWhenFaceDown": false,
      "Hands": false,
      "CustomMesh": {
        "MeshURL": "https://glcdn.githack.com/Lixquid/tabletop-simulator-assets/raw/ab74b56f88a2f7052941334b57e7224cad74d9c3/hey-thats-my-fish/penguin.obj",
        "DiffuseURL": "https://glcdn.githack.com/Lixquid/tabletop-simulator-assets/raw/ab74b56f88a2f7052941334b57e7224cad74d9c3/hey-thats-my-fish/penguin.png",
        "NormalURL": "",
        "ColliderURL": "",
        "Convex": true,
        "MaterialIndex": 1,
        "TypeIndex": 1,
        "CastShadows": true
      },
      "LuaScript": "",
      "LuaScriptState": "",
      "XmlUI": "",
      "GUID": "26cfce"
    },
    {
      "Name": "Custom_Model",
      "Transform": {
        "posX": -12.371253,
        "posY": 0.9758624,
        "posZ": 3.856224,
        "rotX": 2.00571012,
        "rotY": 120.067169,
        "rotZ": 0.0159235112,
        "scaleX": 1.49999964,
        "scaleY": 1.49999964,
        "scaleZ": 1.49999964
      },
      "Nickname": "",
      "Description": "",
      "GMNotes": "",
      "ColorDiffuse": {
        "r": 0.8,
        "g": 0.8,
        "b": 0.129411608
      },
      "Locked": false,
      "Grid": true,
      "Snap": true,
      "IgnoreFoW": false,
      "MeasureMovement": false,
      "DragSelectable": true,
      "Autoraise": true,
      "Sticky": true,
      "Tooltip": true,
      "GridProjection": false,
      "HideWhenFaceDown": false,
      "Hands": false,
      "CustomMesh": {
        "MeshURL": "https://glcdn.githack.com/Lixquid/tabletop-simulator-assets/raw/ab74b56f88a2f7052941334b57e7224cad74d9c3/hey-thats-my-fish/penguin.obj",
        "DiffuseURL": "https://glcdn.githack.com/Lixquid/tabletop-simulator-assets/raw/ab74b56f88a2f7052941334b57e7224cad74d9c3/hey-thats-my-fish/penguin.png",
        "NormalURL": "",
        "ColliderURL": "",
        "Convex": true,
        "MaterialIndex": 1,
        "TypeIndex": 1,
        "CastShadows": true
      },
      "LuaScript": "",
      "LuaScriptState": "",
      "XmlUI": "",
      "GUID": "b537c8"
    },
    {
      "Name": "Custom_Model",
      "Transform": {
        "posX": -10.4789448,
        "posY": 0.954495549,
        "posZ": 3.850012,
        "rotX": -3.47722312E-06,
        "rotY": 119.999947,
        "rotZ": 2.73607457E-05,
        "scaleX": 1.49999964,
        "scaleY": 1.49999964,
        "scaleZ": 1.49999964
      },
      "Nickname": "",
      "Description": "",
      "GMNotes": "",
      "ColorDiffuse": {
        "r": 0.8,
        "g": 0.8,
        "b": 0.129411608
      },
      "Locked": false,
      "Grid": true,
      "Snap": true,
      "IgnoreFoW": false,
      "MeasureMovement": false,
      "DragSelectable": true,
      "Autoraise": true,
      "Sticky": true,
      "Tooltip": true,
      "GridProjection": false,
      "HideWhenFaceDown": false,
      "Hands": false,
      "CustomMesh": {
        "MeshURL": "https://glcdn.githack.com/Lixquid/tabletop-simulator-assets/raw/ab74b56f88a2f7052941334b57e7224cad74d9c3/hey-thats-my-fish/penguin.obj",
        "DiffuseURL": "https://glcdn.githack.com/Lixquid/tabletop-simulator-assets/raw/ab74b56f88a2f7052941334b57e7224cad74d9c3/hey-thats-my-fish/penguin.png",
        "NormalURL": "",
        "ColliderURL": "",
        "Convex": true,
        "MaterialIndex": 1,
        "TypeIndex": 1,
        "CastShadows": true
      },
      "LuaScript": "",
      "LuaScriptState": "",
      "XmlUI": "",
      "GUID": "f27917"
    },
    {
      "Name": "Custom_Model",
      "Transform": {
        "posX": -2.85859966,
        "posY": 0.9790412,
        "posZ": 12.6565084,
        "rotX": 2.31573844,
        "rotY": 180.050629,
        "rotZ": 0.0231899936,
        "scaleX": 1.49999964,
        "scaleY": 1.49999964,
        "scaleZ": 1.49999964
      },
      "Nickname": "",
      "Description": "",
      "GMNotes": "",
      "ColorDiffuse": {
        "r": 0.129411608,
        "g": 0.8,
        "b": 0.129411608
      },
      "Locked": false,
      "Grid": true,
      "Snap": true,
      "IgnoreFoW": false,
      "MeasureMovement": false,
      "DragSelectable": true,
      "Autoraise": true,
      "Sticky": true,
      "Tooltip": true,
      "GridProjection": false,
      "HideWhenFaceDown": false,
      "Hands": false,
      "CustomMesh": {
        "MeshURL": "https://glcdn.githack.com/Lixquid/tabletop-simulator-assets/raw/ab74b56f88a2f7052941334b57e7224cad74d9c3/hey-thats-my-fish/penguin.obj",
        "DiffuseURL": "https://glcdn.githack.com/Lixquid/tabletop-simulator-assets/raw/ab74b56f88a2f7052941334b57e7224cad74d9c3/hey-thats-my-fish/penguin.png",
        "NormalURL": "",
        "ColliderURL": "",
        "Convex": true,
        "MaterialIndex": 1,
        "TypeIndex": 1,
        "CastShadows": true
      },
      "LuaScript": "",
      "LuaScriptState": "",
      "XmlUI": "",
      "GUID": "9b3437"
    },
    {
      "Name": "Custom_Model",
      "Transform": {
        "posX": -1.90547848,
        "posY": 0.9544919,
        "posZ": 11.0010891,
        "rotX": 5.0190305E-05,
        "rotY": 180.018341,
        "rotZ": -0.000101158592,
        "scaleX": 1.49999964,
        "scaleY": 1.49999964,
        "scaleZ": 1.49999964
      },
      "Nickname": "",
      "Description": "",
      "GMNotes": "",
      "ColorDiffuse": {
        "r": 0.129411608,
        "g": 0.8,
        "b": 0.129411608
      },
      "Locked": false,
      "Grid": true,
      "Snap": true,
      "IgnoreFoW": false,
      "MeasureMovement": false,
      "DragSelectable": true,
      "Autoraise": true,
      "Sticky": true,
      "Tooltip": true,
      "GridProjection": false,
      "HideWhenFaceDown": false,
      "Hands": false,
      "CustomMesh": {
        "MeshURL": "https://glcdn.githack.com/Lixquid/tabletop-simulator-assets/raw/ab74b56f88a2f7052941334b57e7224cad74d9c3/hey-thats-my-fish/penguin.obj",
        "DiffuseURL": "https://glcdn.githack.com/Lixquid/tabletop-simulator-assets/raw/ab74b56f88a2f7052941334b57e7224cad74d9c3/hey-thats-my-fish/penguin.png",
        "NormalURL": "",
        "ColliderURL": "",
        "Convex": true,
        "MaterialIndex": 1,
        "TypeIndex": 1,
        "CastShadows": true
      },
      "LuaScript": "",
      "LuaScriptState": "",
      "XmlUI": "",
      "GUID": "fddc62"
    },
    {
      "Name": "Custom_Model",
      "Transform": {
        "posX": -3.809446,
        "posY": 0.9544936,
        "posZ": 11.0171719,
        "rotX": -1.5350488E-05,
        "rotY": 180.0613,
        "rotZ": 1.34857873E-05,
        "scaleX": 1.49999964,
        "scaleY": 1.49999964,
        "scaleZ": 1.49999964
      },
      "Nickname": "",
      "Description": "",
      "GMNotes": "",
      "ColorDiffuse": {
        "r": 0.129411608,
        "g": 0.8,
        "b": 0.129411608
      },
      "Locked": false,
      "Grid": true,
      "Snap": true,
      "IgnoreFoW": false,
      "MeasureMovement": false,
      "DragSelectable": true,
      "Autoraise": true,
      "Sticky": true,
      "Tooltip": true,
      "GridProjection": false,
      "HideWhenFaceDown": false,
      "Hands": false,
      "CustomMesh": {
        "MeshURL": "https://glcdn.githack.com/Lixquid/tabletop-simulator-assets/raw/ab74b56f88a2f7052941334b57e7224cad74d9c3/hey-thats-my-fish/penguin.obj",
        "DiffuseURL": "https://glcdn.githack.com/Lixquid/tabletop-simulator-assets/raw/ab74b56f88a2f7052941334b57e7224cad74d9c3/hey-thats-my-fish/penguin.png",
        "NormalURL": "",
        "ColliderURL": "",
        "Convex": true,
        "MaterialIndex": 1,
        "TypeIndex": 1,
        "CastShadows": true
      },
      "LuaScript": "",
      "LuaScriptState": "",
      "XmlUI": "",
      "GUID": "2a54db"
    },
    {
      "Name": "Custom_Model",
      "Transform": {
        "posX": -4.762784,
        "posY": 0.9794489,
        "posZ": 12.6565771,
        "rotX": 2.3460834,
        "rotY": 180.070374,
        "rotZ": 0.006486091,
        "scaleX": 1.49999964,
        "scaleY": 1.49999964,
        "scaleZ": 1.49999964
      },
      "Nickname": "",
      "Description": "",
      "GMNotes": "",
      "ColorDiffuse": {
        "r": 0.129411608,
        "g": 0.8,
        "b": 0.129411608
      },
      "Locked": false,
      "Grid": true,
      "Snap": true,
      "IgnoreFoW": false,
      "MeasureMovement": false,
      "DragSelectable": true,
      "Autoraise": true,
      "Sticky": true,
      "Tooltip": true,
      "GridProjection": false,
      "HideWhenFaceDown": false,
      "Hands": false,
      "CustomMesh": {
        "MeshURL": "https://glcdn.githack.com/Lixquid/tabletop-simulator-assets/raw/ab74b56f88a2f7052941334b57e7224cad74d9c3/hey-thats-my-fish/penguin.obj",
        "DiffuseURL": "https://glcdn.githack.com/Lixquid/tabletop-simulator-assets/raw/ab74b56f88a2f7052941334b57e7224cad74d9c3/hey-thats-my-fish/penguin.png",
        "NormalURL": "",
        "ColliderURL": "",
        "Convex": true,
        "MaterialIndex": 1,
        "TypeIndex": 1,
        "CastShadows": true
      },
      "LuaScript": "",
      "LuaScriptState": "",
      "XmlUI": "",
      "GUID": "c164dd"
    },
    {
      "Name": "Custom_Model",
      "Transform": {
        "posX": 8.57366848,
        "posY": 0.954496,
        "posZ": 7.150005,
        "rotX": 4.41750672E-05,
        "rotY": 239.999878,
        "rotZ": -1.99015576E-05,
        "scaleX": 1.49999964,
        "scaleY": 1.49999964,
        "scaleZ": 1.49999964
      },
      "Nickname": "",
      "Description": "",
      "GMNotes": "",
      "ColorDiffuse": {
        "r": 0.129411608,
        "g": 0.3960783,
        "b": 0.8
      },
      "Locked": false,
      "Grid": true,
      "Snap": true,
      "IgnoreFoW": false,
      "MeasureMovement": false,
      "DragSelectable": true,
      "Autoraise": true,
      "Sticky": true,
      "Tooltip": true,
      "GridProjection": false,
      "HideWhenFaceDown": false,
      "Hands": false,
      "CustomMesh": {
        "MeshURL": "https://glcdn.githack.com/Lixquid/tabletop-simulator-assets/raw/ab74b56f88a2f7052941334b57e7224cad74d9c3/hey-thats-my-fish/penguin.obj",
        "DiffuseURL": "https://glcdn.githack.com/Lixquid/tabletop-simulator-assets/raw/ab74b56f88a2f7052941334b57e7224cad74d9c3/hey-thats-my-fish/penguin.png",
        "NormalURL": "",
        "ColliderURL": "",
        "Convex": true,
        "MaterialIndex": 1,
        "TypeIndex": 1,
        "CastShadows": true
      },
      "LuaScript": "",
      "LuaScriptState": "",
      "XmlUI": "",
      "GUID": "0960ae"
    },
    {
      "Name": "Custom_Model",
      "Transform": {
        "posX": 9.527118,
        "posY": 0.9778851,
        "posZ": 8.800658,
        "rotX": 2.19795132,
        "rotY": 240.000549,
        "rotZ": 0.007301613,
        "scaleX": 1.49999964,
        "scaleY": 1.49999964,
        "scaleZ": 1.49999964
      },
      "Nickname": "",
      "Description": "",
      "GMNotes": "",
      "ColorDiffuse": {
        "r": 0.129411608,
        "g": 0.3960783,
        "b": 0.8
      },
      "Locked": false,
      "Grid": true,
      "Snap": true,
      "IgnoreFoW": false,
      "MeasureMovement": false,
      "DragSelectable": true,
      "Autoraise": true,
      "Sticky": true,
      "Tooltip": true,
      "GridProjection": false,
      "HideWhenFaceDown": false,
      "Hands": false,
      "CustomMesh": {
        "MeshURL": "https://glcdn.githack.com/Lixquid/tabletop-simulator-assets/raw/ab74b56f88a2f7052941334b57e7224cad74d9c3/hey-thats-my-fish/penguin.obj",
        "DiffuseURL": "https://glcdn.githack.com/Lixquid/tabletop-simulator-assets/raw/ab74b56f88a2f7052941334b57e7224cad74d9c3/hey-thats-my-fish/penguin.png",
        "NormalURL": "",
        "ColliderURL": "",
        "Convex": true,
        "MaterialIndex": 1,
        "TypeIndex": 1,
        "CastShadows": true
      },
      "LuaScript": "",
      "LuaScriptState": "",
      "XmlUI": "",
      "GUID": "2f0af1"
    },
    {
      "Name": "Custom_Model",
      "Transform": {
        "posX": 7.62103033,
        "posY": 0.954496741,
        "posZ": 8.800005,
        "rotX": 2.41549315E-05,
        "rotY": 239.999985,
        "rotZ": 7.23803339E-07,
        "scaleX": 1.49999964,
        "scaleY": 1.49999964,
        "scaleZ": 1.49999964
      },
      "Nickname": "",
      "Description": "",
      "GMNotes": "",
      "ColorDiffuse": {
        "r": 0.129411608,
        "g": 0.3960783,
        "b": 0.8
      },
      "Locked": false,
      "Grid": true,
      "Snap": true,
      "IgnoreFoW": false,
      "MeasureMovement": false,
      "DragSelectable": true,
      "Autoraise": true,
      "Sticky": true,
      "Tooltip": true,
      "GridProjection": false,
      "HideWhenFaceDown": false,
      "Hands": false,
      "CustomMesh": {
        "MeshURL": "https://glcdn.githack.com/Lixquid/tabletop-simulator-assets/raw/ab74b56f88a2f7052941334b57e7224cad74d9c3/hey-thats-my-fish/penguin.obj",
        "DiffuseURL": "https://glcdn.githack.com/Lixquid/tabletop-simulator-assets/raw/ab74b56f88a2f7052941334b57e7224cad74d9c3/hey-thats-my-fish/penguin.png",
        "NormalURL": "",
        "ColliderURL": "",
        "Convex": true,
        "MaterialIndex": 1,
        "TypeIndex": 1,
        "CastShadows": true
      },
      "LuaScript": "",
      "LuaScriptState": "",
      "XmlUI": "",
      "GUID": "f34e21"
    },
    {
      "Name": "Custom_Model",
      "Transform": {
        "posX": 8.574659,
        "posY": 0.9780109,
        "posZ": 10.4509249,
        "rotX": 2.22367287,
        "rotY": 239.9833,
        "rotZ": 0.005203079,
        "scaleX": 1.49999964,
        "scaleY": 1.49999964,
        "scaleZ": 1.49999964
      },
      "Nickname": "",
      "Description": "",
      "GMNotes": "",
      "ColorDiffuse": {
        "r": 0.129411608,
        "g": 0.3960783,
        "b": 0.8
      },
      "Locked": false,
      "Grid": true,
      "Snap": true,
      "IgnoreFoW": false,
      "MeasureMovement": false,
      "DragSelectable": true,
      "Autoraise": true,
      "Sticky": true,
      "Tooltip": true,
      "GridProjection": false,
      "HideWhenFaceDown": false,
      "Hands": false,
      "CustomMesh": {
        "MeshURL": "https://glcdn.githack.com/Lixquid/tabletop-simulator-assets/raw/ab74b56f88a2f7052941334b57e7224cad74d9c3/hey-thats-my-fish/penguin.obj",
        "DiffuseURL": "https://glcdn.githack.com/Lixquid/tabletop-simulator-assets/raw/ab74b56f88a2f7052941334b57e7224cad74d9c3/hey-thats-my-fish/penguin.png",
        "NormalURL": "",
        "ColliderURL": "",
        "Convex": true,
        "MaterialIndex": 1,
        "TypeIndex": 1,
        "CastShadows": true
      },
      "LuaScript": "",
      "LuaScriptState": "",
      "XmlUI": "",
      "GUID": "7a6042"
    }
  ],
  "LuaScript": "--[[----------------------------------------------------------------------------\n-- Hey, That's My Fish! - Scripted Edition\n-- Script, Art Assets by Lixquid\n-- Manual, Game Design by Fantasy Flight Games\n-- Background by https://pxhere.com/en/photo/895374, licensed under CC0 Public Domain\n-- Penguin model by https://sketchfab.com/3d-models/penguin-f65e799bf9534c66a12724a93bb72c39, licensed under CC Attribution - NoDerivs\n--]]----------------------------------------------------------------------------\n\n-- Objects ---------------------------------------------------------------------\n\nlocal BAG_RED\nlocal BAG_YELLOW\nlocal BAG_GREEN\nlocal BAG_BLUE\nlocal COUNTER_RED\nlocal COUNTER_YELLOW\nlocal COUNTER_GREEN\nlocal COUNTER_BLUE\n\n-- Tiles -----------------------------------------------------------------------\n\nlocal tileImages = {\n    \"https://glcdn.githack.com/Lixquid/tabletop-simulator-assets/raw/ab74b56f88a2f7052941334b57e7224cad74d9c3/hey-thats-my-fish/one.png\",\n    \"https://glcdn.githack.com/Lixquid/tabletop-simulator-assets/raw/ab74b56f88a2f7052941334b57e7224cad74d9c3/hey-thats-my-fish/two.png\",\n    \"https://glcdn.githack.com/Lixquid/tabletop-simulator-assets/raw/ab74b56f88a2f7052941334b57e7224cad74d9c3/hey-thats-my-fish/three.png\",\n}\nlocal function spawnTile(pos, num)\n    local o = spawnObject({\n        type = \"Custom_Tile\",\n        position = pos,\n        rotation = {0, 90, 0},\n        snap_to_grid = true,\n        sound = false\n    })\n    o.setCustomObject({\n        image = tileImages[num],\n        image_bottom = \"https://glcdn.githack.com/Lixquid/tabletop-simulator-assets/raw/ab74b56f88a2f7052941334b57e7224cad74d9c3/hey-thats-my-fish/sea.png\",\n        type = 1 -- Hex\n    })\n    o.setColorTint({0x22 / 0xff, 0x66 / 0xff, 0xcc / 0xff})\n    o.setName(num .. \" fish\")\nend\n\nlocal function getTileLayout()\n    local tiles = {}\n    for i = 1, 30 do\n        table.insert(tiles, 1)\n        if i <= 20 then table.insert(tiles, 2) end\n        if i <= 10 then table.insert(tiles, 3) end\n    end\n    for i = 60, 1, -1 do\n        local j = math.random(i)\n        tiles[i], tiles[j] = tiles[j], tiles[i]\n    end\n    return tiles\nend\n\nlocal TILE_OFFSET_X = -5.72\nlocal TILE_OFFSET_Z = 5.5\nlocal TILE_DELTA_X = 1.91\nlocal TILE_DELTA_Z = -1.65\n\nfunction buildTiles()\n    -- Cleanup\n    for _, o in next, getAllObjects() do\n        local name = o.getName()\n        if name == \"1 fish\" or name == \"2 fish\" or name == \"3 fish\" then\n            destroyObject(o)\n        end\n    end\n    local function emptyBag(bag)\n        if not bag then return end\n        for _, v in next, bag.getObjects() do\n            bag.takeObject({\n                position = {0, -5, 0},\n                smooth = false,\n                guid = v.guid,\n                callback_function = destroyObject\n            })\n        end\n    end\n    emptyBag(BAG_RED)\n    emptyBag(BAG_YELLOW)\n    emptyBag(BAG_GREEN)\n    emptyBag(BAG_BLUE)\n\n    -- Build\n    local tiles = getTileLayout()\n    local i = 1\n    for y = 0, 7 do\n        for x = 0, 7 do\n            if x < 7 or y % 2 == 1 then\n                spawnTile({\n                    TILE_OFFSET_X + x * TILE_DELTA_X - y % 2 * TILE_DELTA_X / 2,\n                    1,\n                    TILE_OFFSET_Z + y * TILE_DELTA_Z\n                }, tiles[i])\n                i = i + 1\n            end\n        end\n    end\nend\n\n-- Scores ----------------------------------------------------------------------\n\nlocal function calculateScores()\n    local function calc(bag, counter)\n        if not bag or not counter then return end\n        local score = 0\n        for _, tile in next, bag.getObjects() do\n            local name = tile.name\n            if name == \"1 fish\" then score = score + 1\n            elseif name == \"2 fish\" then score = score + 2\n            elseif name == \"3 fish\" then score = score + 3\n            end\n        end\n        counter.Counter.setValue(score)\n    end\n    calc(BAG_RED, COUNTER_RED)\n    calc(BAG_YELLOW, COUNTER_YELLOW)\n    calc(BAG_GREEN, COUNTER_GREEN)\n    calc(BAG_BLUE, COUNTER_BLUE)\nend\n\n-- Lifecycle -------------------------------------------------------------------\n\nfunction onLoad()\n    BAG_RED = getObjectFromGUID(\"aaa482\")\n    BAG_YELLOW = getObjectFromGUID(\"48e68f\")\n    BAG_GREEN = getObjectFromGUID(\"81096a\")\n    BAG_BLUE = getObjectFromGUID(\"95b911\")\n    COUNTER_RED = getObjectFromGUID(\"1cf178\")\n    COUNTER_YELLOW = getObjectFromGUID(\"6eae90\")\n    COUNTER_GREEN = getObjectFromGUID(\"46d089\")\n    COUNTER_BLUE = getObjectFromGUID(\"5e84db\")\n    buildTiles()\nend\nfunction onObjectEnterContainer()\n    calculateScores()\nend\nfunction onObjectLeaveContainer()\n    calculateScores()\nend",
  "LuaScriptState": "",
  "XmlUI": "<!-- Xml UI. See documentation: https://api.tabletopsimulator.com/ui/introUI/ -->",
  "VersionNumber": "v12.1.6"
}