{
  "SaveName": "Yahtzee Fully Scripted",
  "GameMode": "Flex Table",
  "Date": "4/30/2020 8:02:58 AM",
  "Gravity": 0.5,
  "PlayArea": 0.5,
  "GameType": "",
  "GameComplexity": "",
  "Tags": [],
  "Table": "Table_None",
  "Sky": "Sky_Museum",
  "Note": "",
  "Rules": "",
  "Grid": {
    "Type": 0,
    "Lines": false,
    "Color": {
      "r": 0.0,
      "g": 0.0,
      "b": 0.0
    },
    "Opacity": 0.75,
    "ThickLines": false,
    "Snapping": false,
    "Offset": false,
    "BothSnapping": false,
    "xSize": 2.0,
    "ySize": 2.0,
    "PosOffset": {
      "x": 0.0,
      "y": 1.0,
      "z": 0.0
    }
  },
  "Lighting": {
    "LightIntensity": 0.54,
    "LightColor": {
      "r": 1.0,
      "g": 0.9804,
      "b": 0.8902
    },
    "AmbientIntensity": 1.3,
    "AmbientType": 0,
    "AmbientSkyColor": {
      "r": 0.5,
      "g": 0.5,
      "b": 0.5
    },
    "AmbientEquatorColor": {
      "r": 0.5,
      "g": 0.5,
      "b": 0.5
    },
    "AmbientGroundColor": {
      "r": 0.5,
      "g": 0.5,
      "b": 0.5
    },
    "ReflectionIntensity": 1.0,
    "LutIndex": 0,
    "LutContribution": 1.0
  },
  "Hands": {
    "Enable": true,
    "DisableUnused": false,
    "Hiding": 0,
    "HandTransforms": [
      {
        "Color": "Red",
        "Transform": {
          "posX": -28.75,
          "posY": 5.0,
          "posZ": 0.0,
          "rotX": 0.0,
          "rotY": 90.0,
          "rotZ": 0.0,
          "scaleX": 11.7477913,
          "scaleY": 7.0,
          "scaleZ": 4.0845747
        }
      },
      {
        "Color": "Blue",
        "Transform": {
          "posX": 28.7500057,
          "posY": 5.0,
          "posZ": 0.0,
          "rotX": 0.0,
          "rotY": 270.0,
          "rotZ": 0.0,
          "scaleX": 11.74757,
          "scaleY": 7.0,
          "scaleZ": 4.084502
        }
      },
      {
        "Color": "White",
        "Transform": {
          "posX": -16.0,
          "posY": 5.0,
          "posZ": -20.0,
          "rotX": 0.0,
          "rotY": 0.0,
          "rotZ": 0.0,
          "scaleX": 11.8350019,
          "scaleY": 6.483764,
          "scaleZ": 3.9108
        }
      },
      {
        "Color": "Green",
        "Transform": {
          "posX": -16.0,
          "posY": 5.0,
          "posZ": 20.0,
          "rotX": 0.0,
          "rotY": 180.0,
          "rotZ": 0.0,
          "scaleX": 11.8350945,
          "scaleY": 6.483764,
          "scaleZ": 2.60719967
        }
      },
      {
        "Color": "Yellow",
        "Transform": {
          "posX": 16.0,
          "posY": 5.0,
          "posZ": 20.0,
          "rotX": 0.0,
          "rotY": 180.0,
          "rotZ": 0.0,
          "scaleX": 11.8350191,
          "scaleY": 6.483764,
          "scaleZ": 3.91080236
        }
      },
      {
        "Color": "Purple",
        "Transform": {
          "posX": 16.0,
          "posY": 5.0,
          "posZ": -20.0,
          "rotX": 0.0,
          "rotY": 359.58783,
          "rotZ": 0.0,
          "scaleX": 11.8379765,
          "scaleY": 6.483764,
          "scaleZ": 2.607201
        }
      },
      {
        "Color": "Orange",
        "Transform": {
          "posX": 0.0,
          "posY": 5.0,
          "posZ": -20.0,
          "rotX": 0.0,
          "rotY": 0.0,
          "rotZ": 0.0,
          "scaleX": 11.8350019,
          "scaleY": 6.483764,
          "scaleZ": 2.60719967
        }
      },
      {
        "Color": "Pink",
        "Transform": {
          "posX": 0.0,
          "posY": 5.0,
          "posZ": 20.0,
          "rotX": 0.0,
          "rotY": 180.0,
          "rotZ": 0.0,
          "scaleX": 11.8350019,
          "scaleY": 6.483764,
          "scaleZ": 3.9108
        }
      }
    ]
  },
  "Turns": {
    "Enable": false,
    "Type": 0,
    "TurnOrder": [],
    "Reverse": false,
    "SkipEmpty": false,
    "DisableInteractions": false,
    "PassTurns": true,
    "TurnColor": ""
  },
  "TabStates": {
    "0": {
      "title": "Rules",
      "body": "",
      "color": "Grey",
      "visibleColor": {
        "r": 0.5,
        "g": 0.5,
        "b": 0.5
      },
      "id": 0
    },
    "1": {
      "title": "White",
      "body": "",
      "color": "White",
      "visibleColor": {
        "r": 1.0,
        "g": 1.0,
        "b": 1.0
      },
      "id": 1
    },
    "2": {
      "title": "Brown",
      "body": "",
      "color": "Brown",
      "visibleColor": {
        "r": 0.443,
        "g": 0.231,
        "b": 0.09
      },
      "id": 2
    },
    "3": {
      "title": "Red",
      "body": "",
      "color": "Red",
      "visibleColor": {
        "r": 0.856,
        "g": 0.1,
        "b": 0.094
      },
      "id": 3
    },
    "4": {
      "title": "Orange",
      "body": "",
      "color": "Orange",
      "visibleColor": {
        "r": 0.956,
        "g": 0.392,
        "b": 0.113
      },
      "id": 4
    },
    "5": {
      "title": "Yellow",
      "body": "",
      "color": "Yellow",
      "visibleColor": {
        "r": 0.905,
        "g": 0.898,
        "b": 0.172
      },
      "id": 5
    },
    "6": {
      "title": "Green",
      "body": "",
      "color": "Green",
      "visibleColor": {
        "r": 0.192,
        "g": 0.701,
        "b": 0.168
      },
      "id": 6
    },
    "7": {
      "title": "Blue",
      "body": "",
      "color": "Blue",
      "visibleColor": {
        "r": 0.118,
        "g": 0.53,
        "b": 1.0
      },
      "id": 7
    },
    "8": {
      "title": "Teal",
      "body": "",
      "color": "Teal",
      "visibleColor": {
        "r": 0.129,
        "g": 0.694,
        "b": 0.607
      },
      "id": 8
    },
    "9": {
      "title": "Purple",
      "body": "",
      "color": "Purple",
      "visibleColor": {
        "r": 0.627,
        "g": 0.125,
        "b": 0.941
      },
      "id": 9
    },
    "10": {
      "title": "Pink",
      "body": "",
      "color": "Pink",
      "visibleColor": {
        "r": 0.96,
        "g": 0.439,
        "b": 0.807
      },
      "id": 10
    },
    "11": {
      "title": "Black",
      "body": "",
      "color": "Black",
      "visibleColor": {
        "r": 0.25,
        "g": 0.25,
        "b": 0.25
      },
      "id": 11
    }
  },
  "DecalPallet": [],
  "ObjectStates": [
    {
      "Name": "Custom_Assetbundle",
      "Transform": {
        "posX": -9.0,
        "posY": -9.0,
        "posZ": 0.0,
        "rotX": 0.0,
        "rotY": 0.0,
        "rotZ": 0.0,
        "scaleX": 1.0,
        "scaleY": 1.0,
        "scaleZ": 1.0
      },
      "Nickname": "",
      "Description": "",
      "GMNotes": "",
      "ColorDiffuse": {
        "r": 1.0,
        "g": 1.0,
        "b": 1.0
      },
      "Locked": true,
      "Grid": true,
      "Snap": true,
      "IgnoreFoW": false,
      "MeasureMovement": false,
      "DragSelectable": true,
      "Autoraise": true,
      "Sticky": true,
      "Tooltip": true,
      "GridProjection": false,
      "HideWhenFaceDown": false,
      "Hands": false,
      "CustomAssetbundle": {
        "AssetbundleURL": "http://cloud-3.steamusercontent.com/ugc/879750610978795929/723C50F43FAB3DE3DC12CB8460536E8CB34B60A3/",
        "AssetbundleSecondaryURL": "",
        "MaterialIndex": 2,
        "TypeIndex": 4,
        "LoopingEffectIndex": 0
      },
      "LuaScript": "",
      "LuaScriptState": "",
      "XmlUI": "",
      "GUID": "afc863"
    },
    {
      "Name": "Custom_Assetbundle",
      "Transform": {
        "posX": -9.0,
        "posY": -9.0,
        "posZ": 0.0,
        "rotX": 0.0,
        "rotY": 90.0,
        "rotZ": 0.0,
        "scaleX": 1.0,
        "scaleY": 1.0,
        "scaleZ": 1.0
      },
      "Nickname": "",
      "Description": "",
      "GMNotes": "",
      "ColorDiffuse": {
        "r": 1.0,
        "g": 1.0,
        "b": 1.0
      },
      "Locked": true,
      "Grid": true,
      "Snap": true,
      "IgnoreFoW": false,
      "MeasureMovement": false,
      "DragSelectable": true,
      "Autoraise": true,
      "Sticky": true,
      "Tooltip": true,
      "GridProjection": false,
      "HideWhenFaceDown": false,
      "Hands": false,
      "CustomAssetbundle": {
        "AssetbundleURL": "http://cloud-3.steamusercontent.com/ugc/879750610978795929/723C50F43FAB3DE3DC12CB8460536E8CB34B60A3/",
        "AssetbundleSecondaryURL": "",
        "MaterialIndex": 2,
        "TypeIndex": 4,
        "LoopingEffectIndex": 0
      },
      "LuaScript": "",
      "LuaScriptState": "",
      "XmlUI": "",
      "GUID": "c8edca"
    },
    {
      "Name": "Custom_Assetbundle",
      "Transform": {
        "posX": 9.0,
        "posY": -9.0,
        "posZ": 0.0,
        "rotX": 0.0,
        "rotY": 180.0,
        "rotZ": 0.0,
        "scaleX": 1.0,
        "scaleY": 1.0,
        "scaleZ": 1.0
      },
      "Nickname": "",
      "Description": "",
      "GMNotes": "",
      "ColorDiffuse": {
        "r": 1.0,
        "g": 1.0,
        "b": 1.0
      },
      "Locked": true,
      "Grid": true,
      "Snap": true,
      "IgnoreFoW": false,
      "MeasureMovement": false,
      "DragSelectable": true,
      "Autoraise": true,
      "Sticky": true,
      "Tooltip": true,
      "GridProjection": false,
      "HideWhenFaceDown": false,
      "Hands": false,
      "CustomAssetbundle": {
        "AssetbundleURL": "http://cloud-3.steamusercontent.com/ugc/879750610978795929/723C50F43FAB3DE3DC12CB8460536E8CB34B60A3/",
        "AssetbundleSecondaryURL": "",
        "MaterialIndex": 2,
        "TypeIndex": 4,
        "LoopingEffectIndex": 0
      },
      "LuaScript": "",
      "LuaScriptState": "",
      "XmlUI": "",
      "GUID": "393bf7"
    },
    {
      "Name": "Custom_Assetbundle",
      "Transform": {
        "posX": 9.0,
        "posY": -9.0,
        "posZ": 0.0,
        "rotX": 0.0,
        "rotY": 270.0,
        "rotZ": 0.0,
        "scaleX": 1.0,
        "scaleY": 1.0,
        "scaleZ": 1.0
      },
      "Nickname": "",
      "Description": "",
      "GMNotes": "",
      "ColorDiffuse": {
        "r": 1.0,
        "g": 1.0,
        "b": 1.0
      },
      "Locked": true,
      "Grid": true,
      "Snap": true,
      "IgnoreFoW": false,
      "MeasureMovement": false,
      "DragSelectable": true,
      "Autoraise": true,
      "Sticky": true,
      "Tooltip": true,
      "GridProjection": false,
      "HideWhenFaceDown": false,
      "Hands": false,
      "CustomAssetbundle": {
        "AssetbundleURL": "http://cloud-3.steamusercontent.com/ugc/879750610978795929/723C50F43FAB3DE3DC12CB8460536E8CB34B60A3/",
        "AssetbundleSecondaryURL": "",
        "MaterialIndex": 2,
        "TypeIndex": 4,
        "LoopingEffectIndex": 0
      },
      "LuaScript": "",
      "LuaScriptState": "",
      "XmlUI": "",
      "GUID": "12c65e"
    },
    {
      "Name": "Custom_Assetbundle",
      "Transform": {
        "posX": 0.0,
        "posY": -9.0,
        "posZ": 0.0,
        "rotX": 0.0,
        "rotY": 0.0,
        "rotZ": 0.0,
        "scaleX": 1.5,
        "scaleY": 1.0,
        "scaleZ": 1.0
      },
      "Nickname": "",
      "Description": "",
      "GMNotes": "",
      "ColorDiffuse": {
        "r": 1.0,
        "g": 1.0,
        "b": 1.0
      },
      "Locked": true,
      "Grid": true,
      "Snap": true,
      "IgnoreFoW": false,
      "MeasureMovement": false,
      "DragSelectable": true,
      "Autoraise": true,
      "Sticky": true,
      "Tooltip": true,
      "GridProjection": false,
      "HideWhenFaceDown": false,
      "Hands": false,
      "CustomAssetbundle": {
        "AssetbundleURL": "http://cloud-3.steamusercontent.com/ugc/879750610978796471/14ED0DBD593370733A0309B0950004F33EB9FACA/",
        "AssetbundleSecondaryURL": "",
        "MaterialIndex": 1,
        "TypeIndex": 4,
        "LoopingEffectIndex": 0
      },
      "LuaScript": "",
      "LuaScriptState": "",
      "XmlUI": "",
      "GUID": "f938a2"
    },
    {
      "Name": "Custom_Assetbundle",
      "Transform": {
        "posX": -9.0,
        "posY": -9.0,
        "posZ": 0.0,
        "rotX": 0.0,
        "rotY": 90.0,
        "rotZ": 0.0,
        "scaleX": 1.0,
        "scaleY": 1.0,
        "scaleZ": 1.0
      },
      "Nickname": "",
      "Description": "",
      "GMNotes": "",
      "ColorDiffuse": {
        "r": 1.0,
        "g": 1.0,
        "b": 1.0
      },
      "Locked": true,
      "Grid": true,
      "Snap": true,
      "IgnoreFoW": false,
      "MeasureMovement": false,
      "DragSelectable": true,
      "Autoraise": true,
      "Sticky": true,
      "Tooltip": true,
      "GridProjection": false,
      "HideWhenFaceDown": false,
      "Hands": false,
      "CustomAssetbundle": {
        "AssetbundleURL": "http://cloud-3.steamusercontent.com/ugc/879750610978796471/14ED0DBD593370733A0309B0950004F33EB9FACA/",
        "AssetbundleSecondaryURL": "",
        "MaterialIndex": 1,
        "TypeIndex": 4,
        "LoopingEffectIndex": 0
      },
      "LuaScript": "",
      "LuaScriptState": "",
      "XmlUI": "",
      "GUID": "9f95fd"
    },
    {
      "Name": "Custom_Assetbundle",
      "Transform": {
        "posX": 0.0,
        "posY": -9.0,
        "posZ": 0.0,
        "rotX": 0.0,
        "rotY": 180.0,
        "rotZ": 0.0,
        "scaleX": 1.5,
        "scaleY": 1.0,
        "scaleZ": 1.0
      },
      "Nickname": "",
      "Description": "",
      "GMNotes": "",
      "ColorDiffuse": {
        "r": 1.0,
        "g": 1.0,
        "b": 1.0
      },
      "Locked": true,
      "Grid": true,
      "Snap": true,
      "IgnoreFoW": false,
      "MeasureMovement": false,
      "DragSelectable": true,
      "Autoraise": true,
      "Sticky": true,
      "Tooltip": true,
      "GridProjection": false,
      "HideWhenFaceDown": false,
      "Hands": false,
      "CustomAssetbundle": {
        "AssetbundleURL": "http://cloud-3.steamusercontent.com/ugc/879750610978796471/14ED0DBD593370733A0309B0950004F33EB9FACA/",
        "AssetbundleSecondaryURL": "",
        "MaterialIndex": 1,
        "TypeIndex": 4,
        "LoopingEffectIndex": 0
      },
      "LuaScript": "",
      "LuaScriptState": "",
      "XmlUI": "",
      "GUID": "35b95f"
    },
    {
      "Name": "Custom_Assetbundle",
      "Transform": {
        "posX": 9.0,
        "posY": -9.0,
        "posZ": 0.0,
        "rotX": 0.0,
        "rotY": 270.0,
        "rotZ": 0.0,
        "scaleX": 1.0,
        "scaleY": 1.0,
        "scaleZ": 1.0
      },
      "Nickname": "",
      "Description": "",
      "GMNotes": "",
      "ColorDiffuse": {
        "r": 1.0,
        "g": 1.0,
        "b": 1.0
      },
      "Locked": true,
      "Grid": true,
      "Snap": true,
      "IgnoreFoW": false,
      "MeasureMovement": false,
      "DragSelectable": true,
      "Autoraise": true,
      "Sticky": true,
      "Tooltip": true,
      "GridProjection": false,
      "HideWhenFaceDown": false,
      "Hands": false,
      "CustomAssetbundle": {
        "AssetbundleURL": "http://cloud-3.steamusercontent.com/ugc/879750610978796471/14ED0DBD593370733A0309B0950004F33EB9FACA/",
        "AssetbundleSecondaryURL": "",
        "MaterialIndex": 1,
        "TypeIndex": 4,
        "LoopingEffectIndex": 0
      },
      "LuaScript": "",
      "LuaScriptState": "",
      "XmlUI": "",
      "GUID": "5af8f2"
    },
    {
      "Name": "Custom_Model",
      "Transform": {
        "posX": 0.0104656266,
        "posY": -9.006769,
        "posZ": -0.00618202332,
        "rotX": 0.0,
        "rotY": 0.0,
        "rotZ": 0.0,
        "scaleX": 1.5,
        "scaleY": 1.0,
        "scaleZ": 1.0
      },
      "Nickname": "",
      "Description": "",
      "GMNotes": "",
      "ColorDiffuse": {
        "r": 1.0,
        "g": 1.0,
        "b": 1.0
      },
      "Locked": true,
      "Grid": true,
      "Snap": true,
      "IgnoreFoW": false,
      "MeasureMovement": false,
      "DragSelectable": true,
      "Autoraise": true,
      "Sticky": true,
      "Tooltip": true,
      "GridProjection": true,
      "HideWhenFaceDown": false,
      "Hands": false,
      "CustomMesh": {
        "MeshURL": "http://cloud-3.steamusercontent.com/ugc/879750610978796176/4A5A65543B98BCFBF57E910D06EC984208223D38/",
        "DiffuseURL": "https://i.imgur.com/N0O6aqj.jpg",
        "NormalURL": "",
        "ColliderURL": "",
        "Convex": true,
        "MaterialIndex": 1,
        "TypeIndex": 4,
        "CustomShader": {
          "SpecularColor": {
            "r": 1.0,
            "g": 1.0,
            "b": 1.0
          },
          "SpecularIntensity": 0.0,
          "SpecularSharpness": 2.0,
          "FresnelStrength": 0.0
        },
        "CastShadows": true
      },
      "LuaScript": "",
      "LuaScriptState": "",
      "XmlUI": "",
      "GUID": "4ee1f2"
    },
    {
      "Name": "Infinite_Bag",
      "Transform": {
        "posX": 25.4457779,
        "posY": 1.464499,
        "posZ": 16.7569847,
        "rotX": 0.0,
        "rotY": 0.0,
        "rotZ": 0.0,
        "scaleX": 1.0,
        "scaleY": 1.0,
        "scaleZ": 1.0
      },
      "Nickname": "",
      "Description": "",
      "GMNotes": "",
      "ColorDiffuse": {
        "r": 0.442998618,
        "g": 0.2309986,
        "b": 0.08999889
      },
      "Locked": true,
      "Grid": true,
      "Snap": true,
      "IgnoreFoW": false,
      "MeasureMovement": false,
      "DragSelectable": true,
      "Autoraise": true,
      "Sticky": true,
      "Tooltip": true,
      "GridProjection": false,
      "HideWhenFaceDown": false,
      "Hands": false,
      "MaterialIndex": -1,
      "MeshIndex": -1,
      "LuaScript": "",
      "LuaScriptState": "",
      "XmlUI": "",
      "ContainedObjects": [
        {
          "Name": "Custom_Board",
          "Transform": {
            "posX": 25.5872574,
            "posY": 3.58915925,
            "posZ": 15.99256,
            "rotX": 359.981628,
            "rotY": 180.006,
            "rotZ": 0.00192291988,
            "scaleX": 0.7750002,
            "scaleY": 0.7750002,
            "scaleZ": 0.7750002
          },
          "Nickname": "",
          "Description": "",
          "GMNotes": "",
          "ColorDiffuse": {
            "r": 0.7867647,
            "g": 0.7867647,
            "b": 0.7867647
          },
          "Locked": false,
          "Grid": true,
          "Snap": true,
          "IgnoreFoW": false,
          "MeasureMovement": false,
          "DragSelectable": true,
          "Autoraise": true,
          "Sticky": true,
          "Tooltip": true,
          "GridProjection": false,
          "HideWhenFaceDown": false,
          "Hands": false,
          "CustomImage": {
            "ImageURL": "http://cloud-3.steamusercontent.com/ugc/1001432055006922861/59E0DB29443F772046A8B21636F7FAFA51A3955D/",
            "ImageSecondaryURL": "",
            "ImageScalar": 1.0,
            "WidthScale": 0.6822382
          },
          "LuaScript": "",
          "LuaScriptState": "",
          "XmlUI": "",
          "GUID": "efd2a9"
        }
      ],
      "GUID": "b415e0"
    },
    {
      "Name": "Infinite_Bag",
      "Transform": {
        "posX": 22.69985,
        "posY": 1.464499,
        "posZ": 16.85211,
        "rotX": 0.0,
        "rotY": 180.0,
        "rotZ": 0.0,
        "scaleX": 1.0,
        "scaleY": 1.0,
        "scaleZ": 1.0
      },
      "Nickname": "",
      "Description": "",
      "GMNotes": "",
      "ColorDiffuse": {
        "r": 0.442998618,
        "g": 0.2309986,
        "b": 0.08999889
      },
      "Locked": true,
      "Grid": true,
      "Snap": true,
      "IgnoreFoW": false,
      "MeasureMovement": false,
      "DragSelectable": true,
      "Autoraise": true,
      "Sticky": true,
      "Tooltip": true,
      "GridProjection": false,
      "HideWhenFaceDown": false,
      "Hands": false,
      "MaterialIndex": -1,
      "MeshIndex": -1,
      "LuaScript": "",
      "LuaScriptState": "",
      "XmlUI": "",
      "ContainedObjects": [
        {
          "Name": "Custom_Dice",
          "Transform": {
            "posX": 22.0724468,
            "posY": 4.335316,
            "posZ": 16.4827385,
            "rotX": 343.6382,
            "rotY": 69.2728348,
            "rotZ": 175.715866,
            "scaleX": 2.0,
            "scaleY": 2.0,
            "scaleZ": 2.0
          },
          "Nickname": "",
          "Description": "",
          "GMNotes": "",
          "ColorDiffuse": {
            "r": 1.0,
            "g": 1.0,
            "b": 1.0
          },
          "Locked": false,
          "Grid": true,
          "Snap": true,
          "IgnoreFoW": false,
          "MeasureMovement": false,
          "DragSelectable": true,
          "Autoraise": true,
          "Sticky": true,
          "Tooltip": true,
          "GridProjection": false,
          "HideWhenFaceDown": false,
          "Hands": false,
          "CustomImage": {
            "ImageURL": "http://cloud-3.steamusercontent.com/ugc/1000305987938074985/20D4220C41EB13C681F847A920CCAC579B8C971A/",
            "ImageSecondaryURL": "",
            "ImageScalar": 1.0,
            "WidthScale": 0.0,
            "CustomDice": {
              "Type": 1
            }
          },
          "LuaScript": "",
          "LuaScriptState": "",
          "XmlUI": "",
          "GUID": "ad0690",
          "RotationValues": [
            {
              "Value": 1,
              "Rotation": {
                "x": -90.0,
                "y": 0.0,
                "z": 0.0
              }
            },
            {
              "Value": 2,
              "Rotation": {
                "x": 0.0,
                "y": 0.0,
                "z": 0.0
              }
            },
            {
              "Value": 3,
              "Rotation": {
                "x": 0.0,
                "y": 0.0,
                "z": -90.0
              }
            },
            {
              "Value": 4,
              "Rotation": {
                "x": 0.0,
                "y": 0.0,
                "z": 90.0
              }
            },
            {
              "Value": 5,
              "Rotation": {
                "x": 0.0,
                "y": 0.0,
                "z": -180.0
              }
            },
            {
              "Value": 6,
              "Rotation": {
                "x": 90.0,
                "y": 0.0,
                "z": 0.0
              }
            }
          ]
        }
      ],
      "GUID": "6322ef"
    },
    {
      "Name": "Custom_Dice",
      "Transform": {
        "posX": -6.0,
        "posY": 2.8,
        "posZ": 0.0,
        "rotX": 45.0000038,
        "rotY": 0.0,
        "rotZ": 45.0000038,
        "scaleX": 2.0,
        "scaleY": 2.0,
        "scaleZ": 2.0
      },
      "Nickname": "",
      "Description": "",
      "GMNotes": "",
      "ColorDiffuse": {
        "r": 1.0,
        "g": 1.0,
        "b": 1.0
      },
      "Locked": true,
      "Grid": true,
      "Snap": true,
      "IgnoreFoW": false,
      "MeasureMovement": false,
      "DragSelectable": true,
      "Autoraise": true,
      "Sticky": true,
      "Tooltip": true,
      "GridProjection": false,
      "HideWhenFaceDown": false,
      "Hands": false,
      "CustomImage": {
        "ImageURL": "http://cloud-3.steamusercontent.com/ugc/1000305987938074985/20D4220C41EB13C681F847A920CCAC579B8C971A/",
        "ImageSecondaryURL": "",
        "ImageScalar": 1.0,
        "WidthScale": 0.0,
        "CustomDice": {
          "Type": 1
        }
      },
      "LuaScript": "",
      "LuaScriptState": "",
      "XmlUI": "",
      "GUID": "b2fdb0",
      "RotationValues": [
        {
          "Value": 1,
          "Rotation": {
            "x": -90.0,
            "y": 0.0,
            "z": 0.0
          }
        },
        {
          "Value": 2,
          "Rotation": {
            "x": 0.0,
            "y": 0.0,
            "z": 0.0
          }
        },
        {
          "Value": 3,
          "Rotation": {
            "x": 0.0,
            "y": 0.0,
            "z": -90.0
          }
        },
        {
          "Value": 4,
          "Rotation": {
            "x": 0.0,
            "y": 0.0,
            "z": 90.0
          }
        },
        {
          "Value": 5,
          "Rotation": {
            "x": 0.0,
            "y": 0.0,
            "z": -180.0
          }
        },
        {
          "Value": 6,
          "Rotation": {
            "x": 90.0,
            "y": 0.0,
            "z": 0.0
          }
        }
      ]
    },
    {
      "Name": "Custom_Dice",
      "Transform": {
        "posX": -3.0,
        "posY": 2.8,
        "posZ": 0.0,
        "rotX": 45.0000038,
        "rotY": 0.0,
        "rotZ": 45.0000038,
        "scaleX": 2.0,
        "scaleY": 2.0,
        "scaleZ": 2.0
      },
      "Nickname": "",
      "Description": "",
      "GMNotes": "",
      "ColorDiffuse": {
        "r": 1.0,
        "g": 1.0,
        "b": 1.0
      },
      "Locked": true,
      "Grid": true,
      "Snap": true,
      "IgnoreFoW": false,
      "MeasureMovement": false,
      "DragSelectable": true,
      "Autoraise": true,
      "Sticky": true,
      "Tooltip": true,
      "GridProjection": false,
      "HideWhenFaceDown": false,
      "Hands": false,
      "CustomImage": {
        "ImageURL": "http://cloud-3.steamusercontent.com/ugc/1000305987938074985/20D4220C41EB13C681F847A920CCAC579B8C971A/",
        "ImageSecondaryURL": "",
        "ImageScalar": 1.0,
        "WidthScale": 0.0,
        "CustomDice": {
          "Type": 1
        }
      },
      "LuaScript": "",
      "LuaScriptState": "",
      "XmlUI": "",
      "GUID": "db55ca",
      "RotationValues": [
        {
          "Value": 1,
          "Rotation": {
            "x": -90.0,
            "y": 0.0,
            "z": 0.0
          }
        },
        {
          "Value": 2,
          "Rotation": {
            "x": 0.0,
            "y": 0.0,
            "z": 0.0
          }
        },
        {
          "Value": 3,
          "Rotation": {
            "x": 0.0,
            "y": 0.0,
            "z": -90.0
          }
        },
        {
          "Value": 4,
          "Rotation": {
            "x": 0.0,
            "y": 0.0,
            "z": 90.0
          }
        },
        {
          "Value": 5,
          "Rotation": {
            "x": 0.0,
            "y": 0.0,
            "z": -180.0
          }
        },
        {
          "Value": 6,
          "Rotation": {
            "x": 90.0,
            "y": 0.0,
            "z": 0.0
          }
        }
      ]
    },
    {
      "Name": "Custom_Dice",
      "Transform": {
        "posX": 0.0,
        "posY": 2.8,
        "posZ": 0.0,
        "rotX": 45.0000038,
        "rotY": 0.0,
        "rotZ": 45.0000038,
        "scaleX": 2.0,
        "scaleY": 2.0,
        "scaleZ": 2.0
      },
      "Nickname": "",
      "Description": "",
      "GMNotes": "",
      "ColorDiffuse": {
        "r": 1.0,
        "g": 1.0,
        "b": 1.0
      },
      "Locked": true,
      "Grid": true,
      "Snap": true,
      "IgnoreFoW": false,
      "MeasureMovement": false,
      "DragSelectable": true,
      "Autoraise": true,
      "Sticky": true,
      "Tooltip": true,
      "GridProjection": false,
      "HideWhenFaceDown": false,
      "Hands": false,
      "CustomImage": {
        "ImageURL": "http://cloud-3.steamusercontent.com/ugc/1000305987938074985/20D4220C41EB13C681F847A920CCAC579B8C971A/",
        "ImageSecondaryURL": "",
        "ImageScalar": 1.0,
        "WidthScale": 0.0,
        "CustomDice": {
          "Type": 1
        }
      },
      "LuaScript": "",
      "LuaScriptState": "",
      "XmlUI": "",
      "GUID": "601023",
      "RotationValues": [
        {
          "Value": 1,
          "Rotation": {
            "x": -90.0,
            "y": 0.0,
            "z": 0.0
          }
        },
        {
          "Value": 2,
          "Rotation": {
            "x": 0.0,
            "y": 0.0,
            "z": 0.0
          }
        },
        {
          "Value": 3,
          "Rotation": {
            "x": 0.0,
            "y": 0.0,
            "z": -90.0
          }
        },
        {
          "Value": 4,
          "Rotation": {
            "x": 0.0,
            "y": 0.0,
            "z": 90.0
          }
        },
        {
          "Value": 5,
          "Rotation": {
            "x": 0.0,
            "y": 0.0,
            "z": -180.0
          }
        },
        {
          "Value": 6,
          "Rotation": {
            "x": 90.0,
            "y": 0.0,
            "z": 0.0
          }
        }
      ]
    },
    {
      "Name": "Custom_Dice",
      "Transform": {
        "posX": 3.0,
        "posY": 2.8,
        "posZ": 0.0,
        "rotX": 45.0000038,
        "rotY": 0.0,
        "rotZ": 45.0000038,
        "scaleX": 2.0,
        "scaleY": 2.0,
        "scaleZ": 2.0
      },
      "Nickname": "",
      "Description": "",
      "GMNotes": "",
      "ColorDiffuse": {
        "r": 1.0,
        "g": 1.0,
        "b": 1.0
      },
      "Locked": true,
      "Grid": true,
      "Snap": true,
      "IgnoreFoW": false,
      "MeasureMovement": false,
      "DragSelectable": true,
      "Autoraise": true,
      "Sticky": true,
      "Tooltip": true,
      "GridProjection": false,
      "HideWhenFaceDown": false,
      "Hands": false,
      "CustomImage": {
        "ImageURL": "http://cloud-3.steamusercontent.com/ugc/1000305987938074985/20D4220C41EB13C681F847A920CCAC579B8C971A/",
        "ImageSecondaryURL": "",
        "ImageScalar": 1.0,
        "WidthScale": 0.0,
        "CustomDice": {
          "Type": 1
        }
      },
      "LuaScript": "",
      "LuaScriptState": "",
      "XmlUI": "",
      "GUID": "f5d28d",
      "RotationValues": [
        {
          "Value": 1,
          "Rotation": {
            "x": -90.0,
            "y": 0.0,
            "z": 0.0
          }
        },
        {
          "Value": 2,
          "Rotation": {
            "x": 0.0,
            "y": 0.0,
            "z": 0.0
          }
        },
        {
          "Value": 3,
          "Rotation": {
            "x": 0.0,
            "y": 0.0,
            "z": -90.0
          }
        },
        {
          "Value": 4,
          "Rotation": {
            "x": 0.0,
            "y": 0.0,
            "z": 90.0
          }
        },
        {
          "Value": 5,
          "Rotation": {
            "x": 0.0,
            "y": 0.0,
            "z": -180.0
          }
        },
        {
          "Value": 6,
          "Rotation": {
            "x": 90.0,
            "y": 0.0,
            "z": 0.0
          }
        }
      ]
    },
    {
      "Name": "Custom_Dice",
      "Transform": {
        "posX": 6.0,
        "posY": 2.8,
        "posZ": 0.0,
        "rotX": 45.0000038,
        "rotY": 0.0,
        "rotZ": 45.0000038,
        "scaleX": 2.0,
        "scaleY": 2.0,
        "scaleZ": 2.0
      },
      "Nickname": "",
      "Description": "",
      "GMNotes": "",
      "ColorDiffuse": {
        "r": 1.0,
        "g": 1.0,
        "b": 1.0
      },
      "Locked": true,
      "Grid": true,
      "Snap": true,
      "IgnoreFoW": false,
      "MeasureMovement": false,
      "DragSelectable": true,
      "Autoraise": true,
      "Sticky": true,
      "Tooltip": true,
      "GridProjection": false,
      "HideWhenFaceDown": false,
      "Hands": false,
      "CustomImage": {
        "ImageURL": "http://cloud-3.steamusercontent.com/ugc/1000305987938074985/20D4220C41EB13C681F847A920CCAC579B8C971A/",
        "ImageSecondaryURL": "",
        "ImageScalar": 1.0,
        "WidthScale": 0.0,
        "CustomDice": {
          "Type": 1
        }
      },
      "LuaScript": "",
      "LuaScriptState": "",
      "XmlUI": "",
      "GUID": "ad0690",
      "RotationValues": [
        {
          "Value": 1,
          "Rotation": {
            "x": -90.0,
            "y": 0.0,
            "z": 0.0
          }
        },
        {
          "Value": 2,
          "Rotation": {
            "x": 0.0,
            "y": 0.0,
            "z": 0.0
          }
        },
        {
          "Value": 3,
          "Rotation": {
            "x": 0.0,
            "y": 0.0,
            "z": -90.0
          }
        },
        {
          "Value": 4,
          "Rotation": {
            "x": 0.0,
            "y": 0.0,
            "z": 90.0
          }
        },
        {
          "Value": 5,
          "Rotation": {
            "x": 0.0,
            "y": 0.0,
            "z": -180.0
          }
        },
        {
          "Value": 6,
          "Rotation": {
            "x": 90.0,
            "y": 0.0,
            "z": 0.0
          }
        }
      ]
    }
  ],
  "LuaScript": "-- Bundled by luabundle {\"version\":\"1.5.0\"}\nlocal __bundle_require, __bundle_loaded, __bundle_register, __bundle_modules = (function(superRequire)\n\tlocal loadingPlaceholder = {[{}] = true}\n\n\tlocal register\n\tlocal modules = {}\n\n\tlocal require\n\tlocal loaded = {}\n\n\tregister = function(name, body)\n\t\tif not modules[name] then\n\t\t\tmodules[name] = body\n\t\tend\n\tend\n\n\trequire = function(name)\n\t\tlocal loadedModule = loaded[name]\n\n\t\tif loadedModule then\n\t\t\tif loadedModule == loadingPlaceholder then\n\t\t\t\treturn nil\n\t\t\tend\n\t\telse\n\t\t\tif not modules[name] then\n\t\t\t\tif not superRequire then\n\t\t\t\t\tlocal identifier = type(name) == 'string' and '\\\"' .. name .. '\\\"' or tostring(name)\n\t\t\t\t\terror('Tried to require ' .. identifier .. ', but no such module has been registered')\n\t\t\t\telse\n\t\t\t\t\treturn superRequire(name)\n\t\t\t\tend\n\t\t\tend\n\n\t\t\tloaded[name] = loadingPlaceholder\n\t\t\tloadedModule = modules[name](require, loaded, register, modules)\n\t\t\tloaded[name] = loadedModule\n\t\tend\n\n\t\treturn loadedModule\n\tend\n\n\treturn require, loaded, register, modules\nend)(nil)\n__bundle_register(\"__root\", function(require, _LOADED, __bundle_register, __bundle_modules)\nrequire(\"yahtzee/main\")\nend)\n__bundle_register(\"yahtzee/main\", function(require, _LOADED, __bundle_register, __bundle_modules)\n--  require('testrunner/tests')\r\nrequire(\"yahtzee/helpers\")\r\nrequire(\"yahtzee/listeners\")\r\nrequire(\"yahtzee/draw\")\r\nrequire(\"yahtzee/dice\")\r\nrequire(\"yahtzee/config\")\r\n\r\nstate = {\r\n  release = true,\r\n  test = test,\r\n  host = nil,\r\n  hideRoll = false,\r\n  players = {},\r\n  playerCount = 0,\r\n  round = 0,\r\n  bags = {\r\n    dice = nil,\r\n    cards = nil,\r\n  },\r\n  dice = {},\r\n  keep = {\r\n    false,\r\n    false,\r\n    false,\r\n    false,\r\n    false,\r\n  },\r\n  turn = {\r\n    color = nil,\r\n    rolls = 0\r\n  },\r\n  lastColor = nil,\r\n  rolling = false,\r\n  positioner = nil,\r\n}\r\nsurfaceHeight = 2.3\r\n\r\nlocal canReset = true\r\nfunction resetButtonPress(o, color)\r\n  if Player[color].admin ~= true then\r\n    broadcastToColor('Only the host can restart the game!', color, colors.red)\r\n    return nil\r\n  end\r\n  if state.rolling == true then\r\n    broadcastToColor(\"You can't reset while rolling!\", color, colors.red)\r\n    return nil\r\n  end\r\n  if canReset == false then\r\n    return nil\r\n  end\r\n\r\n  canReset = false\r\n  Wait.time(function() canReset = true end, 1)\r\n  reset()\r\nend\r\n\r\nfunction reset()\r\n  state.turn.color = nil\r\n  state.turn.rolls = 0\r\n  state.players = {}\r\n  state.bags = {}\r\n  state.dice = {}\r\n\r\n  -- Reset all dice explicitly\r\n  state.keep = {false,false,false,false,false}\r\n  state.round = 0\r\n  loadItems()\r\n  loadPlayers()\r\n\r\n  Redraw()\r\n  Start()\r\nend\r\n\r\nfunction loadItems()\r\n  state.bags.dice = getObjectFromGUID(diceBag)\r\n  state.bags.cards = getObjectFromGUID(roundBag)\r\n\r\n  state.bags.dice.setColorTint('Brown')\r\n  state.bags.cards.setColorTint('Brown')\r\n\r\n  loadDice()\r\nend\r\n\r\nfunction loadDice()\r\n  -- Delete existing dice\r\n  destroyObjectsByTag('Dice')\r\n\r\n  -- load in more dice\r\n  local idx = 1\r\n  while idx < 6 do\r\n    local i = idx\r\n    defer(function()\r\n      state.dice[i] = state.bags.dice.takeObject({\r\n        position = dicePosition(i),\r\n        rotation = {45, 0, 45},\r\n        smooth = false,\r\n        callback_function = function(obj)\r\n          obj.interactable = false\r\n          obj.setLock(true)\r\n        end\r\n      })\r\n    end)\r\n    idx = idx + 1\r\n  end\r\nend\r\n\r\nfunction loadPlayers()\r\n  -- Delete existing dice\r\n  destroyObjectsByName('custom_board')\r\n\r\n  state.players = {}\r\n  state.playerCount = 0\r\n\r\n  for i, player in ipairs(getSeatedPlayers()) do\r\n    if (Player[player].admin == true) then\r\n      state.host = player\r\n    end\r\n\r\n    state.playerCount = state.playerCount + 1\r\n    local scorePosition = getCardPosition(player)\r\n    local scoreRotation = {\r\n      0,\r\n      normalizeRotation(180 + Player[player].getHandTransform().rotation.y),\r\n      0,\r\n    }\r\n\r\n    state.players[player] = {\r\n      rolls = 0,\r\n      scores = {},\r\n    }\r\n\r\n    state.players[player].scoreCard = state.bags.cards.takeObject({\r\n      scale = 1,\r\n      position = scorePosition,\r\n      rotation = scoreRotation,\r\n      smooth = false,\r\n      callback_function = function(obj)\r\n        obj.interactable = false\r\n        obj.setLock(true)\r\n        obj.setName('Scorecard')\r\n        obj.setPosition(scorePosition)\r\n        obj.setRotation(scoreRotation)\r\n        obj.setColorTint(player)\r\n      end\r\n    })\r\n\r\n\r\n    for i=1,6 do\r\n      state.players[player].scores[i] = {\r\n        aces = nil,\r\n        twos = nil,\r\n        threes = nil,\r\n        fours = nil,\r\n        fives = nil,\r\n        sixes = nil,\r\n        threeOfKind = nil,\r\n        fourOfKind = nil,\r\n        fullHouse = nil,\r\n        smallStraight = nil,\r\n        largeStraight = nil,\r\n        yahtzee = nil,\r\n      }\r\n    end\r\n  end\r\nend\r\n\r\nfunction getCardPosition(color)\r\n  local transform = Player[color].getHandTransform()\r\n  local position = transform.position\r\n  local rotation = transform.rotation\r\n  local offset = 8.5\r\n  rotation.y = normalizeRotation(rotation.y)\r\n  position.y = 1.52\r\n\r\n  if rotation.y == 0 then\r\n    position.z = position.z + offset\r\n  elseif rotation.y == 90 then\r\n    position.x = position.x + offset\r\n  elseif rotation.y == 180 then\r\n    position.z = position.z - offset\r\n  elseif rotation.y == 270 then\r\n    position.x = position.x - offset\r\n  end\r\n\r\n  return position\r\nend\r\n\r\nfunction lockScore(field, color, value)\r\n  if (state.turn.rolls == 0) then\r\n    return\r\n  end\r\n\r\n  if color == state.turn.color then\r\n\r\n    if value > 0 then\r\n      if field == 'yahtzee' and value > 50 then\r\n        broadcastToAll(Player[color].steam_name .. \" scored ANOTHER 100 for \" .. fieldNames[field] ..\"\", Table)\r\n      else\r\n        broadcastToAll(Player[color].steam_name .. \" scored \" .. value .. \" for \" .. fieldNames[field] ..\"\", Table)\r\n      end\r\n    else\r\n      broadcastToAll(Player[color].steam_name .. \" took a \" .. value .. \" for \" .. fieldNames[field] ..\"\", Table)\r\n    end\r\n\r\n    -- Reset all dice explicitly\r\n    state.keep = {false,false,false,false,false}\r\n\r\n    state.lastColor = state.turn.color\r\n    state.turn.color = nil\r\n    state.turn.rolls = 0\r\n    state.players[color].scores[state.round][field] = value\r\n\r\n    gatherDice()\r\n    Redraw()\r\n\r\n    if hasRemainingTurns() == false then\r\n      defer(function()\r\n        local winners = determineWinner()\r\n\r\n        if (winners[2] ~= nil) then\r\n          broadcastToAll('We have a tie!')\r\n        else\r\n          broadcastToAll(Player[winners[1]].steam_name .. ' has won round ' .. state.round .. '!', winners[1])\r\n        end\r\n\r\n        state.round = state.round + 1\r\n        for color, player in pairs(state.players) do\r\n          player.rolls = 0\r\n        end\r\n\r\n      end)\r\n    elseif Turns.enable == true then\r\n      state.turn.color = Turns.getNextTurnColor()\r\n      Turns.turn_color = state.turn.color\r\n    end\r\n  end\r\nend\r\n\r\nfunction acesFieldLock(o, color) lockScore('aces', color, diceMatching(1)) end\r\nfunction twosFieldLock(o, color) lockScore('twos', color, diceMatching(2)) end\r\nfunction threesFieldLock(o, color) lockScore('threes', color, diceMatching(3)) end\r\nfunction foursFieldLock(o, color) lockScore('fours', color, diceMatching(4)) end\r\nfunction fivesFieldLock(o, color) lockScore('fives', color, diceMatching(5)) end\r\nfunction sixesFieldLock(o, color) lockScore('sixes', color, diceMatching(6)) end\r\n\r\nfunction threeOfKindFieldLock(o, color) lockScore('threeOfKind', color, threeOfKindScore()) end\r\nfunction fourOfKindFieldLock(o, color) lockScore('fourOfKind', color, fourOfKindScore()) end\r\nfunction fullHouseFieldLock(o, color) lockScore('fullHouse', color, fullHouseScore()) end\r\nfunction smallStraightFieldLock(o, color) lockScore('smallStraight', color, smallStraightScore()) end\r\nfunction largeStraightFieldLock(o, color) lockScore('largeStraight', color, largeStraightScore()) end\r\nfunction yahtzeeFieldLock(o, color) lockScore('yahtzee', color, yahtzeeScore()) end\r\nfunction chanceFieldLock(o, color) lockScore('chance', color, diceTotal()) end\r\n\r\nfunction topTotal(color, round)\r\n  return RealScore(color, 'aces', round, true) +\r\n    RealScore(color, 'twos', round, true) +\r\n    RealScore(color, 'threes', round, true) +\r\n    RealScore(color, 'fours', round, true) +\r\n    RealScore(color, 'fives', round, true) +\r\n    RealScore(color, 'sixes', round, true)\r\nend\r\n\r\nfunction bottomTotal(color, round)\r\n  return RealScore(color, 'threeOfKind', round, true) +\r\n    RealScore(color, 'fourOfKind', round, true) +\r\n    RealScore(color, 'fullHouse', round, true) +\r\n    RealScore(color, 'smallStraight', round, true) +\r\n    RealScore(color, 'largeStraight', round, true) +\r\n    RealScore(color, 'yahtzee', round, true) +\r\n    RealScore(color, 'chance', round, true)\r\nend\r\n\r\nfunction total(color, round)\r\n  local topTotal = topTotal(color, round)\r\n  if topTotal > 62 then\r\n    topTotal = topTotal + 35\r\n  end\r\n  return topTotal + bottomTotal(color, round)\r\nend\r\n\r\nfunction Host()\r\n  return player(state.host)\r\nend\r\n\r\nfunction Score(player, field, round)\r\n  local result = state.players[player].scores[round][field]\r\n  if round < state.round and result == nil then\r\n    return 0\r\n  end\r\n\r\n  return result\r\nend\r\n\r\nlocal multiplierMap = {\r\n  aces = 1,\r\n  twos = 2,\r\n  threes = 3,\r\n  fours = 4,\r\n  fives = 5,\r\n  sixes = 6,\r\n  bonus = nil,\r\n  threeOfKind = nil,\r\n  fourOfKind = nil,\r\n  fullHouse = nil,\r\n  smallStraight = nil,\r\n  largeStraight = nil,\r\n  yahtzee = nil,\r\n}\r\n\r\nfunction RealScore(player, field, round, forceZero)\r\n  local result\r\n  if state.players[player] ~= nil then\r\n    result = state.players[player].scores[round][field]\r\n  end\r\n  local multiplier = multiplierMap[field]\r\n\r\n  if round < state.round then\r\n    forceZero = true\r\n  end\r\n\r\n  if (result ~= nil and multiplier ~= nil) then\r\n    result = result * multiplier\r\n  end\r\n\r\n  if forceZero and result == nil then\r\n    return 0\r\n  end\r\n\r\n  return result\r\nend\r\n\r\nfunction Round()\r\n  return state.round\r\nend\r\n\r\nfunction Start(o, color)\r\n  state.round = 1\r\n\r\n  local allPlayers = {}\r\n  local count = 0\r\n  for idx, color in pairs(getSeatedPlayers()) do\r\n    allPlayers[#allPlayers + 1] = color\r\n    count = count + 1\r\n  end\r\n\r\n  if count > 1 then\r\n    local randomPlayer = allPlayers[math.random(#allPlayers)]\r\n    state.turn.color = randomPlayer\r\n    Turns.turn_color = randomPlayer\r\n    broadcastToAll('Randomly selected ' .. Player[randomPlayer].steam_name .. ' to go first', randomPlayer)\r\n    if Turns.enable == false then\r\n      Turns.enable = true\r\n    end\r\n  end\r\n  Redraw()\r\nend\r\n\r\nfunction acesScore() return diceMatching(1) end\r\nfunction twosScore() return diceMatching(2) * 2 end\r\nfunction threesScore() return diceMatching(3) * 3 end\r\nfunction foursScore() return diceMatching(4) * 4 end\r\nfunction fivesScore() return diceMatching(5) * 5 end\r\nfunction sixesScore() return diceMatching(6) * 6 end\r\n\r\nfunction threeOfKindScore()\r\n  for i,amount in pairs(dicePairs()) do\r\n    if (amount > 2) then return diceTotal() end\r\n  end\r\n\r\n  return isJoker() and diceTotal() or 0\r\nend\r\n\r\nfunction fourOfKindScore()\r\n  for i,amount in pairs(dicePairs()) do\r\n    if (amount > 3) then return diceTotal() end\r\n  end\r\n\r\n  return isJoker() and diceTotal() or 0\r\nend\r\n\r\nfunction fullHouseScore()\r\n  hasFull = false\r\n  hasHouse = false\r\n  for i,amount in pairs(dicePairs()) do\r\n    if (amount == 2) then hasFull = true end\r\n    if (amount == 3) then hasHouse = true end\r\n  end\r\n\r\n  return hasFull and hasHouse and 25 or isJoker() and 25 or 0\r\nend\r\n\r\nfunction smallStraightScore()\r\n  local function hasSmallStraight()\r\n    local pairs = dicePairs()\r\n    return pairs[1] > 0 and pairs[2] > 0 and pairs[3] > 0 and pairs[4] > 0 or\r\n      pairs[2] > 0 and pairs[3] > 0 and pairs[4] > 0 and pairs[5] > 0 or\r\n      pairs[3] > 0 and pairs[4] > 0 and pairs[5] > 0 and pairs[6] > 0\r\n  end\r\n\r\n  return hasSmallStraight() and 30 or isJoker() and 30 or 0\r\nend\r\n\r\nfunction largeStraightScore()\r\n  local function hasLargeStraight()\r\n    local pairs = dicePairs()\r\n    return pairs[1] == 1 and pairs[2] == 1 and pairs[3] == 1 and pairs[4] == 1 and pairs[5] == 1 or\r\n      pairs[2] == 1 and pairs[3] == 1 and pairs[4] == 1 and pairs[5] == 1 and pairs[6] == 1\r\n  end\r\n\r\n  return hasLargeStraight() and 40 or isJoker() and 40 or 0\r\nend\r\n\r\nfunction isJoker()\r\n  if state.turn.color == nil or RealScore(state.turn.color, 'yahtzee', state.round) ~= 0 then\r\n    return false\r\n  end\r\n\r\n  local yahtzee = false\r\n  local value = nil\r\n  for i,amount in ipairs(dicePairs()) do\r\n    if (amount == 5) then\r\n      yahtzee = true\r\n      value = i\r\n    end\r\n  end\r\n\r\n  local map = {'aces', 'twos', 'threes', 'fours', 'fives', 'sixes'}\r\n  if yahtzee == true and RealScore(state.turn.color, map[value], state.round) ~= nil then\r\n    return true\r\n  end\r\n\r\n  return false\r\nend\r\n\r\nfunction zeroize(value)\r\n  return value == nil and 0 or value\r\nend\r\n\r\nfunction yahtzeeScore()\r\n  local currentScore = 0\r\n\r\n  if state.turn.color then\r\n    currentScore = RealScore(state.turn.color, 'yahtzee', state.round)\r\n  end\r\n\r\n  if (zeroize(currentScore) > 0 or currentScore == nil) then\r\n    currentScore = zeroize(currentScore)\r\n    for i,amount in ipairs(dicePairs()) do\r\n      if (amount == 5) then return currentScore > 0 and currentScore + 100 or 50 end\r\n    end\r\n  end\r\n\r\n  if currentScore == nil then\r\n    return 0\r\n  end\r\n\r\n  return currentScore\r\nend\r\n\r\nfunction chanceScore()\r\n  return diceTotal()\r\nend\r\n\r\nfunction determineWinner()\r\n  local winners = {}\r\n  local score = -1\r\n\r\n  for color, player in pairs(state.players) do\r\n    local topTotal = topTotal(color, state.round)\r\n    local realTotal = topTotal + (topTotal > 62 and 35 or 0)\r\n    local bottomTotal = bottomTotal(color, state.round)\r\n    local totalScore = realTotal + bottomTotal\r\n\r\n    if score < totalScore then\r\n      score = totalScore\r\n      winners = {}\r\n      table.insert(winners, color)\r\n    elseif score == totalScore then\r\n      table.insert(winners, color)\r\n    end\r\n  end\r\n\r\n  return winners\r\nend\r\n\r\n\r\nfunction hasRemainingTurns()\r\n  local turns = 0\r\n  for color, player in pairs(state.players) do\r\n    if player.rolls < 13 then\r\n      return true\r\n    end\r\n  end\r\n\r\n  return false\r\nend\r\n\r\nfunction broadcastYahtzee()\r\n  times5(function()\r\n    broadcastToAll('Yahtzee!!!', state.turn.color)\r\n  end)\r\nend\r\n\nend)\n__bundle_register(\"yahtzee/config\", function(require, _LOADED, __bundle_register, __bundle_modules)\n-- Enable to run tests\r\ntest = false\r\n\r\ncolors = {\r\n  navy = Color.fromHex('001F3F'),\r\n  blue = Color.fromHex('0074D9'),\r\n  aqua = Color.fromHex('7FDBFF'),\r\n  teal = Color.fromHex('39CCCC'),\r\n  olive = Color.fromHex('3D9970'),\r\n  green = Color.fromHex('2ECC40'),\r\n  lime = Color.fromHex('01FF70'),\r\n  yellow = Color.fromHex('FFDC00'),\r\n  orange = Color.fromHex('FF851B'),\r\n  red = Color.fromHex('FF4136'),\r\n  fuchsia = Color.fromHex('F012BE'),\r\n  purple = Color.fromHex('B10DC9'),\r\n  maroon = Color.fromHex('85144B'),\r\n  white = Color.fromHex('FFFFFF'),\r\n  silver = Color.fromHex('DDDDDD'),\r\n  gray = Color.fromHex('AAAAAA'),\r\n  black = Color.fromHex('111111'),\r\n}\r\n\r\nsingleplayerColor = 'Orange'\r\n\r\n-- Set up variables\r\ndiceBag = '6322ef'\r\nroundBag = 'b415e0'\r\nstate = {}\r\n\r\navailableSeats = {\r\n  'White','Purple','Red','Blue','Yellow','Green','Pink','Orange'\r\n}\r\n\r\nhexMap = {\r\n  White = 'ffffff',\r\n  Purple = 'B10DC9',\r\n  Red = 'FF4136',\r\n  Blue = '0074D9',\r\n  Yellow = 'FFDC00',\r\n  Green = '2ECC40',\r\n  Pink = 'F012BE',\r\n  Orange = 'FF851B'\r\n}\r\n\r\nfieldNames = {\r\n  aces = 'ones',\r\n  twos = 'twos',\r\n  threes = 'threes',\r\n  fours = 'fours',\r\n  fives = 'fives',\r\n  sixes = 'sixes',\r\n  threeOfKind = 'three of a kind',\r\n  fourOfKind = 'four of a kind',\r\n  fullHouse = 'full house',\r\n  smallStraight = 'small straight',\r\n  largeStraight = 'large straight',\r\n  yahtzee = 'yahtzee',\r\n  chance = 'chance'\r\n}\r\n\nend)\n__bundle_register(\"yahtzee/dice\", function(require, _LOADED, __bundle_register, __bundle_modules)\nfunction rejectDice1(o, color) rejectDice(1, color) end\r\nfunction rejectDice2(o, color) rejectDice(2, color) end\r\nfunction rejectDice3(o, color) rejectDice(3, color) end\r\nfunction rejectDice4(o, color) rejectDice(4, color) end\r\nfunction rejectDice5(o, color) rejectDice(5, color) end\r\nfunction rejectDice6(o, color) rejectDice(6, color) end\r\n\r\nfunction rejectDice(idx, color)\r\n  if (state.turn.color ~= color) then\r\n    return\r\n  end\r\n  state.keep[idx] = false\r\n  Redraw()\r\n  state.dice[idx].setPositionSmooth(dicePosition(idx), false, true)\r\nend\r\n\r\nfunction lockDice1(o, color) lockDice(1, color) end\r\nfunction lockDice2(o, color) lockDice(2, color) end\r\nfunction lockDice3(o, color) lockDice(3, color) end\r\nfunction lockDice4(o, color) lockDice(4, color) end\r\nfunction lockDice5(o, color) lockDice(5, color) end\r\nfunction lockDice6(o, color) lockDice(6, color) end\r\n\r\nfunction lockDice(idx, color)\r\n  if (state.turn.color ~= color) then\r\n    return\r\n  end\r\n\r\n  local newPosition = dicePosition(idx)\r\n  state.keep[idx] = true\r\n  state.dice[idx].setLock(true)\r\n  Redraw()\r\n  newPosition.z = newPosition.z + 3\r\n  state.dice[idx].setPositionSmooth(newPosition, false, true)\r\nend\r\n\r\nfunction rollDice(o, color)\r\n  if Turns.enable == true and color ~= Turns.turn_color then\r\n    return\r\n  end\r\n\r\n  if color == state.lastPlayer and state.playerCount > 1 then\r\n    return\r\n  end\r\n\r\n  if state.turn.rolls == 0 then\r\n    statePlayer(color).rolls = statePlayer(color).rolls + 1\r\n  end\r\n\r\n  state.turn.rolls = state.turn.rolls + 1\r\n  each(state.dice, function(dice, idx)\r\n    if state.keep[idx] == false then\r\n\r\n      -- This dance is needed to make rolling work for some reason\r\n      dice.interactable = true\r\n      dice.setLock(false)\r\n      dice.interactable = false\r\n      local torqueLimit = 5000\r\n\r\n      defer(function()\r\n        times5(function()\r\n          dice.roll()\r\n        end, function()\r\n          dice.addTorque({\r\n            math.random(-1 * torqueLimit, torqueLimit),\r\n            math.random(-1 * torqueLimit, torqueLimit),\r\n            math.random(-1 * torqueLimit, torqueLimit)}, 1)\r\n        end)\r\n      end)\r\n    end\r\n  end)\r\n  onObjectRandomize(state.dice[1], color)\r\nend\r\n\r\nfunction diceValues()\r\n  local result = {}\r\n  for i, dice in ipairs(state.dice) do\r\n    table.insert(result, dice.getRotationValue())\r\n  end\r\n  return result\r\nend\r\n\r\nfunction diceTotal()\r\n  local dice = 0\r\n  for i, face in ipairs(diceValues()) do\r\n    dice = dice + face\r\n  end\r\n  return dice\r\nend\r\n\r\nfunction diceMatching(value)\r\n  local dice = 0\r\n  for i, face in ipairs(diceValues()) do\r\n    if face == value then dice = dice + 1 end\r\n  end\r\n  return dice\r\nend\r\n\r\nfunction dicePairs()\r\n  local dice = {0,0,0,0,0,0}\r\n  for i, face in ipairs(diceValues()) do\r\n    dice[face] = dice[face] + 1\r\n  end\r\n\r\n  return dice\r\nend\r\n\r\nfunction isDice(obj)\r\n  for i, dice in ipairs(state.dice) do\r\n    if (dice.guid == obj.guid) then\r\n      return true\r\n    end\r\n  end\r\n  return false\r\nend\r\n\r\nfunction dicePosition(idx)\r\n  local shift = idx - 3\r\n  return vector(shift * 3, state.turn.rolls == 0 and surfaceHeight + 0.5 or surfaceHeight, 0)\r\nend\r\n\r\nfunction gatherDice()\r\n  for idx, dice in ipairs(state.dice) do\r\n    if state.keep[idx] == false then\r\n      dice.setPositionSmooth(dicePosition(idx), false, true)\r\n\r\n      local r = dice.getRotation()\r\n      dice.setRotationSmooth(state.turn.rolls == 0 and {45, 0, 45} or {r.x, 0, r.z}, true, true)\r\n    end\r\n  end\r\nend\r\n\r\nfunction normalizeDiceRotation()\r\n  local rotationValues = state.dice[1].getRotationValues()\r\n  each(state.dice, function(dice)\r\n    local expectedRotation = rotationValues[dice.getRotationValue()]\r\n    dice.setRotationSmooth(expectedRotation.rotation, true, true)\r\n  end)\r\nend\r\n\nend)\n__bundle_register(\"yahtzee/draw\", function(require, _LOADED, __bundle_register, __bundle_modules)\nfunction drawScoreCards()\r\n  for i, color in ipairs(getSeatedPlayers()) do\r\n    if state.players[color] ~= nil then\r\n      drawCompletedRounds(state.players[color], color)\r\n      drawCurrentRound(state.players[color], color)\r\n    end\r\n  end\r\nend\r\n\r\nfunction drawCurrentRound(player, color)\r\n  if state.rolling or state.turn.color ~= color or state.turn.rolls == 0 then return end\r\n  local card = player.scoreCard\r\n  local i = state.round\r\n  local rowDistance = 0.63\r\n  local round = player.scores[i]\r\n  local buttonColor = i < state.round and {0.7, 0.7, 0.7} or {0.5, 0.5, 1}\r\n\r\n  currentRoundLockButton(card, round, 'aces', 1, buttonColor)\r\n  currentRoundLockButton(card, round, 'twos', 2, buttonColor)\r\n  currentRoundLockButton(card, round, 'threes', 3, buttonColor)\r\n  currentRoundLockButton(card, round, 'fours', 4, buttonColor)\r\n  currentRoundLockButton(card, round, 'fives', 5, buttonColor)\r\n  currentRoundLockButton(card, round, 'sixes', 6, buttonColor)\r\n\r\n  local top = 0.05\r\n  local rowDistance = 0.62\r\n  currentRoundLockButton(card, round, 'threeOfKind', 10, buttonColor)\r\n  currentRoundLockButton(card, round, 'fourOfKind', 11, buttonColor)\r\n  currentRoundLockButton(card, round, 'fullHouse', 12, buttonColor)\r\n  currentRoundLockButton(card, round, 'smallStraight', 13, buttonColor)\r\n  currentRoundLockButton(card, round, 'largeStraight', 14, buttonColor)\r\n  currentRoundLockButton(card, round, 'yahtzee', 15, buttonColor)\r\n  currentRoundLockButton(card, round, 'chance', 16, buttonColor)\r\nend\r\n\r\nfunction currentRoundLockButton(card, round, name, x, color)\r\n  local alt = fieldNames[name]\r\n\r\n  local value = _G[name .. 'Score']()\r\n  if ((round[name] == nil or (name == 'yahtzee' and value ~= round[name])) and value > 0) then\r\n    lockScoreButton(card, name .. 'FieldLock', value, x, state.round, colors.green, function(options)\r\n      options.tooltip = value .. ' for ' .. alt\r\n      options.font_color = Color.fromHex('0e3e14')\r\n      return options\r\n    end)\r\n  elseif round[name] == nil and value == 0 then\r\n    lockScoreButton(card, name .. 'FieldLock', value, x, state.round, colors.red, function(options)\r\n      options.tooltip = value .. ' for ' .. alt\r\n      options.font_color = Color.fromHex('800600')\r\n      return options\r\n    end)\r\n  end\r\nend\r\n\r\nfunction RewriteNotes()\r\n  local notes = {}\r\n  if state.round == 0 then\r\n    return nil\r\n  end\r\n\r\n  for color, player in pairs(state.players) do\r\n    local total = topTotal(color, state.round)\r\n    local bonus = total > 62 and 35 or 0\r\n    local bottom = bottomTotal(color, state.round)\r\n    local round = total + bonus + bottom\r\n    local hex = hexMap[color]\r\n    local name = Player[color] and Player[color].steam_name or color\r\n\r\n    table.insert(notes, '[' .. hex .. ']' .. name ..\r\n      '[aaaaaa]: Upper([' .. hex .. ']' .. total ..\r\n      '[aaaaaa])\\nBonus([' .. hex .. ']' .. bonus ..\r\n      '[aaaaaa])\\nLower([' .. hex .. ']' .. bottom ..\r\n      '[aaaaaa])\\nGrand Total([' .. hex .. ']' .. round ..\r\n      '[aaaaaa])')\r\n  end\r\n\r\n  setNotes(table.concat(notes, \"\\n\\n\"))\r\nend\r\n\r\nfunction drawCompletedRounds(player, color)\r\n  local card = player.scoreCard\r\n  local bounds = player.scoreCard.getBounds()\r\n\r\n  -- Draw name first\r\n  textButton(card, Player[color].steam_name, -1, -1, nil, function(data)\r\n    data.click_function = 'noop'\r\n    return data\r\n  end)\r\n\r\n  -- Draw round pointer\r\n  textButton(card, '▼', -0.5, state.round, colors.black, function(options)\r\n    options.font_size = 300\r\n    return options\r\n  end)\r\n\r\n  local i = 1\r\n  while i <= state.round do\r\n    local round = player.scores[i]\r\n    local buttonColor = i == state.round and {1, 1, 1} or {1,1,1, 0.75}\r\n    local totalButtonColor = i == state.round and {0.95, 1, 0.95} or {0.95, 1, 0.95, 0.75}\r\n\r\n    -- Top\r\n    if i < state.round or round['aces'] ~= nil then textButton(card, RealScore(color, 'aces', i), 1, i) end\r\n    if i < state.round or round['twos'] ~= nil then textButton(card, RealScore(color, 'twos', i), 2, i) end\r\n    if i < state.round or round['threes'] ~= nil then textButton(card, RealScore(color, 'threes', i), 3, i) end\r\n    if i < state.round or round['fours'] ~= nil then textButton(card, RealScore(color, 'fours', i), 4, i) end\r\n    if i < state.round or round['fives'] ~= nil then textButton(card, RealScore(color, 'fives', i), 5, i) end\r\n    if i < state.round or round['sixes'] ~= nil then textButton(card, RealScore(color, 'sixes', i), 6, i) end\r\n\r\n    local topTotal = topTotal(color, i)\r\n    textButton(card, topTotal, 7, i)\r\n\r\n    if topTotal > 62 then\r\n      textButton(card, '✓', 8, i, colors.olive)\r\n    end\r\n\r\n    local realTotal = topTotal + (topTotal > 62 and 35 or 0)\r\n    textButton(card, realTotal, 9, i)\r\n\r\n    -- Bottom\r\n    local hasYahtzee = state.turn.rolls > 0 and yahtzeeScore() ~= RealScore(color, 'yahtzee', i)\r\n    if i < state.round or round['threeOfKind'] ~= nil then textButton(card, RealScore(color, 'threeOfKind', i), 10, i) end\r\n    if i < state.round or round['fourOfKind'] ~= nil then textButton(card, RealScore(color, 'fourOfKind', i), 11, i) end\r\n    if i < state.round or round['fullHouse'] ~= nil then textButton(card, RealScore(color, 'fullHouse', i), 12, i) end\r\n    if i < state.round or round['smallStraight'] ~= nil then textButton(card, RealScore(color, 'smallStraight', i), 13, i) end\r\n    if i < state.round or round['largeStraight'] ~= nil then textButton(card, RealScore(color, 'largeStraight', i), 14, i) end\r\n\r\n    if hasYahtzee == false or state.turn.color ~= color then\r\n      if i < state.round or round['yahtzee'] ~= nil then textButton(card, RealScore(color, 'yahtzee', i), 15, i) end\r\n    end\r\n    if i < state.round or round['chance'] ~= nil then textButton(card, RealScore(color, 'chance', i), 16, i) end\r\n\r\n    local bottomTotal = bottomTotal(color, i)\r\n    textButton(card, bottomTotal, 17, i)\r\n    textButton(card, realTotal, 18, i)\r\n    textButton(card, realTotal + bottomTotal, 19, i)\r\n\r\n    i = i + 1\r\n  end\r\nend\r\n\r\nfunction Redraw()\r\n  self.clearButtons()\r\n  self.clearInputs()\r\n  RewriteNotes()\r\n\r\n  for i, obj in pairs(state.bags) do\r\n    obj.clearButtons()\r\n    obj.clearInputs()\r\n  end\r\n\r\n  for i, obj in ipairs(state.dice) do\r\n    obj.clearButtons()\r\n    obj.clearInputs()\r\n  end\r\n\r\n  for i, player in pairs(state.players) do\r\n    if player.scoreCard then\r\n      player.scoreCard.clearButtons()\r\n      player.scoreCard.clearInputs()\r\n    end\r\n  end\r\n\r\n  local bagPosition = getObjectFromGUID(roundBag).getBounds()\r\n\r\n  if state.rolling == false then\r\n    state.bags.cards.createButton({\r\n      click_function = 'resetButtonPress',\r\n      function_owner = self,\r\n      label = 'Restart Game',\r\n      width = 1000,\r\n      height = 1000,\r\n      position = {0, 0.1, -3},\r\n      rotation = {0, 180, 0},\r\n      color = colors.red\r\n    })\r\n  end\r\n  if state.round > 0 and state.round < 7 then\r\n    drawScoreCards()\r\n\r\n    if state.turn.rolls < 3 and state.hideRoll == false and state.rolling == false then\r\n      local next = Turns.enable == true and Player[Turns.turn_color].steam_name .. \"'s turn\\nClick to Roll\" or 'Next Turn'\r\n      state.bags.dice.createButton({\r\n        click_function = 'rollDice',\r\n        function_owner = self,\r\n        label          = state.turn.rolls == 0 and next or state.turn.rolls < 3 and 'Roll #' .. (state.turn.rolls + 1),\r\n        position       = relativeVector(state.bags.dice, vector(10, 1.5, 0)),\r\n        scale          = { 2, 0, 2 },\r\n        width          = 1000,\r\n        height         = 300,\r\n        color          = Turns.enable and Turns.turn_color or colors.olive,\r\n        font_color     = Turns.enable and (Turns.turn_color == 'White' or Turns.turn_color == 'Yellow') and colors.black or colors.white\r\n      })\r\n    end\r\n\r\n    if state.rolling == false and state.turn.rolls > 0 then\r\n      each(state.dice, function(dice, idx)\r\n        if state.keep[idx] == false then\r\n          local bounds = dice.getBounds()\r\n          local r = dice.getRotation()\r\n          local p = dicePosition(idx)\r\n          state.bags.dice.createButton({\r\n            click_function = 'lockDice' .. idx,\r\n            function_owner = self,\r\n            label          = 'Keep',\r\n            position       = relativeVector(state.bags.dice, vector((idx - 3) * 3, 1.5, -2)),\r\n            scale          = { 2, 0, 2 },\r\n            width          = 300,\r\n            height         = 300,\r\n            color          = toPerc{ 17, 17, 17 },\r\n            font_color     = {1,1,1}\r\n          })\r\n        end\r\n      end)\r\n\r\n      if state.turn.rolls < 3 then\r\n        each(state.keep, function(keep, idx)\r\n          if keep == true then\r\n            local dice = state.dice[idx]\r\n            local bounds = dice.getBounds()\r\n            local r = dice.getRotation()\r\n            local p = dicePosition(idx)\r\n\r\n            state.bags.dice.createButton({\r\n              click_function = 'rejectDice' .. idx,\r\n              function_owner = self,\r\n              label          = 'Give Back',\r\n              position       = relativeVector(state.bags.dice, vector((idx - 3) * 3, 1.5, 0)),\r\n              scale          = { 2, 0, 2 },\r\n              width          = 500,\r\n              height         = 300,\r\n              color          = colors.red,\r\n            })\r\n          end\r\n        end)\r\n      end\r\n    end\r\n  end\r\nend\r\n\r\nfunction scoreButtonPosition(round, row)\r\n  if round == -1 and row == -1 then\r\n    -- Handle Name\r\n    return vector(4.5, 0.6, -7.65)\r\n  end\r\n\r\n  local xOffset = 0.5 + ((round - 1) * 1.34)\r\n  local zAdjustment = 1.65\r\n\r\n  if row > 6 then -- 'start at: Total'\r\n    zAdjustment = zAdjustment + 0.02\r\n  end\r\n  if row > 7 then -- 'start at: Bonus'\r\n    zAdjustment = zAdjustment + 0.16\r\n  end\r\n  if row > 8 then -- 'start at: Upper Total'\r\n    zAdjustment = zAdjustment +  0.14\r\n  end\r\n  if row > 9 then -- 'start at: 3 of a kind'\r\n    zAdjustment = zAdjustment - 1.07\r\n  end\r\n  if row > 16 then -- 'start at: Lower Total'\r\n    zAdjustment = zAdjustment + 0.02\r\n  end\r\n  if row > 17 then -- 'start at: lower section Upper Total'\r\n    zAdjustment = zAdjustment + 0.13\r\n  end\r\n  if row > 18 then -- 'start at: Grand Total'\r\n    zAdjustment = zAdjustment +  0.16\r\n  end\r\n\r\n  local zOffset = -3.9 + (row - 1) * 0.71 - zAdjustment\r\n\r\n  return vector(xOffset, 0.6, zOffset)\r\nend\r\n\r\nfunction scoreButton(card, title, row, round, color, callback)\r\n  local pos = scoreButtonPosition(round, row)\r\n  local config = {\r\n    font_size      = 250,\r\n    click_function = 'noop',\r\n    function_owner = self,\r\n    label          = title,\r\n    position       = pos,\r\n    width          = 500,\r\n    height         = 300,\r\n    color          = color ~= nil and color or 'White',\r\n    hover_color    = color ~= nil and color or 'White',\r\n    press_color    = color ~= nil and color or 'White',\r\n  }\r\n\r\n  if (callback ~= nil) then\r\n    config = callback(config)\r\n  end\r\n\r\n  card.createButton(config)\r\nend\r\n\r\nfunction textButton(card, title, y, round, color, callback)\r\n  return scoreButton(card, title, y, round, {0,0,0}, function(options)\r\n    options.width = 0\r\n    options.height = 0\r\n    options.fontSize = 250\r\n\r\n    if color ~= nil then\r\n      options.font_color = color\r\n    else\r\n      options.font_color = colors.black\r\n    end\r\n\r\n    if callback ~= nil then\r\n      return callback(options)\r\n    end\r\n\r\n    return options\r\n  end)\r\nend\r\n\r\nfunction lockScoreButton(card, onclick, title, y, round, color, callback)\r\n  return scoreButton(card, title, y, round, color, function(data)\r\n    if round == state.round then\r\n      data.click_function = onclick\r\n    end\r\n\r\n    if callback ~= nil then\r\n      return callback(data)\r\n    end\r\n\r\n    return data\r\n  end)\r\nend\r\n\nend)\n__bundle_register(\"yahtzee/listeners\", function(require, _LOADED, __bundle_register, __bundle_modules)\nfunction onSave()\r\n  local save = deepcopy(state)\r\n  local json = JSON.encode({\r\n    state = save\r\n  })\r\n\r\n  return json\r\nend\r\n\r\nfunction onLoad(save)\r\n  setNotes('')\r\n\r\n  if test and _tests.run ~= nil then\r\n    _tests.run()\r\n  end\r\n\r\n  lockObjects()\r\n  if save ~= nil and string.len(save) > 2 then\r\n    local data = JSON.decode(save)\r\n\r\n    inflate(data.state)\r\n\r\n    local playerCount = 0\r\n    ieach(data.state.players, function() playerCount = playerCount + 1 end)\r\n\r\n    if data.state.test == state.test and playerCount > 0 then\r\n      state = data.state\r\n\r\n      local players = 0\r\n      for color, player in pairs(state.players) do\r\n        if player.scoreCard == nil then\r\n          state.players[color] = nil\r\n        else\r\n          players = players + 1\r\n        end\r\n      end\r\n\r\n      if players == 0 then\r\n        return reset()\r\n      end\r\n      Redraw()\r\n    else\r\n\r\n    broadcastToAll('drawing')\r\n      return reset()\r\n    end\r\n  else\r\n    return reset()\r\n  end\r\nend\r\n\r\nfunction onPlayerChangeColor(player_color)\r\n  local playerCount = 0\r\n  each(state.players, function() playerCount = playerCount + 1 end)\r\n  if playerCount == 0 then\r\n    reset()\r\n  end\r\nend\r\n\r\nfunction getRollIdentifier()\r\n  if state.turn.color ~= nil and state.players[state.turn.color] ~= nil then\r\n    return state.turn.color .. ':' .. state.players[state.turn.color].rolls\r\n  end\r\n  return 'new game'\r\nend\r\n\r\nfunction onObjectRandomize(object, color)\r\n  if state.rolling then\r\n    return\r\n  end\r\n\r\n  if isDice(object) then\r\n    state.rolling = true\r\n    if state.turn.color ~= color then\r\n      state.turn.color = color\r\n      state.turn.roll = 0\r\n    end\r\n    local rollPlayer = state.turn.color\r\n    local rolls = state.turn.rolls\r\n    Redraw()\r\n    whenDiceResting(function()\r\n      if rollPlayer ~= state.turn.color then\r\n        return\r\n      end\r\n      state.rolling = true\r\n      state.hideRoll = true\r\n      Redraw()\r\n      gatherDice()\r\n      whenDiceResting(function()\r\n        if rollPlayer ~= state.turn.color then\r\n          return\r\n        end\r\n        normalizeDiceRotation()\r\n        state.hideRoll = false\r\n        state.rolling = false\r\n        if isJoker() then\r\n          times5(function()\r\n            broadcastToAll('Joker!!', state.turn.color)\r\n          end)\r\n        end\r\n        if yahtzeeScore() > RealScore(state.turn.color, 'yahtzee', state.round, true) then\r\n          broadcastYahtzee()\r\n        end\r\n\r\n        each(state.keep, function(keep, idx)\r\n          if (keep == false) then\r\n            state.dice[idx].setLock(true)\r\n          end\r\n        end)\r\n        if state.turn.rolls == 3 then\r\n          each(state.keep, function(keep, idx)\r\n            if (keep == false) then\r\n              lockDice(idx, state.turn.color)\r\n            end\r\n          end)\r\n        end\r\n        Redraw()\r\n      end)\r\n    end)\r\n  end\r\nend\r\n\r\nfunction onPlayerTurn()\r\n  local playerCount = 0\r\n  local lastColor = nil\r\n  for idx, color in pairs(getSeatedPlayers()) do\r\n    playerCount = playerCount + 1\r\n    lastColor = color\r\n  end\r\n  if playerCount == 1 then\r\n    Turns.enable = false\r\n    Turns.turn_color = nil\r\n    return\r\n  end\r\n\r\n  local shouldBe = state.turn.color\r\n  if shouldBe ~= nil and Turns.turn_color ~= shouldBe then\r\n    defer(function()\r\n      Turns.turn_color = shouldBe\r\n    end)\r\n    return\r\n  end\r\n  Redraw()\r\nend\r\n\nend)\n__bundle_register(\"yahtzee/helpers\", function(require, _LOADED, __bundle_register, __bundle_modules)\n-- Prepare to declare tests\r\n_tests = _tests ~= nil and _tests or {}\r\n\r\nfunction Color.fromHex(hexColor)\r\n    local rStr, gStr, bStr = hexColor:match('#?(%x%x)(%x%x)(%x%x)')\r\n    assert(rStr and gStr and bStr, tostring(hexColor) .. ' is not a valid color hex string')\r\n    return Color(tonumber(rStr, 16)/255, tonumber(gStr, 16)/255, tonumber(bStr, 16)/255)\r\nend\r\n\r\nfunction toPerc(table) if type(table) == 'number' then return table / 255 end for i, val in pairs(table) do table[i] = val / 255 end return table end\r\n\r\nfunction deepcopy(orig)\r\n    local orig_type = type(orig)\r\n    local copy\r\n    if orig_type == 'table' then\r\n        copy = {}\r\n        for orig_key, orig_value in next, orig, nil do\r\n            copy[deepcopy(orig_key)] = deepcopy(orig_value)\r\n        end\r\n        setmetatable(copy, deepcopy(getmetatable(orig)))\r\n    else -- number, string, boolean, etc\r\n      if type(orig) == 'userdata' and orig.guid ~= nil then\r\n        copy = 'GUID::' .. orig.guid\r\n      else\r\n        copy = orig\r\n      end\r\n    end\r\n    return copy\r\nend\r\n\r\nfunction inflate(table)\r\n  for key, value in next, table, nil do\r\n    local valueType = type(value)\r\n    if valueType == 'string' and string.find(value, 'GUID::') ~= 0 then\r\n      table[key] = getObjectFromGUID(string.sub(value, 7))\r\n    elseif valueType == 'table' then\r\n      inflate(value)\r\n    end\r\n  end\r\nend\r\n\r\nfunction destroyObjectsByTag(tag)\r\n  tag = string.lower(tag)\r\n  for i, obj in ipairs(getAllObjects()) do\r\n    if string.lower(obj.tag) == tag then\r\n      destroyObject(obj)\r\n    end\r\n  end\r\nend\r\n\r\nfunction destroyObjectsByName(tag)\r\n  tag = string.lower(tag)\r\n  for i, obj in ipairs(getAllObjects()) do\r\n    if string.lower(obj.name) == tag then\r\n      destroyObject(obj)\r\n    end\r\n  end\r\nend\r\n\r\nfunction relativeVector(bag, position)\r\n  local realPosition = bag.positionToLocal(position)\r\n  realPosition.x = -1 * realPosition.x\r\n  return realPosition\r\nend\r\n\r\n_tests.testRelativeVector = function()\r\n  local testBag = { positionToLocal = function(position) return vector(10, 5, 3) end }\r\n\r\n  _tests.assertEquals(vector(-10, 5, 3), relativeVector(testBag, vector(1, 1, 1)))\r\nend\r\n\r\nfunction noop() end\r\n\r\n-- Iterate over a table with a callback function\r\n-- callback function(val, index)\r\nfunction each(table, callback)\r\n  for i, o in pairs(table) do\r\n    callback(o, i)\r\n  end\r\nend\r\nfunction ieach(table, callback)\r\n  for i, o in ipairs(table) do\r\n    callback(o, i)\r\n  end\r\nend\r\n\r\n_tests.testEachIteratesArray = function()\r\n  local count = 0\r\n  local last = nil\r\n  each({'a','b','c','d','e'}, function(val, index)\r\n    count = count + 1\r\n    last = val\r\n    lastIndex = index\r\n  end)\r\n  _tests.assertEquals(5, count)\r\n  _tests.assertEquals(5, lastIndex)\r\n  _tests.assertEquals('e', last)\r\nend\r\n\r\n_tests.testEachIteratesAssociative = function()\r\n  local count = 0\r\n  local last = nil\r\n  each({foo = 'a', baz = 'b', bar = 'c'}, function(val, index)\r\n    count = count + 1\r\n    last = val\r\n    lastIndex = index\r\n  end)\r\n  _tests.assertEquals(3, count)\r\n  _tests.assertEquals('bar', lastIndex)\r\n  _tests.assertEquals('c', last)\r\nend\r\n\r\nfunction defer(callback)\r\n  deferFunc(callback)()\r\nend\r\n\r\nfunction deferFunc(callback)\r\n  return function() Wait.frames(callback, 10) end\r\nend\r\n\r\nfunction whenResting(obj, callback)\r\n  defer(function() Wait.condition(deferFunc(callback), function() return obj.resting end) end)\r\nend\r\n\r\nfunction whenDiceResting(callback)\r\n  defer(function() Wait.condition(deferFunc(callback), function()\r\n    return state.dice[1].resting and state.dice[2].resting and\r\n      state.dice[3].resting and state.dice[4].resting and\r\n      state.dice[5].resting\r\n  end) end)\r\nend\r\n\r\nfunction times5(callback, thenCallback)\r\n  callback()\r\n  local frames = 30\r\n  Wait.frames(function()\r\n    callback()\r\n    Wait.frames(function()\r\n      callback()\r\n      Wait.frames(function()\r\n        callback()\r\n        Wait.frames(function()\r\n          callback()\r\n          if thenCallback ~= nil then\r\n            defer(thenCallback)\r\n          end\r\n        end, frames)\r\n      end, frames)\r\n    end, frames)\r\n  end, frames)\r\nend\r\n\r\nfunction normalizeRotation(degrees, snapAngle)\r\n  if snapAngle == nil then\r\n    snapAngle = 90\r\n  end\r\n\r\n  return (math.floor(degrees / snapAngle + 0.5) * snapAngle) % 360\r\nend\r\n\r\n_tests.testNormalizeRotation = function()\r\n  _tests.assert(function() return normalizeRotation(1) == 0 end)\r\n  _tests.assert(function() return normalizeRotation(46) == 90 end)\r\n  _tests.assert(function() return normalizeRotation(91) == 90 end)\r\n  _tests.assert(function() return normalizeRotation(185) == 180 end)\r\n  _tests.assert(function() return normalizeRotation(361) == 0 end)\r\n  _tests.assert(function() return normalizeRotation(300) == 270 end)\r\n  _tests.assert(function() return normalizeRotation(320) == 0 end)\r\nend\r\n\r\nfunction lockObjects()\r\n  each(getAllObjects(), function(obj)\r\n    obj.setLock(true)\r\n    obj.interactable = false\r\n    local rotation = obj.getRotation()\r\n    obj.setRotation({\r\n      normalizeRotation(rotation.x, 45),\r\n      normalizeRotation(rotation.y, 45),\r\n      normalizeRotation(rotation.z, 45),\r\n    })\r\n  end)\r\nend\r\n\r\nfunction statePlayer(color)\r\n  local realPlayer = state.players[color]\r\n\r\n  if realPlayer == nil then\r\n    return {\r\n      scores = {\r\n        {},\r\n        {},\r\n        {},\r\n        {},\r\n        {},\r\n        {},\r\n        {}\r\n      },\r\n      rolls = 0\r\n    }\r\n  end\r\n\r\n  return realPlayer\r\nend\r\n\nend)\nreturn __bundle_require(\"__root\")",
  "LuaScriptState": "{\"state\":{\"bags\":{\"cards\":\"GUID::b415e0\",\"dice\":\"GUID::6322ef\"},\"dice\":[\"GUID::b2fdb0\",\"GUID::db55ca\",\"GUID::601023\",\"GUID::f5d28d\",\"GUID::ad0690\"],\"hideRoll\":false,\"keep\":[false,false,false,false,false],\"playerCount\":0,\"players\":[],\"release\":true,\"rolling\":false,\"round\":1,\"test\":false,\"turn\":{\"rolls\":0}}}",
  "XmlUI": "<!-- Xml UI. See documentation: https://api.tabletopsimulator.com/ui/introUI/ -->",
  "VersionNumber": "v12.3.5"
}