{
  "SaveName": "Love Letter",
  "GameMode": "None",
  "Date": "3/22/2015 12:28:14 PM",
  "Gravity": 0.5,
  "PlayArea": 0.5,
  "GameType": "",
  "GameComplexity": "",
  "Tags": [],
  "Table": "Table_Hexagon",
  "Sky": "Sky_Regal",
  "Note": "For rules go to\nhttp://www.alderac.com/tempest/love-letter/\n\nUse Alt to zoom in on the roles list\nRight click Reset all on the deck to begin a new day\nUse affection tokens in loot bag\nHave fun & Enjoy :)\n",
  "Rules": "1. Place 1 card in discard face down (Burn)\n\n2. Deal 1 card to each player. do not show other players your card!\n\n3. The first player clockwise from the dealer goes first.\n\n4. Draw 1 card to your hand.\n\n5. Play 1 card,",
  "Grid": {
    "Type": 0,
    "Lines": false,
    "Color": {
      "r": 0.0,
      "g": 0.0,
      "b": 0.0
    },
    "Opacity": 0.75,
    "ThickLines": false,
    "Snapping": true,
    "Offset": false,
    "BothSnapping": false,
    "xSize": 2.0,
    "ySize": 2.0,
    "PosOffset": {
      "x": 0.0,
      "y": 1.0,
      "z": 0.0
    }
  },
  "TabStates": {},
  "ObjectStates": [
    {
      "Name": "Figurine_Custom",
      "Transform": {
        "posX": -3.99994,
        "posY": 2.110639,
        "posZ": -3.41295672E-05,
        "rotX": 4.63948254E-06,
        "rotY": 90.0325546,
        "rotZ": 5.39697E-06,
        "scaleX": 1.0,
        "scaleY": 1.0,
        "scaleZ": 1.0
      },
      "Nickname": "",
      "Description": "",
      "GMNotes": "",
      "ColorDiffuse": {
        "r": 0.99999994,
        "g": 0.99999994,
        "b": 0.99999994
      },
      "Locked": true,
      "Grid": true,
      "Snap": true,
      "IgnoreFoW": false,
      "MeasureMovement": false,
      "DragSelectable": true,
      "Autoraise": true,
      "Sticky": true,
      "Tooltip": true,
      "GridProjection": false,
      "CustomImage": {
        "ImageURL": "http://cf.geekdo-images.com/images/pic1700729_md.jpg",
        "ImageSecondaryURL": "",
        "ImageScalar": 1.0,
        "WidthScale": 0.0
      },
      "LuaScript": "",
      "LuaScriptState": "",
      "XmlUI": "",
      "GUID": "c60fa6"
    },
    {
      "Name": "Deck",
      "Transform": {
        "posX": -0.0187705327,
        "posY": 1.06616783,
        "posZ": 0.00577067,
        "rotX": -1.09539651E-05,
        "rotY": 179.581772,
        "rotZ": 180.0,
        "scaleX": 1.0,
        "scaleY": 1.0,
        "scaleZ": 1.0
      },
      "Nickname": "",
      "Description": "",
      "GMNotes": "",
      "ColorDiffuse": {
        "r": 0.71336,
        "g": 0.71336,
        "b": 0.71336
      },
      "Locked": false,
      "Grid": true,
      "Snap": true,
      "IgnoreFoW": false,
      "MeasureMovement": false,
      "DragSelectable": true,
      "Autoraise": true,
      "Sticky": true,
      "Tooltip": true,
      "GridProjection": false,
      "SidewaysCard": false,
      "DeckIDs": [
        114,
        103,
        100,
        101,
        105,
        111,
        108,
        116,
        107,
        112,
        113,
        102,
        106,
        115,
        104,
        110
      ],
      "CustomDeck": {
        "1": {
          "FaceURL": "http://i.imgur.com/tysJ4C9.jpg",
          "BackURL": "http://i.imgur.com/YhHoTYN.jpg",
          "NumWidth": 10,
          "NumHeight": 7,
          "BackIsHidden": false,
          "UniqueBack": false,
          "Type": 0
        }
      },
      "LuaScript": "",
      "LuaScriptState": "",
      "XmlUI": "",
      "GUID": "4dd013"
    },
    {
      "Name": "Bag",
      "Transform": {
        "posX": 4.517143,
        "posY": 0.7726917,
        "posZ": 0.4800952,
        "rotX": 7.092055E-06,
        "rotY": 0.04480404,
        "rotZ": 8.372092E-06,
        "scaleX": 1.0,
        "scaleY": 1.0,
        "scaleZ": 1.0
      },
      "Nickname": "",
      "Description": "",
      "GMNotes": "",
      "ColorDiffuse": {
        "r": 0.9411774,
        "g": 0.488695085,
        "b": 0.0
      },
      "Locked": false,
      "Grid": true,
      "Snap": true,
      "IgnoreFoW": false,
      "MeasureMovement": false,
      "DragSelectable": true,
      "Autoraise": true,
      "Sticky": true,
      "Tooltip": true,
      "GridProjection": false,
      "MaterialIndex": -1,
      "MeshIndex": -1,
      "LuaScript": "",
      "LuaScriptState": "",
      "XmlUI": "",
      "ContainedObjects": [
        {
          "Name": "go_game_piece_black",
          "Transform": {
            "posX": 3.99395084,
            "posY": 3.11920261,
            "posZ": -0.005945549,
            "rotX": 355.2166,
            "rotY": 359.7722,
            "rotZ": 4.74223232,
            "scaleX": 1.0,
            "scaleY": 1.0,
            "scaleZ": 1.0
          },
          "Nickname": "",
          "Description": "",
          "GMNotes": "",
          "ColorDiffuse": {
            "r": 0.0,
            "g": 0.0,
            "b": 0.0
          },
          "Locked": false,
          "Grid": true,
          "Snap": true,
          "IgnoreFoW": false,
          "MeasureMovement": false,
          "DragSelectable": true,
          "Autoraise": true,
          "Sticky": true,
          "Tooltip": true,
          "GridProjection": false,
          "LuaScript": "",
          "LuaScriptState": "",
          "XmlUI": "",
          "GUID": "3364f1"
        },
        {
          "Name": "go_game_piece_black",
          "Transform": {
            "posX": 3.98843169,
            "posY": 3.0518527,
            "posZ": -0.009445853,
            "rotX": 347.2031,
            "rotY": 359.141785,
            "rotZ": 4.695682,
            "scaleX": 1.0,
            "scaleY": 1.0,
            "scaleZ": 1.0
          },
          "Nickname": "",
          "Description": "",
          "GMNotes": "",
          "ColorDiffuse": {
            "r": 0.0,
            "g": 0.0,
            "b": 0.0
          },
          "Locked": false,
          "Grid": true,
          "Snap": true,
          "IgnoreFoW": false,
          "MeasureMovement": false,
          "DragSelectable": true,
          "Autoraise": true,
          "Sticky": true,
          "Tooltip": true,
          "GridProjection": false,
          "LuaScript": "",
          "LuaScriptState": "",
          "XmlUI": "",
          "GUID": "49eea4"
        },
        {
          "Name": "go_game_piece_black",
          "Transform": {
            "posX": 3.99437928,
            "posY": 3.118295,
            "posZ": -0.00551897427,
            "rotX": 354.698,
            "rotY": 359.768341,
            "rotZ": 4.614038,
            "scaleX": 1.0,
            "scaleY": 1.0,
            "scaleZ": 1.0
          },
          "Nickname": "",
          "Description": "",
          "GMNotes": "",
          "ColorDiffuse": {
            "r": 0.0,
            "g": 0.0,
            "b": 0.0
          },
          "Locked": false,
          "Grid": true,
          "Snap": true,
          "IgnoreFoW": false,
          "MeasureMovement": false,
          "DragSelectable": true,
          "Autoraise": true,
          "Sticky": true,
          "Tooltip": true,
          "GridProjection": false,
          "LuaScript": "",
          "LuaScriptState": "",
          "XmlUI": "",
          "GUID": "45331f"
        },
        {
          "Name": "go_game_piece_black",
          "Transform": {
            "posX": 3.90315843,
            "posY": 3.14685583,
            "posZ": 0.8115872,
            "rotX": 1.85202694,
            "rotY": 325.019165,
            "rotZ": 14.3320065,
            "scaleX": 1.0,
            "scaleY": 1.0,
            "scaleZ": 1.0
          },
          "Nickname": "",
          "Description": "",
          "GMNotes": "",
          "ColorDiffuse": {
            "r": 0.0,
            "g": 0.0,
            "b": 0.0
          },
          "Locked": false,
          "Grid": true,
          "Snap": true,
          "IgnoreFoW": false,
          "MeasureMovement": false,
          "DragSelectable": true,
          "Autoraise": true,
          "Sticky": true,
          "Tooltip": true,
          "GridProjection": false,
          "LuaScript": "",
          "LuaScriptState": "",
          "XmlUI": "",
          "GUID": "fc2af6"
        },
        {
          "Name": "go_game_piece_black",
          "Transform": {
            "posX": 3.865767,
            "posY": 2.930007,
            "posZ": 0.9073403,
            "rotX": 18.585289,
            "rotY": 337.358337,
            "rotZ": 10.0377769,
            "scaleX": 1.0,
            "scaleY": 1.0,
            "scaleZ": 1.0
          },
          "Nickname": "",
          "Description": "",
          "GMNotes": "",
          "ColorDiffuse": {
            "r": 0.0,
            "g": 0.0,
            "b": 0.0
          },
          "Locked": false,
          "Grid": true,
          "Snap": true,
          "IgnoreFoW": false,
          "MeasureMovement": false,
          "DragSelectable": true,
          "Autoraise": true,
          "Sticky": true,
          "Tooltip": true,
          "GridProjection": false,
          "LuaScript": "",
          "LuaScriptState": "",
          "XmlUI": "",
          "GUID": "d582c7"
        },
        {
          "Name": "go_game_piece_black",
          "Transform": {
            "posX": 3.994673,
            "posY": 3.12873244,
            "posZ": -0.005299209,
            "rotX": 355.650848,
            "rotY": 359.808075,
            "rotZ": 4.37055969,
            "scaleX": 1.0,
            "scaleY": 1.0,
            "scaleZ": 1.0
          },
          "Nickname": "",
          "Description": "",
          "GMNotes": "",
          "ColorDiffuse": {
            "r": 0.0,
            "g": 0.0,
            "b": 0.0
          },
          "Locked": false,
          "Grid": true,
          "Snap": true,
          "IgnoreFoW": false,
          "MeasureMovement": false,
          "DragSelectable": true,
          "Autoraise": true,
          "Sticky": true,
          "Tooltip": true,
          "GridProjection": false,
          "LuaScript": "",
          "LuaScriptState": "",
          "XmlUI": "",
          "GUID": "30d908"
        },
        {
          "Name": "go_game_piece_black",
          "Transform": {
            "posX": 3.99367976,
            "posY": 3.119374,
            "posZ": -0.00622955663,
            "rotX": 355.697052,
            "rotY": 359.797852,
            "rotZ": 5.01122,
            "scaleX": 1.0,
            "scaleY": 1.0,
            "scaleZ": 1.0
          },
          "Nickname": "",
          "Description": "",
          "GMNotes": "",
          "ColorDiffuse": {
            "r": 0.0,
            "g": 0.0,
            "b": 0.0
          },
          "Locked": false,
          "Grid": true,
          "Snap": true,
          "IgnoreFoW": false,
          "MeasureMovement": false,
          "DragSelectable": true,
          "Autoraise": true,
          "Sticky": true,
          "Tooltip": true,
          "GridProjection": false,
          "LuaScript": "",
          "LuaScriptState": "",
          "XmlUI": "",
          "GUID": "53e187"
        },
        {
          "Name": "go_game_piece_black",
          "Transform": {
            "posX": 3.994473,
            "posY": 3.117984,
            "posZ": -0.005486447,
            "rotX": 355.505737,
            "rotY": 359.784271,
            "rotZ": 5.50653458,
            "scaleX": 1.0,
            "scaleY": 1.0,
            "scaleZ": 1.0
          },
          "Nickname": "",
          "Description": "",
          "GMNotes": "",
          "ColorDiffuse": {
            "r": 0.0,
            "g": 0.0,
            "b": 0.0
          },
          "Locked": false,
          "Grid": true,
          "Snap": true,
          "IgnoreFoW": false,
          "MeasureMovement": false,
          "DragSelectable": true,
          "Autoraise": true,
          "Sticky": true,
          "Tooltip": true,
          "GridProjection": false,
          "LuaScript": "",
          "LuaScriptState": "",
          "XmlUI": "",
          "GUID": "157fcd"
        },
        {
          "Name": "go_game_piece_black",
          "Transform": {
            "posX": 3.99453139,
            "posY": 3.12598062,
            "posZ": -0.005539491,
            "rotX": 355.549744,
            "rotY": 359.485138,
            "rotZ": 4.48040867,
            "scaleX": 1.0,
            "scaleY": 1.0,
            "scaleZ": 1.0
          },
          "Nickname": "",
          "Description": "",
          "GMNotes": "",
          "ColorDiffuse": {
            "r": 0.0,
            "g": 0.0,
            "b": 0.0
          },
          "Locked": false,
          "Grid": true,
          "Snap": true,
          "IgnoreFoW": false,
          "MeasureMovement": false,
          "DragSelectable": true,
          "Autoraise": true,
          "Sticky": true,
          "Tooltip": true,
          "GridProjection": false,
          "LuaScript": "",
          "LuaScriptState": "",
          "XmlUI": "",
          "GUID": "f8b16f"
        },
        {
          "Name": "go_game_piece_black",
          "Transform": {
            "posX": 3.99429941,
            "posY": 3.118332,
            "posZ": -0.00559539162,
            "rotX": 354.532471,
            "rotY": 359.747375,
            "rotZ": 4.37241936,
            "scaleX": 1.0,
            "scaleY": 1.0,
            "scaleZ": 1.0
          },
          "Nickname": "",
          "Description": "",
          "GMNotes": "",
          "ColorDiffuse": {
            "r": 0.0,
            "g": 0.0,
            "b": 0.0
          },
          "Locked": false,
          "Grid": true,
          "Snap": true,
          "IgnoreFoW": false,
          "MeasureMovement": false,
          "DragSelectable": true,
          "Autoraise": true,
          "Sticky": true,
          "Tooltip": true,
          "GridProjection": false,
          "LuaScript": "",
          "LuaScriptState": "",
          "XmlUI": "",
          "GUID": "16925c"
        },
        {
          "Name": "go_game_piece_black",
          "Transform": {
            "posX": 3.99412322,
            "posY": 3.12045979,
            "posZ": -0.00595287839,
            "rotX": 355.3317,
            "rotY": 359.23938,
            "rotZ": 4.6959095,
            "scaleX": 1.0,
            "scaleY": 1.0,
            "scaleZ": 1.0
          },
          "Nickname": "",
          "Description": "",
          "GMNotes": "",
          "ColorDiffuse": {
            "r": 0.0,
            "g": 0.0,
            "b": 0.0
          },
          "Locked": false,
          "Grid": true,
          "Snap": true,
          "IgnoreFoW": false,
          "MeasureMovement": false,
          "DragSelectable": true,
          "Autoraise": true,
          "Sticky": true,
          "Tooltip": true,
          "GridProjection": false,
          "LuaScript": "",
          "LuaScriptState": "",
          "XmlUI": "",
          "GUID": "dd182c"
        },
        {
          "Name": "go_game_piece_black",
          "Transform": {
            "posX": 3.98668,
            "posY": 3.07417464,
            "posZ": -0.0161343813,
            "rotX": 1.48986614,
            "rotY": 0.4968891,
            "rotZ": 11.6310854,
            "scaleX": 1.0,
            "scaleY": 1.0,
            "scaleZ": 1.0
          },
          "Nickname": "",
          "Description": "",
          "GMNotes": "",
          "ColorDiffuse": {
            "r": 0.0,
            "g": 0.0,
            "b": 0.0
          },
          "Locked": false,
          "Grid": true,
          "Snap": true,
          "IgnoreFoW": false,
          "MeasureMovement": false,
          "DragSelectable": true,
          "Autoraise": true,
          "Sticky": true,
          "Tooltip": true,
          "GridProjection": false,
          "LuaScript": "",
          "LuaScriptState": "",
          "XmlUI": "",
          "GUID": "c64517"
        },
        {
          "Name": "go_game_piece_black",
          "Transform": {
            "posX": 3.981016,
            "posY": 2.948112,
            "posZ": 0.0185629353,
            "rotX": 344.343323,
            "rotY": 357.9195,
            "rotZ": 17.58781,
            "scaleX": 1.0,
            "scaleY": 1.0,
            "scaleZ": 1.0
          },
          "Nickname": "",
          "Description": "",
          "GMNotes": "",
          "ColorDiffuse": {
            "r": 0.0,
            "g": 0.0,
            "b": 0.0
          },
          "Locked": false,
          "Grid": true,
          "Snap": true,
          "IgnoreFoW": false,
          "MeasureMovement": false,
          "DragSelectable": true,
          "Autoraise": true,
          "Sticky": true,
          "Tooltip": true,
          "GridProjection": false,
          "LuaScript": "",
          "LuaScriptState": "",
          "XmlUI": "",
          "GUID": "7aba26"
        },
        {
          "Name": "go_game_piece_black",
          "Transform": {
            "posX": 3.99396014,
            "posY": 3.119244,
            "posZ": -0.00593679445,
            "rotX": 355.254547,
            "rotY": 359.774963,
            "rotZ": 4.762005,
            "scaleX": 1.0,
            "scaleY": 1.0,
            "scaleZ": 1.0
          },
          "Nickname": "",
          "Description": "",
          "GMNotes": "",
          "ColorDiffuse": {
            "r": 0.0,
            "g": 0.0,
            "b": 0.0
          },
          "Locked": false,
          "Grid": true,
          "Snap": true,
          "IgnoreFoW": false,
          "MeasureMovement": false,
          "DragSelectable": true,
          "Autoraise": true,
          "Sticky": true,
          "Tooltip": true,
          "GridProjection": false,
          "LuaScript": "",
          "LuaScriptState": "",
          "XmlUI": "",
          "GUID": "780e7c"
        }
      ],
      "GUID": "073cd1"
    }
  ],
  "LuaScript": "",
  "LuaScriptState": "",
  "XmlUI": "",
  "VersionNumber": ""
}