{
  "SaveName": "Yahtzee",
  "GameMode": "None",
  "Date": "6/27/2015 1:20:22 AM",
  "Gravity": 0.5,
  "PlayArea": 0.5,
  "GameType": "",
  "GameComplexity": "",
  "Tags": [],
  "Table": "Table_RPG",
  "Sky": "Sky_Field",
  "Note": "",
  "Rules": "Introduction:\n\nPlayers take turns clockwise around the table rolling dice.  Each player can roll the dice up to three times per turn.\n\nEach time a player rolls, they may choose to hold onto any number of dice of the roll, or immediately apply their roll to any score section of their player card.\n\n\nEnd of Game:\n\nThe game is over when all score sections are filled for each individual player.  Score cards have been provided for up to six, however you may copy and paste additional as necessary.\n\n\nScoring:\n\nAfter the three player rolls, or if a player chooses to end their turn early, they may apply a score to one of the top or bottom score fields.\n\nWhen scoring in the TOP fields, a player earns a score equal to the number of the dice that match the number multiplied by the face value.  (e.g. Player 1 rolls four \"Fives.\"  That player could earn a score of 20 points in their Fives row.)\n\nIf a player earns a total value of 63 points or greater in the top card, they will earn a 35 point bonus.\n\nFor strategy, know that the 63 points required is equal to three dice in each row.  (3+6+9+12+15+18=63)\n\n\n\nWhen scoring in the BOTTOM fields, the player must adhere to more specialized conditions per row.  Lets explore each section:\n\nThree of a Kind:  The Player must roll at least three of the same die to score here.  Add the whole value of the final roll.\n\nFour of a Kind:  The Player must roll at least Four of the same die to score here.  Add the whole value of the final roll.\n\nFull House:  The player must roll at least a three of a kind of one number, and two more of another to score.  (e.g. A player rolls three \"Sixes\" and two \"Threes.\")  The Full House is worth 25 points.\n\nSmall Straight:  The player must roll at least four dice that are in sequential order.  A roll of 1-2-3-4, 2-3-4-5, or 3-4-5-6 is necessary.  A score of 30 is earned for the Small Straight.\n\nLarge Straight:  The Player must roll all five dice in sequential order.  A roll of 1-2-3-4-5, or 2-3-4-5-6 is necessary.  A score of 40 points is earned for the Large Straight.\n\nYahtzee:  If a player rolls all five dice, and earns a five of a kind, they've rolled a Yahtzee!  The Yahtzee row is worth 50 points.\n\nChance:  When all else fails, you've got a free chance to score some extra points.  Chance allows you to simply score the face value of the final roll, and earn that score.\n\n\nYahtzee Bonus:  If the Yahtzee row has been scored successfully, and a player rolls another Yahtzee, they earn a mark in their Yahtzee Bonus row.  If the player has already put a 0 in their Yahtzee row, no bonus can be earned.\n\nThe Yahtzee that was then rolled now must be applied to another scoring row.  If the dice rolled meet the conditions of the row chosen, points can be added there as well.\n\n(e.g. If a player rolled a Yahtzee Bonus, and they rolled five \"Fives,\" then they could add a score of 25 to their fives row, or satisfy the Three or Four of a Kind rows.  Alternatively, they could earn a 25 in Chance.)\n\n\n(Fact: The bonus can be earned 12 times, adding up to 1,200 points, allowing a total maximum score of 1,575 points, if played out properly!)\n\n\n\nScorecard:\n\nEach scoring row must be filled out as your earn them.  If a roll failed to satisfy any rows, then a zero must be applied in a row of that player's choosing.\n\nAny number of games can be played on the same scorecard, though we suggest six games to be the most on the same card.\n\nAs the top or bottom are finished, you may add up the total of that section, and apply it in the total field.  Finally, when all players are finished, add up your final scores and apply them to the bottom row.\n\nThe player with the highest total points wins!\n\n\n\nClosing:\n\nYahtzee was created by Milton Bradley, and is owned by Hasbro.  I take no credit in the development of the game.  This ruleset was created with the best of my ability and not copied in any form or fashion from the original game.\n\nProudly organized and brought to the Steam Workshop by Lingie.\n\nHave fun!",
  "Grid": {
    "Type": 0,
    "Lines": false,
    "Color": {
      "r": 0.0,
      "g": 0.0,
      "b": 0.0
    },
    "Opacity": 0.75,
    "ThickLines": false,
    "Snapping": false,
    "Offset": false,
    "BothSnapping": false,
    "xSize": 2.0,
    "ySize": 2.0,
    "PosOffset": {
      "x": 0.0,
      "y": 1.0,
      "z": 0.0
    }
  },
  "Hands": {
    "Enable": true,
    "DisableUnused": false,
    "Hiding": 0
  },
  "TabStates": {},
  "ObjectStates": [
    {
      "Name": "Tileset_Corner",
      "Transform": {
        "posX": -9.5,
        "posY": 0.9482426,
        "posZ": 7.49999952,
        "rotX": 6.828672E-06,
        "rotY": 179.97287,
        "rotZ": -6.40492E-06,
        "scaleX": 0.5,
        "scaleY": 0.5,
        "scaleZ": 0.5
      },
      "Nickname": "",
      "Description": "",
      "GMNotes": "",
      "ColorDiffuse": {
        "r": 0.669165432,
        "g": 0.669165432,
        "b": 0.669165432
      },
      "Locked": true,
      "Grid": true,
      "Snap": true,
      "IgnoreFoW": false,
      "MeasureMovement": false,
      "DragSelectable": true,
      "Autoraise": true,
      "Sticky": true,
      "Tooltip": true,
      "GridProjection": false,
      "LuaScript": "",
      "LuaScriptState": "",
      "XmlUI": "",
      "GUID": "845e26"
    },
    {
      "Name": "Tileset_Corner",
      "Transform": {
        "posX": -8.500034,
        "posY": 0.9482428,
        "posZ": 8.500012,
        "rotX": -1.70758926E-06,
        "rotY": 0.00140275026,
        "rotZ": 3.41507416E-06,
        "scaleX": 0.5,
        "scaleY": 0.5,
        "scaleZ": 0.5
      },
      "Nickname": "",
      "Description": "",
      "GMNotes": "",
      "ColorDiffuse": {
        "r": 0.669165432,
        "g": 0.669165432,
        "b": 0.669165432
      },
      "Locked": true,
      "Grid": true,
      "Snap": true,
      "IgnoreFoW": false,
      "MeasureMovement": false,
      "DragSelectable": true,
      "Autoraise": true,
      "Sticky": true,
      "Tooltip": true,
      "GridProjection": false,
      "LuaScript": "",
      "LuaScriptState": "",
      "XmlUI": "",
      "GUID": "65237b"
    },
    {
      "Name": "Tileset_Corner",
      "Transform": {
        "posX": -8.499928,
        "posY": 0.948243856,
        "posZ": 7.49995852,
        "rotX": 3.68261935E-05,
        "rotY": 90.00603,
        "rotZ": 1.81306393E-06,
        "scaleX": 0.5,
        "scaleY": 0.5,
        "scaleZ": 0.5
      },
      "Nickname": "",
      "Description": "",
      "GMNotes": "",
      "ColorDiffuse": {
        "r": 0.6691611,
        "g": 0.6691611,
        "b": 0.6691611
      },
      "Locked": true,
      "Grid": true,
      "Snap": true,
      "IgnoreFoW": false,
      "MeasureMovement": false,
      "DragSelectable": true,
      "Autoraise": true,
      "Sticky": true,
      "Tooltip": true,
      "GridProjection": false,
      "LuaScript": "",
      "LuaScriptState": "",
      "XmlUI": "",
      "GUID": "bf38d5"
    },
    {
      "Name": "Tileset_Corner",
      "Transform": {
        "posX": -9.499972,
        "posY": 0.9482429,
        "posZ": 8.499994,
        "rotX": -1.20736922E-06,
        "rotY": 270.004669,
        "rotZ": -1.20746745E-06,
        "scaleX": 0.5,
        "scaleY": 0.5,
        "scaleZ": 0.5
      },
      "Nickname": "",
      "Description": "",
      "GMNotes": "",
      "ColorDiffuse": {
        "r": 0.669165432,
        "g": 0.669165432,
        "b": 0.669165432
      },
      "Locked": true,
      "Grid": true,
      "Snap": true,
      "IgnoreFoW": false,
      "MeasureMovement": false,
      "DragSelectable": true,
      "Autoraise": true,
      "Sticky": true,
      "Tooltip": true,
      "GridProjection": false,
      "LuaScript": "",
      "LuaScriptState": "",
      "XmlUI": "",
      "GUID": "aa26ab",
      "AttachedSnapPoints": [
        {
          "Position": {
            "x": -0.9169513,
            "y": 0.3785412,
            "z": -0.9738934
          }
        }
      ]
    },
    {
      "Name": "Notecard",
      "Transform": {
        "posX": 19.99801,
        "posY": 1.08923054,
        "posZ": -10.011981,
        "rotX": 1.97136247,
        "rotY": 359.944977,
        "rotZ": -0.000183711963,
        "scaleX": 1.0,
        "scaleY": 1.0,
        "scaleZ": 1.0
      },
      "Nickname": "Player 6 Scorecard Top",
      "Description": "Ones            : \nTwos            : \nThrees          : \nFours           :\nFives            : \nSixes            : \n\nIf sum of top card is greater then 63, add 35 \nBonus           : []\nTotal of top  :",
      "GMNotes": "",
      "ColorDiffuse": {
        "r": 0.99999994,
        "g": 0.99999994,
        "b": 0.99999994
      },
      "Locked": true,
      "Grid": true,
      "Snap": true,
      "IgnoreFoW": false,
      "MeasureMovement": false,
      "DragSelectable": true,
      "Autoraise": true,
      "Sticky": true,
      "Tooltip": true,
      "GridProjection": false,
      "LuaScript": "",
      "LuaScriptState": "",
      "XmlUI": "",
      "GUID": "854021"
    },
    {
      "Name": "Notecard",
      "Transform": {
        "posX": 19.99916,
        "posY": 1.01824975,
        "posZ": -13.9957666,
        "rotX": -0.0002033124,
        "rotY": 0.093375884,
        "rotZ": 1.56100741E-05,
        "scaleX": 1.0,
        "scaleY": 1.0,
        "scaleZ": 1.0
      },
      "Nickname": "Player 6 Scorecard Bottom",
      "Description": "3 of a Kind            : \n4 of a Kind            : \nFull House     (25)  : []\nSm. Straight (30)  : []\nLg. Straight  (40)  : []\nYahtzee         (50)  : []\nChance                   : \nYahtzee Bonus       : \nBottom Total         : \nGrand Total           : ",
      "GMNotes": "",
      "ColorDiffuse": {
        "r": 0.99999994,
        "g": 0.99999994,
        "b": 0.99999994
      },
      "Locked": true,
      "Grid": true,
      "Snap": true,
      "IgnoreFoW": false,
      "MeasureMovement": false,
      "DragSelectable": true,
      "Autoraise": true,
      "Sticky": true,
      "Tooltip": true,
      "GridProjection": false,
      "LuaScript": "",
      "LuaScriptState": "",
      "XmlUI": "",
      "GUID": "f1584b"
    },
    {
      "Name": "Notecard",
      "Transform": {
        "posX": 12.002492,
        "posY": 1.08902931,
        "posZ": -9.999524,
        "rotX": 1.96582818,
        "rotY": 359.971069,
        "rotZ": -0.000161428165,
        "scaleX": 1.0,
        "scaleY": 1.0,
        "scaleZ": 1.0
      },
      "Nickname": "Player 5 Scorecard Top",
      "Description": "Ones            : \nTwos            : \nThrees          : \nFours           :\nFives            : \nSixes            : \n\nIf sum of top card is greater then 63, add 35 \nBonus           : []\nTotal of top  :",
      "GMNotes": "",
      "ColorDiffuse": {
        "r": 0.99999994,
        "g": 0.99999994,
        "b": 0.99999994
      },
      "Locked": true,
      "Grid": true,
      "Snap": true,
      "IgnoreFoW": false,
      "MeasureMovement": false,
      "DragSelectable": true,
      "Autoraise": true,
      "Sticky": true,
      "Tooltip": true,
      "GridProjection": false,
      "LuaScript": "",
      "LuaScriptState": "",
      "XmlUI": "",
      "GUID": "e4a020"
    },
    {
      "Name": "Notecard",
      "Transform": {
        "posX": 11.9999647,
        "posY": 1.01824427,
        "posZ": -13.9956131,
        "rotX": 0.000176384332,
        "rotY": 0.08580053,
        "rotZ": 0.00179567572,
        "scaleX": 1.0,
        "scaleY": 1.0,
        "scaleZ": 1.0
      },
      "Nickname": "Player 5 Scorecard Bottom",
      "Description": "3 of a Kind            : \n4 of a Kind            : \nFull House     (25)  : []\nSm. Straight (30)  : []\nLg. Straight  (40)  : []\nYahtzee         (50)  : []\nChance                   : \nYahtzee Bonus       : \nBottom Total         : \nGrand Total           : ",
      "GMNotes": "",
      "ColorDiffuse": {
        "r": 0.99999994,
        "g": 0.99999994,
        "b": 0.99999994
      },
      "Locked": true,
      "Grid": true,
      "Snap": true,
      "IgnoreFoW": false,
      "MeasureMovement": false,
      "DragSelectable": true,
      "Autoraise": true,
      "Sticky": true,
      "Tooltip": true,
      "GridProjection": false,
      "LuaScript": "",
      "LuaScriptState": "",
      "XmlUI": "",
      "GUID": "35eeae"
    },
    {
      "Name": "Notecard",
      "Transform": {
        "posX": 3.99712253,
        "posY": 1.08941329,
        "posZ": -10.0197315,
        "rotX": 1.9769268,
        "rotY": 359.826965,
        "rotZ": -0.004186377,
        "scaleX": 1.0,
        "scaleY": 1.0,
        "scaleZ": 1.0
      },
      "Nickname": "Player 4 Scorecard Top",
      "Description": "Ones            : \nTwos            : \nThrees          : \nFours           :\nFives            : \nSixes            : \n\nIf sum of top card is greater then 63, add 35 \nBonus           : []\nTotal of top  :",
      "GMNotes": "",
      "ColorDiffuse": {
        "r": 0.99999994,
        "g": 0.99999994,
        "b": 0.99999994
      },
      "Locked": true,
      "Grid": true,
      "Snap": true,
      "IgnoreFoW": false,
      "MeasureMovement": false,
      "DragSelectable": true,
      "Autoraise": true,
      "Sticky": true,
      "Tooltip": true,
      "GridProjection": false,
      "LuaScript": "",
      "LuaScriptState": "",
      "XmlUI": "",
      "GUID": "64ac2d"
    },
    {
      "Name": "Notecard",
      "Transform": {
        "posX": 3.99953938,
        "posY": 1.01825035,
        "posZ": -13.99461,
        "rotX": -8.641632E-05,
        "rotY": 0.07589938,
        "rotZ": 0.00390728936,
        "scaleX": 1.0,
        "scaleY": 1.0,
        "scaleZ": 1.0
      },
      "Nickname": "Player 4 Scorecard Bottom",
      "Description": "3 of a Kind            : \n4 of a Kind            : \nFull House     (25)  : []\nSm. Straight (30)  : []\nLg. Straight  (40)  : []\nYahtzee         (50)  : []\nChance                   : \nYahtzee Bonus       : \nBottom Total         : \nGrand Total           : ",
      "GMNotes": "",
      "ColorDiffuse": {
        "r": 0.99999994,
        "g": 0.99999994,
        "b": 0.99999994
      },
      "Locked": true,
      "Grid": true,
      "Snap": true,
      "IgnoreFoW": false,
      "MeasureMovement": false,
      "DragSelectable": true,
      "Autoraise": true,
      "Sticky": true,
      "Tooltip": true,
      "GridProjection": false,
      "LuaScript": "",
      "LuaScriptState": "",
      "XmlUI": "",
      "GUID": "dfb762"
    },
    {
      "Name": "Notecard",
      "Transform": {
        "posX": -4.002674,
        "posY": 1.0894134,
        "posZ": -10.0197258,
        "rotX": 1.976925,
        "rotY": 359.83255,
        "rotZ": -0.00409241673,
        "scaleX": 1.0,
        "scaleY": 1.0,
        "scaleZ": 1.0
      },
      "Nickname": "Player 3 Scorecard Top",
      "Description": "Ones            : \nTwos            : \nThrees          : \nFours           :\nFives            : \nSixes            : \n\nIf sum of top card is greater then 63, add 35 \nBonus           : []\nTotal of top  :",
      "GMNotes": "",
      "ColorDiffuse": {
        "r": 0.99999994,
        "g": 0.99999994,
        "b": 0.99999994
      },
      "Locked": true,
      "Grid": true,
      "Snap": true,
      "IgnoreFoW": false,
      "MeasureMovement": false,
      "DragSelectable": true,
      "Autoraise": true,
      "Sticky": true,
      "Tooltip": true,
      "GridProjection": false,
      "LuaScript": "",
      "LuaScriptState": "",
      "XmlUI": "",
      "GUID": "5004ca"
    },
    {
      "Name": "Notecard",
      "Transform": {
        "posX": -4.000455,
        "posY": 1.01825023,
        "posZ": -13.9945774,
        "rotX": -9.058922E-05,
        "rotY": 0.07584616,
        "rotZ": 0.003818462,
        "scaleX": 1.0,
        "scaleY": 1.0,
        "scaleZ": 1.0
      },
      "Nickname": "Player 3 Scorecard Bottom",
      "Description": "3 of a Kind            : \n4 of a Kind            : \nFull House     (25)  : []\nSm. Straight (30)  : []\nLg. Straight  (40)  : []\nYahtzee         (50)  : []\nChance                   : \nYahtzee Bonus       : \nBottom Total         : \nGrand Total           : ",
      "GMNotes": "",
      "ColorDiffuse": {
        "r": 0.99999994,
        "g": 0.99999994,
        "b": 0.99999994
      },
      "Locked": true,
      "Grid": true,
      "Snap": true,
      "IgnoreFoW": false,
      "MeasureMovement": false,
      "DragSelectable": true,
      "Autoraise": true,
      "Sticky": true,
      "Tooltip": true,
      "GridProjection": false,
      "LuaScript": "",
      "LuaScriptState": "",
      "XmlUI": "",
      "GUID": "210389"
    },
    {
      "Name": "Notecard",
      "Transform": {
        "posX": -12.0020351,
        "posY": 1.089231,
        "posZ": -10.0118971,
        "rotX": 1.9713726,
        "rotY": 359.938965,
        "rotZ": -0.000190212755,
        "scaleX": 1.0,
        "scaleY": 1.0,
        "scaleZ": 1.0
      },
      "Nickname": "Player 2 Scorecard Top",
      "Description": "Ones            : \nTwos            : \nThrees          : \nFours           :\nFives            : \nSixes            : \n\nIf sum of top card is greater then 63, add 35 \nBonus           : []\nTotal of top  :",
      "GMNotes": "",
      "ColorDiffuse": {
        "r": 0.99999994,
        "g": 0.99999994,
        "b": 0.99999994
      },
      "Locked": true,
      "Grid": true,
      "Snap": true,
      "IgnoreFoW": false,
      "MeasureMovement": false,
      "DragSelectable": true,
      "Autoraise": true,
      "Sticky": true,
      "Tooltip": true,
      "GridProjection": false,
      "LuaScript": "",
      "LuaScriptState": "",
      "XmlUI": "",
      "GUID": "66718e"
    },
    {
      "Name": "Notecard",
      "Transform": {
        "posX": -12.0007429,
        "posY": 1.01824975,
        "posZ": -13.9956465,
        "rotX": -0.000198906928,
        "rotY": 0.09138165,
        "rotZ": 1.73369353E-05,
        "scaleX": 1.0,
        "scaleY": 1.0,
        "scaleZ": 1.0
      },
      "Nickname": "Player 2 Scorecard Bottom",
      "Description": "3 of a Kind            : \n4 of a Kind            : \nFull House     (25)  : []\nSm. Straight (30)  : []\nLg. Straight  (40)  : []\nYahtzee         (50)  : []\nChance                   : \nYahtzee Bonus       : \nBottom Total         : \nGrand Total           : ",
      "GMNotes": "",
      "ColorDiffuse": {
        "r": 0.99999994,
        "g": 0.99999994,
        "b": 0.99999994
      },
      "Locked": true,
      "Grid": true,
      "Snap": true,
      "IgnoreFoW": false,
      "MeasureMovement": false,
      "DragSelectable": true,
      "Autoraise": true,
      "Sticky": true,
      "Tooltip": true,
      "GridProjection": false,
      "LuaScript": "",
      "LuaScriptState": "",
      "XmlUI": "",
      "GUID": "26b551"
    },
    {
      "Name": "Notecard",
      "Transform": {
        "posX": -20.0026588,
        "posY": 1.0894227,
        "posZ": -10.0197182,
        "rotX": 1.9762367,
        "rotY": 359.832947,
        "rotZ": -0.00406867359,
        "scaleX": 1.0,
        "scaleY": 1.0,
        "scaleZ": 1.0
      },
      "Nickname": "Player 1 Scorecard Top",
      "Description": "Ones            : \nTwos            : \nThrees          : \nFours           :\nFives            : \nSixes            : \n\nIf sum of top card is greater then 63, add 35 \nBonus           : []\nTotal of top  :",
      "GMNotes": "",
      "ColorDiffuse": {
        "r": 0.99999994,
        "g": 0.992157638,
        "b": 0.99999994
      },
      "Locked": true,
      "Grid": true,
      "Snap": true,
      "IgnoreFoW": false,
      "MeasureMovement": false,
      "DragSelectable": true,
      "Autoraise": true,
      "Sticky": true,
      "Tooltip": true,
      "GridProjection": false,
      "LuaScript": "",
      "LuaScriptState": "",
      "XmlUI": "",
      "GUID": "37c3fa"
    },
    {
      "Name": "Notecard",
      "Transform": {
        "posX": -20.0004559,
        "posY": 1.01824081,
        "posZ": -13.9945612,
        "rotX": 0.00209033815,
        "rotY": 0.07605118,
        "rotZ": 0.00379513949,
        "scaleX": 1.0,
        "scaleY": 1.0,
        "scaleZ": 1.0
      },
      "Nickname": "Player 1 Scorecard Bottom",
      "Description": "3 of a Kind            : \n4 of a Kind            : \nFull House     (25)  : []\nSm. Straight (30)  : []\nLg. Straight  (40)  : []\nYahtzee         (50)  : []\nChance                   : \nYahtzee Bonus       : \nBottom Total         : \nGrand Total           : ",
      "GMNotes": "",
      "ColorDiffuse": {
        "r": 0.99999994,
        "g": 0.992157638,
        "b": 0.99999994
      },
      "Locked": true,
      "Grid": true,
      "Snap": true,
      "IgnoreFoW": false,
      "MeasureMovement": false,
      "DragSelectable": true,
      "Autoraise": true,
      "Sticky": true,
      "Tooltip": true,
      "GridProjection": false,
      "LuaScript": "",
      "LuaScriptState": "",
      "XmlUI": "",
      "GUID": "a29d37"
    },
    {
      "Name": "Notecard",
      "Transform": {
        "posX": -19.499939,
        "posY": 1.10574269,
        "posZ": 12.000164,
        "rotX": 3.50793869E-07,
        "rotY": 0.000802136958,
        "rotZ": -4.37214169E-07,
        "scaleX": 2.25,
        "scaleY": 2.25,
        "scaleZ": 2.25
      },
      "Nickname": "Information!",
      "Description": "Thanks for checking out Yahtzee!  Check out some quick rules under Menu -> Rules for an easy learning guide, or visit https://en.wikipedia.org/wiki/Yahtzee for more information.\n\n\nIf you don't need this card, feel free to delete it, along with unused score cards.  Have fun!",
      "GMNotes": "",
      "ColorDiffuse": {
        "r": 0.99999994,
        "g": 0.99999994,
        "b": 0.99999994
      },
      "Locked": true,
      "Grid": true,
      "Snap": true,
      "IgnoreFoW": false,
      "MeasureMovement": false,
      "DragSelectable": true,
      "Autoraise": true,
      "Sticky": true,
      "Tooltip": true,
      "GridProjection": false,
      "LuaScript": "",
      "LuaScriptState": "",
      "XmlUI": "",
      "GUID": "ddb96a"
    },
    {
      "Name": "Notecard",
      "Transform": {
        "posX": 17.9999542,
        "posY": 1.12324262,
        "posZ": 7.99994,
        "rotX": -1.66453333E-07,
        "rotY": 0.005863968,
        "rotZ": -3.57190345E-07,
        "scaleX": 2.5,
        "scaleY": 2.5,
        "scaleZ": 2.5
      },
      "Nickname": "Getting Started Tips!",
      "Description": "You can use the slots beside the board for holding dice, or the table itself.  When holding dice don't move them too quickly, or they'll roll!\n\nIf a die is rolled when moving to the holding area, you can use 1 through 6 on your keyboard to correct it.\n\nWe suggest turning on turns.  Do so by going to Host -> Turns.",
      "GMNotes": "",
      "ColorDiffuse": {
        "r": 0.99999994,
        "g": 0.99999994,
        "b": 0.99999994
      },
      "Locked": true,
      "Grid": true,
      "Snap": true,
      "IgnoreFoW": false,
      "MeasureMovement": false,
      "DragSelectable": true,
      "Autoraise": true,
      "Sticky": true,
      "Tooltip": true,
      "GridProjection": false,
      "LuaScript": "",
      "LuaScriptState": "",
      "XmlUI": "",
      "GUID": "2efcf5"
    },
    {
      "Name": "PlayerPawn",
      "Transform": {
        "posX": -19.4992428,
        "posY": 0.9519081,
        "posZ": -6.49990654,
        "rotX": -1.44735839E-06,
        "rotY": 90.05935,
        "rotZ": 1.11823454E-06,
        "scaleX": 2.0,
        "scaleY": 2.0,
        "scaleZ": 2.0
      },
      "Nickname": "",
      "Description": "",
      "GMNotes": "",
      "ColorDiffuse": {
        "r": 0.8603045,
        "g": 0.8603045,
        "b": 0.8603045
      },
      "Locked": true,
      "Grid": true,
      "Snap": true,
      "IgnoreFoW": false,
      "MeasureMovement": false,
      "DragSelectable": true,
      "Autoraise": true,
      "Sticky": true,
      "Tooltip": true,
      "GridProjection": false,
      "MaterialIndex": 0,
      "LuaScript": "",
      "LuaScriptState": "",
      "XmlUI": "",
      "GUID": "f71a59"
    },
    {
      "Name": "PlayerPawn",
      "Transform": {
        "posX": -11.6987562,
        "posY": 0.95191,
        "posZ": -6.500535,
        "rotX": -7.797316E-07,
        "rotY": 90.07311,
        "rotZ": 5.218532E-07,
        "scaleX": 2.0,
        "scaleY": 2.0,
        "scaleZ": 2.0
      },
      "Nickname": "",
      "Description": "",
      "GMNotes": "",
      "ColorDiffuse": {
        "r": 0.8382472,
        "g": 0.0,
        "b": 0.0
      },
      "Locked": true,
      "Grid": true,
      "Snap": true,
      "IgnoreFoW": false,
      "MeasureMovement": false,
      "DragSelectable": true,
      "Autoraise": true,
      "Sticky": true,
      "Tooltip": true,
      "GridProjection": false,
      "MaterialIndex": 1,
      "LuaScript": "",
      "LuaScriptState": "",
      "XmlUI": "",
      "GUID": "bc439a"
    },
    {
      "Name": "PlayerPawn",
      "Transform": {
        "posX": -3.89871478,
        "posY": 0.9519088,
        "posZ": -6.500617,
        "rotX": -1.76968365E-06,
        "rotY": 90.07155,
        "rotZ": 1.6072147E-06,
        "scaleX": 2.0,
        "scaleY": 2.0,
        "scaleZ": 2.0
      },
      "Nickname": "",
      "Description": "",
      "GMNotes": "",
      "ColorDiffuse": {
        "r": 0.867656767,
        "g": 0.520623267,
        "b": 0.0
      },
      "Locked": true,
      "Grid": true,
      "Snap": true,
      "IgnoreFoW": false,
      "MeasureMovement": false,
      "DragSelectable": true,
      "Autoraise": true,
      "Sticky": true,
      "Tooltip": true,
      "GridProjection": false,
      "MaterialIndex": 2,
      "LuaScript": "",
      "LuaScriptState": "",
      "XmlUI": "",
      "GUID": "b71fb0"
    },
    {
      "Name": "PlayerPawn",
      "Transform": {
        "posX": 3.90163851,
        "posY": 0.9519092,
        "posZ": -6.500343,
        "rotX": 4.77330559E-06,
        "rotY": 90.08698,
        "rotZ": -2.98233857E-07,
        "scaleX": 2.0,
        "scaleY": 2.0,
        "scaleZ": 2.0
      },
      "Nickname": "",
      "Description": "",
      "GMNotes": "",
      "ColorDiffuse": {
        "r": 0.7867798,
        "g": 0.732524335,
        "b": 0.0
      },
      "Locked": true,
      "Grid": true,
      "Snap": true,
      "IgnoreFoW": false,
      "MeasureMovement": false,
      "DragSelectable": true,
      "Autoraise": true,
      "Sticky": true,
      "Tooltip": true,
      "GridProjection": false,
      "MaterialIndex": 3,
      "LuaScript": "",
      "LuaScriptState": "",
      "XmlUI": "",
      "GUID": "bce657"
    },
    {
      "Name": "PlayerPawn",
      "Transform": {
        "posX": 11.7012739,
        "posY": 0.9519088,
        "posZ": -6.500599,
        "rotX": -1.20874711E-05,
        "rotY": 90.0650558,
        "rotZ": -1.53027975E-06,
        "scaleX": 2.0,
        "scaleY": 2.0,
        "scaleZ": 2.0
      },
      "Nickname": "",
      "Description": "",
      "GMNotes": "",
      "ColorDiffuse": {
        "r": 0.0,
        "g": 0.6985495,
        "b": 0.00481740525
      },
      "Locked": true,
      "Grid": true,
      "Snap": true,
      "IgnoreFoW": false,
      "MeasureMovement": false,
      "DragSelectable": true,
      "Autoraise": true,
      "Sticky": true,
      "Tooltip": true,
      "GridProjection": false,
      "MaterialIndex": 4,
      "LuaScript": "",
      "LuaScriptState": "",
      "XmlUI": "",
      "GUID": "fe63aa"
    },
    {
      "Name": "PlayerPawn",
      "Transform": {
        "posX": 19.5016041,
        "posY": 0.951909661,
        "posZ": -6.50058126,
        "rotX": -0.000102111415,
        "rotY": 90.0652161,
        "rotZ": 6.350946E-05,
        "scaleX": 2.0,
        "scaleY": 2.0,
        "scaleZ": 2.0
      },
      "Nickname": "",
      "Description": "",
      "GMNotes": "",
      "ColorDiffuse": {
        "r": 0.0,
        "g": 0.172441661,
        "b": 0.99999994
      },
      "Locked": true,
      "Grid": true,
      "Snap": true,
      "IgnoreFoW": false,
      "MeasureMovement": false,
      "DragSelectable": true,
      "Autoraise": true,
      "Sticky": true,
      "Tooltip": true,
      "GridProjection": false,
      "MaterialIndex": 5,
      "LuaScript": "",
      "LuaScriptState": "",
      "XmlUI": "",
      "GUID": "8e5cec"
    },
    {
      "Name": "Tileset_Corner",
      "Transform": {
        "posX": -8.500001,
        "posY": 0.9482424,
        "posZ": 6.49999952,
        "rotX": 6.82932432E-06,
        "rotY": -0.00387357152,
        "rotZ": -2.56134426E-05,
        "scaleX": 0.5,
        "scaleY": 0.5,
        "scaleZ": 0.5
      },
      "Nickname": "",
      "Description": "",
      "GMNotes": "",
      "ColorDiffuse": {
        "r": 0.6691698,
        "g": 0.6691698,
        "b": 0.6691698
      },
      "Locked": true,
      "Grid": true,
      "Snap": true,
      "IgnoreFoW": false,
      "MeasureMovement": false,
      "DragSelectable": true,
      "Autoraise": true,
      "Sticky": true,
      "Tooltip": true,
      "GridProjection": false,
      "LuaScript": "",
      "LuaScriptState": "",
      "XmlUI": "",
      "GUID": "a6fb3c",
      "AttachedSnapPoints": [
        {
          "Position": {
            "x": -0.9125347,
            "y": 0.3785414,
            "z": -0.900159657
          }
        }
      ]
    },
    {
      "Name": "Tileset_Corner",
      "Transform": {
        "posX": -8.499999,
        "posY": 0.948242664,
        "posZ": 5.500001,
        "rotX": 1.81108987E-06,
        "rotY": 90.0072861,
        "rotZ": 6.038242E-07,
        "scaleX": 0.5,
        "scaleY": 0.5,
        "scaleZ": 0.5
      },
      "Nickname": "",
      "Description": "",
      "GMNotes": "",
      "ColorDiffuse": {
        "r": 0.669165432,
        "g": 0.669165432,
        "b": 0.669165432
      },
      "Locked": true,
      "Grid": true,
      "Snap": true,
      "IgnoreFoW": false,
      "MeasureMovement": false,
      "DragSelectable": true,
      "Autoraise": true,
      "Sticky": true,
      "Tooltip": true,
      "GridProjection": false,
      "LuaScript": "",
      "LuaScriptState": "",
      "XmlUI": "",
      "GUID": "38a112"
    },
    {
      "Name": "Tileset_Corner",
      "Transform": {
        "posX": -9.5,
        "posY": 0.9482424,
        "posZ": 5.5,
        "rotX": -1.7075472E-06,
        "rotY": 179.9679,
        "rotZ": 4.78558859E-10,
        "scaleX": 0.5,
        "scaleY": 0.5,
        "scaleZ": 0.5
      },
      "Nickname": "",
      "Description": "",
      "GMNotes": "",
      "ColorDiffuse": {
        "r": 0.6691698,
        "g": 0.6691698,
        "b": 0.6691698
      },
      "Locked": true,
      "Grid": true,
      "Snap": true,
      "IgnoreFoW": false,
      "MeasureMovement": false,
      "DragSelectable": true,
      "Autoraise": true,
      "Sticky": true,
      "Tooltip": true,
      "GridProjection": false,
      "LuaScript": "",
      "LuaScriptState": "",
      "XmlUI": "",
      "GUID": "e73f91"
    },
    {
      "Name": "Tileset_Corner",
      "Transform": {
        "posX": -9.500002,
        "posY": 0.9482425,
        "posZ": 6.499999,
        "rotX": 3.05377228E-07,
        "rotY": 270.011078,
        "rotZ": -3.65243759E-05,
        "scaleX": 0.5,
        "scaleY": 0.5,
        "scaleZ": 0.5
      },
      "Nickname": "",
      "Description": "",
      "GMNotes": "",
      "ColorDiffuse": {
        "r": 0.6691698,
        "g": 0.6691698,
        "b": 0.6691698
      },
      "Locked": true,
      "Grid": true,
      "Snap": true,
      "IgnoreFoW": false,
      "MeasureMovement": false,
      "DragSelectable": true,
      "Autoraise": true,
      "Sticky": true,
      "Tooltip": true,
      "GridProjection": false,
      "LuaScript": "",
      "LuaScriptState": "",
      "XmlUI": "",
      "GUID": "0efc5d"
    },
    {
      "Name": "Tileset_Corner",
      "Transform": {
        "posX": -8.500793,
        "posY": 0.9482426,
        "posZ": 10.499959,
        "rotX": -3.41517648E-06,
        "rotY": -0.00366098154,
        "rotZ": -2.56121189E-06,
        "scaleX": 0.5,
        "scaleY": 0.5,
        "scaleZ": 0.5
      },
      "Nickname": "",
      "Description": "",
      "GMNotes": "",
      "ColorDiffuse": {
        "r": 0.6691698,
        "g": 0.6691698,
        "b": 0.6691698
      },
      "Locked": true,
      "Grid": true,
      "Snap": true,
      "IgnoreFoW": false,
      "MeasureMovement": false,
      "DragSelectable": true,
      "Autoraise": true,
      "Sticky": true,
      "Tooltip": true,
      "GridProjection": false,
      "LuaScript": "",
      "LuaScriptState": "",
      "XmlUI": "",
      "GUID": "a6f8ff",
      "AttachedSnapPoints": [
        {
          "Position": {
            "x": -0.95580256,
            "y": 0.378541559,
            "z": -0.766793132
          }
        }
      ]
    },
    {
      "Name": "Tileset_Corner",
      "Transform": {
        "posX": -8.499548,
        "posY": 0.9482424,
        "posZ": 9.500184,
        "rotX": 9.076675E-07,
        "rotY": 90.0726242,
        "rotZ": -3.31982574E-06,
        "scaleX": 0.5,
        "scaleY": 0.5,
        "scaleZ": 0.5
      },
      "Nickname": "",
      "Description": "",
      "GMNotes": "",
      "ColorDiffuse": {
        "r": 0.669165432,
        "g": 0.669165432,
        "b": 0.669165432
      },
      "Locked": true,
      "Grid": true,
      "Snap": true,
      "IgnoreFoW": false,
      "MeasureMovement": false,
      "DragSelectable": true,
      "Autoraise": true,
      "Sticky": true,
      "Tooltip": true,
      "GridProjection": false,
      "LuaScript": "",
      "LuaScriptState": "",
      "XmlUI": "",
      "GUID": "8e4fc6"
    },
    {
      "Name": "Tileset_Corner",
      "Transform": {
        "posX": -9.499207,
        "posY": 0.9482428,
        "posZ": 9.500045,
        "rotX": 1.70802809E-06,
        "rotY": 179.967773,
        "rotZ": 1.70706744E-06,
        "scaleX": 0.5,
        "scaleY": 0.5,
        "scaleZ": 0.5
      },
      "Nickname": "",
      "Description": "",
      "GMNotes": "",
      "ColorDiffuse": {
        "r": 0.6691698,
        "g": 0.6691698,
        "b": 0.6691698
      },
      "Locked": true,
      "Grid": true,
      "Snap": true,
      "IgnoreFoW": false,
      "MeasureMovement": false,
      "DragSelectable": true,
      "Autoraise": true,
      "Sticky": true,
      "Tooltip": true,
      "GridProjection": false,
      "LuaScript": "",
      "LuaScriptState": "",
      "XmlUI": "",
      "GUID": "072b4c"
    },
    {
      "Name": "Tileset_Corner",
      "Transform": {
        "posX": -9.500451,
        "posY": 0.948242545,
        "posZ": 10.4998169,
        "rotX": 2.11279462E-06,
        "rotY": 270.0711,
        "rotZ": 3.031654E-07,
        "scaleX": 0.5,
        "scaleY": 0.5,
        "scaleZ": 0.5
      },
      "Nickname": "",
      "Description": "",
      "GMNotes": "",
      "ColorDiffuse": {
        "r": 0.6691698,
        "g": 0.6691698,
        "b": 0.6691698
      },
      "Locked": true,
      "Grid": true,
      "Snap": true,
      "IgnoreFoW": false,
      "MeasureMovement": false,
      "DragSelectable": true,
      "Autoraise": true,
      "Sticky": true,
      "Tooltip": true,
      "GridProjection": false,
      "LuaScript": "",
      "LuaScriptState": "",
      "XmlUI": "",
      "GUID": "9452ff"
    },
    {
      "Name": "Tileset_Corner",
      "Transform": {
        "posX": -8.500292,
        "posY": 0.9482429,
        "posZ": 4.499986,
        "rotX": -1.70750377E-06,
        "rotY": 359.994171,
        "rotZ": 8.538608E-07,
        "scaleX": 0.5,
        "scaleY": 0.5,
        "scaleZ": 0.5
      },
      "Nickname": "",
      "Description": "",
      "GMNotes": "",
      "ColorDiffuse": {
        "r": 0.6691698,
        "g": 0.6691698,
        "b": 0.6691698
      },
      "Locked": true,
      "Grid": true,
      "Snap": true,
      "IgnoreFoW": false,
      "MeasureMovement": false,
      "DragSelectable": true,
      "Autoraise": true,
      "Sticky": true,
      "Tooltip": true,
      "GridProjection": false,
      "LuaScript": "",
      "LuaScriptState": "",
      "XmlUI": "",
      "GUID": "8320dc",
      "AttachedSnapPoints": [
        {
          "Position": {
            "x": -0.9155228,
            "y": 0.378541231,
            "z": -0.752487063
          }
        }
      ]
    },
    {
      "Name": "Tileset_Corner",
      "Transform": {
        "posX": -8.5000515,
        "posY": 0.9482428,
        "posZ": 3.500372,
        "rotX": 3.924954E-05,
        "rotY": 90.07637,
        "rotZ": -1.26517416E-05,
        "scaleX": 0.5,
        "scaleY": 0.5,
        "scaleZ": 0.5
      },
      "Nickname": "",
      "Description": "",
      "GMNotes": "",
      "ColorDiffuse": {
        "r": 0.669165432,
        "g": 0.669165432,
        "b": 0.669165432
      },
      "Locked": true,
      "Grid": true,
      "Snap": true,
      "IgnoreFoW": false,
      "MeasureMovement": false,
      "DragSelectable": true,
      "Autoraise": true,
      "Sticky": true,
      "Tooltip": true,
      "GridProjection": false,
      "LuaScript": "",
      "LuaScriptState": "",
      "XmlUI": "",
      "GUID": "78b57f"
    },
    {
      "Name": "Tileset_Corner",
      "Transform": {
        "posX": -9.499714,
        "posY": 0.9482428,
        "posZ": 3.50000381,
        "rotX": -1.65920042E-10,
        "rotY": 180.014862,
        "rotZ": 1.28066074E-06,
        "scaleX": 0.5,
        "scaleY": 0.5,
        "scaleZ": 0.5
      },
      "Nickname": "",
      "Description": "",
      "GMNotes": "",
      "ColorDiffuse": {
        "r": 0.6691698,
        "g": 0.6691698,
        "b": 0.6691698
      },
      "Locked": true,
      "Grid": true,
      "Snap": true,
      "IgnoreFoW": false,
      "MeasureMovement": false,
      "DragSelectable": true,
      "Autoraise": true,
      "Sticky": true,
      "Tooltip": true,
      "GridProjection": false,
      "LuaScript": "",
      "LuaScriptState": "",
      "XmlUI": "",
      "GUID": "100501"
    },
    {
      "Name": "Tileset_Corner",
      "Transform": {
        "posX": -9.500455,
        "posY": 0.9482434,
        "posZ": 4.50012159,
        "rotX": -2.41299449E-06,
        "rotY": 270.043732,
        "rotZ": -4.830594E-06,
        "scaleX": 0.5,
        "scaleY": 0.5,
        "scaleZ": 0.5
      },
      "Nickname": "",
      "Description": "",
      "GMNotes": "",
      "ColorDiffuse": {
        "r": 0.6691698,
        "g": 0.6691698,
        "b": 0.6691698
      },
      "Locked": true,
      "Grid": true,
      "Snap": true,
      "IgnoreFoW": false,
      "MeasureMovement": false,
      "DragSelectable": true,
      "Autoraise": true,
      "Sticky": true,
      "Tooltip": true,
      "GridProjection": false,
      "LuaScript": "",
      "LuaScriptState": "",
      "XmlUI": "",
      "GUID": "ae7cb6"
    },
    {
      "Name": "Tileset_Corner",
      "Transform": {
        "posX": -8.500793,
        "posY": 0.948242247,
        "posZ": 2.49995565,
        "rotX": -8.066519E-11,
        "rotY": -0.00360890036,
        "rotZ": -2.56132034E-06,
        "scaleX": 0.5,
        "scaleY": 0.5,
        "scaleZ": 0.5
      },
      "Nickname": "",
      "Description": "",
      "GMNotes": "",
      "ColorDiffuse": {
        "r": 0.6691698,
        "g": 0.6691698,
        "b": 0.6691698
      },
      "Locked": true,
      "Grid": true,
      "Snap": true,
      "IgnoreFoW": false,
      "MeasureMovement": false,
      "DragSelectable": true,
      "Autoraise": true,
      "Sticky": true,
      "Tooltip": true,
      "GridProjection": false,
      "LuaScript": "",
      "LuaScriptState": "",
      "XmlUI": "",
      "GUID": "bb776e",
      "AttachedSnapPoints": [
        {
          "Position": {
            "x": -0.8289102,
            "y": 0.3785413,
            "z": -0.7049331
          }
        }
      ]
    },
    {
      "Name": "Tileset_Corner",
      "Transform": {
        "posX": -8.500312,
        "posY": 0.948242664,
        "posZ": 1.50083292,
        "rotX": 2.11488418E-06,
        "rotY": 90.1032257,
        "rotZ": -2.111078E-06,
        "scaleX": 0.5,
        "scaleY": 0.5,
        "scaleZ": 0.5
      },
      "Nickname": "",
      "Description": "",
      "GMNotes": "",
      "ColorDiffuse": {
        "r": 0.669165432,
        "g": 0.669165432,
        "b": 0.669165432
      },
      "Locked": true,
      "Grid": true,
      "Snap": true,
      "IgnoreFoW": false,
      "MeasureMovement": false,
      "DragSelectable": true,
      "Autoraise": true,
      "Sticky": true,
      "Tooltip": true,
      "GridProjection": false,
      "LuaScript": "",
      "LuaScriptState": "",
      "XmlUI": "",
      "GUID": "e94626"
    },
    {
      "Name": "Tileset_Corner",
      "Transform": {
        "posX": -9.4992075,
        "posY": 0.948242545,
        "posZ": 1.500041,
        "rotX": -3.4113782E-06,
        "rotY": 179.967819,
        "rotZ": 1.32344521E-05,
        "scaleX": 0.5,
        "scaleY": 0.5,
        "scaleZ": 0.5
      },
      "Nickname": "",
      "Description": "",
      "GMNotes": "",
      "ColorDiffuse": {
        "r": 0.6691698,
        "g": 0.6691698,
        "b": 0.6691698
      },
      "Locked": true,
      "Grid": true,
      "Snap": true,
      "IgnoreFoW": false,
      "MeasureMovement": false,
      "DragSelectable": true,
      "Autoraise": true,
      "Sticky": true,
      "Tooltip": true,
      "GridProjection": false,
      "LuaScript": "",
      "LuaScriptState": "",
      "XmlUI": "",
      "GUID": "9418f9"
    },
    {
      "Name": "Tileset_Corner",
      "Transform": {
        "posX": -9.500071,
        "posY": 0.948242068,
        "posZ": 2.49947953,
        "rotX": -1.99229271E-05,
        "rotY": 270.101471,
        "rotZ": 5.860697E-07,
        "scaleX": 0.5,
        "scaleY": 0.5,
        "scaleZ": 0.5
      },
      "Nickname": "",
      "Description": "",
      "GMNotes": "",
      "ColorDiffuse": {
        "r": 0.6691698,
        "g": 0.6691698,
        "b": 0.6691698
      },
      "Locked": true,
      "Grid": true,
      "Snap": true,
      "IgnoreFoW": false,
      "MeasureMovement": false,
      "DragSelectable": true,
      "Autoraise": true,
      "Sticky": true,
      "Tooltip": true,
      "GridProjection": false,
      "LuaScript": "",
      "LuaScriptState": "",
      "XmlUI": "",
      "GUID": "e1165b"
    },
    {
      "Name": "Tileset_Corner",
      "Transform": {
        "posX": 5.99974537,
        "posY": 0.9482416,
        "posZ": 13.9999914,
        "rotX": 1.19539545E-05,
        "rotY": 359.969818,
        "rotZ": 4.26571933E-06,
        "scaleX": 2.0,
        "scaleY": 2.0,
        "scaleZ": 2.0
      },
      "Nickname": "",
      "Description": "",
      "GMNotes": "",
      "ColorDiffuse": {
        "r": 0.6691264,
        "g": 0.6691264,
        "b": 0.6691264
      },
      "Locked": true,
      "Grid": true,
      "Snap": true,
      "IgnoreFoW": false,
      "MeasureMovement": false,
      "DragSelectable": true,
      "Autoraise": true,
      "Sticky": true,
      "Tooltip": true,
      "GridProjection": false,
      "LuaScript": "",
      "LuaScriptState": "",
      "XmlUI": "",
      "GUID": "dcfe42"
    },
    {
      "Name": "Tileset_Wall",
      "Transform": {
        "posX": 1.99996078,
        "posY": 0.948243,
        "posZ": 14.0000677,
        "rotX": 5.03759559E-08,
        "rotY": 359.983246,
        "rotZ": -3.66863276E-07,
        "scaleX": 2.0,
        "scaleY": 2.0,
        "scaleZ": 2.0
      },
      "Nickname": "",
      "Description": "",
      "GMNotes": "",
      "ColorDiffuse": {
        "r": 0.6691264,
        "g": 0.6691264,
        "b": 0.6691264
      },
      "Locked": true,
      "Grid": true,
      "Snap": true,
      "IgnoreFoW": false,
      "MeasureMovement": false,
      "DragSelectable": true,
      "Autoraise": true,
      "Sticky": true,
      "Tooltip": true,
      "GridProjection": false,
      "LuaScript": "",
      "LuaScriptState": "",
      "XmlUI": "",
      "GUID": "f9c203"
    },
    {
      "Name": "Tileset_Floor",
      "Transform": {
        "posX": 2.000403,
        "posY": 0.9482429,
        "posZ": 10.00038,
        "rotX": 8.321006E-06,
        "rotY": 89.99906,
        "rotZ": 6.41143561E-06,
        "scaleX": 2.0,
        "scaleY": 2.0,
        "scaleZ": 2.0
      },
      "Nickname": "",
      "Description": "",
      "GMNotes": "",
      "ColorDiffuse": {
        "r": 0.676479161,
        "g": 0.676479161,
        "b": 0.676479161
      },
      "Locked": true,
      "Grid": true,
      "Snap": true,
      "IgnoreFoW": false,
      "MeasureMovement": false,
      "DragSelectable": true,
      "Autoraise": true,
      "Sticky": true,
      "Tooltip": true,
      "GridProjection": false,
      "LuaScript": "",
      "LuaScriptState": "",
      "XmlUI": "",
      "GUID": "5d9c7d"
    },
    {
      "Name": "Tileset_Corner",
      "Transform": {
        "posX": -6.00038052,
        "posY": 0.9482424,
        "posZ": 14.0001078,
        "rotX": -1.50967139E-06,
        "rotY": 270.0072,
        "rotZ": 6.338851E-06,
        "scaleX": 2.0,
        "scaleY": 2.0,
        "scaleZ": 2.0
      },
      "Nickname": "",
      "Description": "",
      "GMNotes": "",
      "ColorDiffuse": {
        "r": 0.6691307,
        "g": 0.6691307,
        "b": 0.6691307
      },
      "Locked": true,
      "Grid": true,
      "Snap": true,
      "IgnoreFoW": false,
      "MeasureMovement": false,
      "DragSelectable": true,
      "Autoraise": true,
      "Sticky": true,
      "Tooltip": true,
      "GridProjection": false,
      "LuaScript": "",
      "LuaScriptState": "",
      "XmlUI": "",
      "GUID": "7f6b65"
    },
    {
      "Name": "Tileset_Wall",
      "Transform": {
        "posX": -1.99986327,
        "posY": 0.948242664,
        "posZ": 13.9999647,
        "rotX": -4.123096E-07,
        "rotY": 0.0006815515,
        "rotZ": 1.00049142E-07,
        "scaleX": 2.0,
        "scaleY": 2.0,
        "scaleZ": 2.0
      },
      "Nickname": "",
      "Description": "",
      "GMNotes": "",
      "ColorDiffuse": {
        "r": 0.6691307,
        "g": 0.6691307,
        "b": 0.6691307
      },
      "Locked": true,
      "Grid": true,
      "Snap": true,
      "IgnoreFoW": false,
      "MeasureMovement": false,
      "DragSelectable": true,
      "Autoraise": true,
      "Sticky": true,
      "Tooltip": true,
      "GridProjection": false,
      "LuaScript": "",
      "LuaScriptState": "",
      "XmlUI": "",
      "GUID": "1d9177"
    },
    {
      "Name": "Tileset_Wall",
      "Transform": {
        "posX": 5.999999,
        "posY": 0.9482423,
        "posZ": 9.999988,
        "rotX": 1.39556539E-06,
        "rotY": 90.0420151,
        "rotZ": 1.39658925E-06,
        "scaleX": 2.0,
        "scaleY": 2.0,
        "scaleZ": 2.0
      },
      "Nickname": "",
      "Description": "",
      "GMNotes": "",
      "ColorDiffuse": {
        "r": 0.6691307,
        "g": 0.6691307,
        "b": 0.6691307
      },
      "Locked": true,
      "Grid": true,
      "Snap": true,
      "IgnoreFoW": false,
      "MeasureMovement": false,
      "DragSelectable": true,
      "Autoraise": true,
      "Sticky": true,
      "Tooltip": true,
      "GridProjection": false,
      "LuaScript": "",
      "LuaScriptState": "",
      "XmlUI": "",
      "GUID": "df19d5"
    },
    {
      "Name": "Tileset_Wall",
      "Transform": {
        "posX": 5.999998,
        "posY": 0.948242545,
        "posZ": 1.99995434,
        "rotX": 1.82976123E-06,
        "rotY": 90.014534,
        "rotZ": 1.8302253E-06,
        "scaleX": 2.0,
        "scaleY": 2.0,
        "scaleZ": 2.0
      },
      "Nickname": "",
      "Description": "",
      "GMNotes": "",
      "ColorDiffuse": {
        "r": 0.669135034,
        "g": 0.669135034,
        "b": 0.669135034
      },
      "Locked": true,
      "Grid": true,
      "Snap": true,
      "IgnoreFoW": false,
      "MeasureMovement": false,
      "DragSelectable": true,
      "Autoraise": true,
      "Sticky": true,
      "Tooltip": true,
      "GridProjection": false,
      "LuaScript": "",
      "LuaScriptState": "",
      "XmlUI": "",
      "GUID": "7c4573"
    },
    {
      "Name": "Tileset_Wall",
      "Transform": {
        "posX": 6.0000205,
        "posY": 0.9482428,
        "posZ": 6.00004959,
        "rotX": 1.55190787E-06,
        "rotY": 89.9862061,
        "rotZ": 1.5515343E-06,
        "scaleX": 2.0,
        "scaleY": 2.0,
        "scaleZ": 2.0
      },
      "Nickname": "",
      "Description": "",
      "GMNotes": "",
      "ColorDiffuse": {
        "r": 0.669135034,
        "g": 0.669135034,
        "b": 0.669135034
      },
      "Locked": true,
      "Grid": true,
      "Snap": true,
      "IgnoreFoW": false,
      "MeasureMovement": false,
      "DragSelectable": true,
      "Autoraise": true,
      "Sticky": true,
      "Tooltip": true,
      "GridProjection": false,
      "LuaScript": "",
      "LuaScriptState": "",
      "XmlUI": "",
      "GUID": "798b2e"
    },
    {
      "Name": "Tileset_Floor",
      "Transform": {
        "posX": 1.99952388,
        "posY": 0.9482426,
        "posZ": 6.00041771,
        "rotX": -1.82076042E-06,
        "rotY": 90.01393,
        "rotZ": -7.63848948E-06,
        "scaleX": 2.0,
        "scaleY": 2.0,
        "scaleZ": 2.0
      },
      "Nickname": "",
      "Description": "",
      "GMNotes": "",
      "ColorDiffuse": {
        "r": 0.6764834,
        "g": 0.6764834,
        "b": 0.6764834
      },
      "Locked": true,
      "Grid": true,
      "Snap": true,
      "IgnoreFoW": false,
      "MeasureMovement": false,
      "DragSelectable": true,
      "Autoraise": true,
      "Sticky": true,
      "Tooltip": true,
      "GridProjection": false,
      "LuaScript": "",
      "LuaScriptState": "",
      "XmlUI": "",
      "GUID": "f14dd2"
    },
    {
      "Name": "Tileset_Floor",
      "Transform": {
        "posX": 1.99951732,
        "posY": 0.948242545,
        "posZ": 2.000417,
        "rotX": 7.47653348E-06,
        "rotY": 90.01376,
        "rotZ": -6.87789452E-06,
        "scaleX": 2.0,
        "scaleY": 2.0,
        "scaleZ": 2.0
      },
      "Nickname": "",
      "Description": "",
      "GMNotes": "",
      "ColorDiffuse": {
        "r": 0.6764834,
        "g": 0.6764834,
        "b": 0.6764834
      },
      "Locked": true,
      "Grid": true,
      "Snap": true,
      "IgnoreFoW": false,
      "MeasureMovement": false,
      "DragSelectable": true,
      "Autoraise": true,
      "Sticky": true,
      "Tooltip": true,
      "GridProjection": false,
      "LuaScript": "",
      "LuaScriptState": "",
      "XmlUI": "",
      "GUID": "04db9b"
    },
    {
      "Name": "Tileset_Floor",
      "Transform": {
        "posX": -2.000477,
        "posY": 0.948242664,
        "posZ": 2.0004158,
        "rotX": -3.7386078E-06,
        "rotY": 90.0139542,
        "rotZ": -6.60759133E-06,
        "scaleX": 2.0,
        "scaleY": 2.0,
        "scaleZ": 2.0
      },
      "Nickname": "",
      "Description": "",
      "GMNotes": "",
      "ColorDiffuse": {
        "r": 0.6764834,
        "g": 0.6764834,
        "b": 0.6764834
      },
      "Locked": true,
      "Grid": true,
      "Snap": true,
      "IgnoreFoW": false,
      "MeasureMovement": false,
      "DragSelectable": true,
      "Autoraise": true,
      "Sticky": true,
      "Tooltip": true,
      "GridProjection": false,
      "LuaScript": "",
      "LuaScriptState": "",
      "XmlUI": "",
      "GUID": "9a5a3c"
    },
    {
      "Name": "Tileset_Floor",
      "Transform": {
        "posX": -2.00047874,
        "posY": 0.948242545,
        "posZ": 6.000416,
        "rotX": -3.8442945E-06,
        "rotY": 90.01384,
        "rotZ": -6.213392E-06,
        "scaleX": 2.0,
        "scaleY": 2.0,
        "scaleZ": 2.0
      },
      "Nickname": "",
      "Description": "",
      "GMNotes": "",
      "ColorDiffuse": {
        "r": 0.6764834,
        "g": 0.6764834,
        "b": 0.6764834
      },
      "Locked": true,
      "Grid": true,
      "Snap": true,
      "IgnoreFoW": false,
      "MeasureMovement": false,
      "DragSelectable": true,
      "Autoraise": true,
      "Sticky": true,
      "Tooltip": true,
      "GridProjection": false,
      "LuaScript": "",
      "LuaScriptState": "",
      "XmlUI": "",
      "GUID": "ee03c7"
    },
    {
      "Name": "Tileset_Floor",
      "Transform": {
        "posX": -2.000479,
        "posY": 0.9482427,
        "posZ": 10.0004158,
        "rotX": -1.2901221E-06,
        "rotY": 90.013855,
        "rotZ": -8.918944E-06,
        "scaleX": 2.0,
        "scaleY": 2.0,
        "scaleZ": 2.0
      },
      "Nickname": "",
      "Description": "",
      "GMNotes": "",
      "ColorDiffuse": {
        "r": 0.6764834,
        "g": 0.6764834,
        "b": 0.6764834
      },
      "Locked": true,
      "Grid": true,
      "Snap": true,
      "IgnoreFoW": false,
      "MeasureMovement": false,
      "DragSelectable": true,
      "Autoraise": true,
      "Sticky": true,
      "Tooltip": true,
      "GridProjection": false,
      "LuaScript": "",
      "LuaScriptState": "",
      "XmlUI": "",
      "GUID": "8dde31"
    },
    {
      "Name": "Tileset_Floor",
      "Transform": {
        "posX": -6.00047731,
        "posY": 0.948242664,
        "posZ": 10.0004148,
        "rotX": 4.65390684E-07,
        "rotY": 90.01386,
        "rotZ": -2.30298633E-06,
        "scaleX": 2.0,
        "scaleY": 2.0,
        "scaleZ": 2.0
      },
      "Nickname": "",
      "Description": "",
      "GMNotes": "",
      "ColorDiffuse": {
        "r": 0.6764834,
        "g": 0.6764834,
        "b": 0.6764834
      },
      "Locked": true,
      "Grid": true,
      "Snap": true,
      "IgnoreFoW": false,
      "MeasureMovement": false,
      "DragSelectable": true,
      "Autoraise": true,
      "Sticky": true,
      "Tooltip": true,
      "GridProjection": false,
      "LuaScript": "",
      "LuaScriptState": "",
      "XmlUI": "",
      "GUID": "753f38"
    },
    {
      "Name": "Tileset_Floor",
      "Transform": {
        "posX": -6.000479,
        "posY": 0.948242545,
        "posZ": 6.000414,
        "rotX": -9.246422E-06,
        "rotY": 90.0138855,
        "rotZ": -8.69185351E-06,
        "scaleX": 2.0,
        "scaleY": 2.0,
        "scaleZ": 2.0
      },
      "Nickname": "",
      "Description": "",
      "GMNotes": "",
      "ColorDiffuse": {
        "r": 0.6764834,
        "g": 0.6764834,
        "b": 0.6764834
      },
      "Locked": true,
      "Grid": true,
      "Snap": true,
      "IgnoreFoW": false,
      "MeasureMovement": false,
      "DragSelectable": true,
      "Autoraise": true,
      "Sticky": true,
      "Tooltip": true,
      "GridProjection": false,
      "LuaScript": "",
      "LuaScriptState": "",
      "XmlUI": "",
      "GUID": "08d7f0"
    },
    {
      "Name": "Tileset_Floor",
      "Transform": {
        "posX": -6.000477,
        "posY": 0.948242366,
        "posZ": 2.00041533,
        "rotX": 1.81507446E-07,
        "rotY": 90.0138855,
        "rotZ": -3.558627E-08,
        "scaleX": 2.0,
        "scaleY": 2.0,
        "scaleZ": 2.0
      },
      "Nickname": "",
      "Description": "",
      "GMNotes": "",
      "ColorDiffuse": {
        "r": 0.6764834,
        "g": 0.6764834,
        "b": 0.6764834
      },
      "Locked": true,
      "Grid": true,
      "Snap": true,
      "IgnoreFoW": false,
      "MeasureMovement": false,
      "DragSelectable": true,
      "Autoraise": true,
      "Sticky": true,
      "Tooltip": true,
      "GridProjection": false,
      "LuaScript": "",
      "LuaScriptState": "",
      "XmlUI": "",
      "GUID": "e1de25"
    },
    {
      "Name": "Tileset_Wall",
      "Transform": {
        "posX": 6.000063,
        "posY": 0.948243,
        "posZ": -2.00007,
        "rotX": 2.53273E-06,
        "rotY": 90.01793,
        "rotZ": 1.18308087E-07,
        "scaleX": 2.0,
        "scaleY": 2.0,
        "scaleZ": 2.0
      },
      "Nickname": "",
      "Description": "",
      "GMNotes": "",
      "ColorDiffuse": {
        "r": 0.6691394,
        "g": 0.6691394,
        "b": 0.6691394
      },
      "Locked": true,
      "Grid": true,
      "Snap": true,
      "IgnoreFoW": false,
      "MeasureMovement": false,
      "DragSelectable": true,
      "Autoraise": true,
      "Sticky": true,
      "Tooltip": true,
      "GridProjection": false,
      "LuaScript": "",
      "LuaScriptState": "",
      "XmlUI": "",
      "GUID": "61e7f5"
    },
    {
      "Name": "Tileset_Floor",
      "Transform": {
        "posX": 1.99943113,
        "posY": 0.9482429,
        "posZ": -2.00029349,
        "rotX": 4.38435848E-07,
        "rotY": 90.0453949,
        "rotZ": -6.199658E-07,
        "scaleX": 2.0,
        "scaleY": 2.0,
        "scaleZ": 2.0
      },
      "Nickname": "",
      "Description": "",
      "GMNotes": "",
      "ColorDiffuse": {
        "r": 0.6764877,
        "g": 0.6764877,
        "b": 0.6764877
      },
      "Locked": true,
      "Grid": true,
      "Snap": true,
      "IgnoreFoW": false,
      "MeasureMovement": false,
      "DragSelectable": true,
      "Autoraise": true,
      "Sticky": true,
      "Tooltip": true,
      "GridProjection": false,
      "LuaScript": "",
      "LuaScriptState": "",
      "XmlUI": "",
      "GUID": "5f8c1c"
    },
    {
      "Name": "Tileset_Floor",
      "Transform": {
        "posX": -2.00075626,
        "posY": 0.948242843,
        "posZ": -1.99900734,
        "rotX": -9.940368E-07,
        "rotY": 90.03704,
        "rotZ": 5.621223E-07,
        "scaleX": 2.0,
        "scaleY": 2.0,
        "scaleZ": 2.0
      },
      "Nickname": "",
      "Description": "",
      "GMNotes": "",
      "ColorDiffuse": {
        "r": 0.6764877,
        "g": 0.6764877,
        "b": 0.6764877
      },
      "Locked": true,
      "Grid": true,
      "Snap": true,
      "IgnoreFoW": false,
      "MeasureMovement": false,
      "DragSelectable": true,
      "Autoraise": true,
      "Sticky": true,
      "Tooltip": true,
      "GridProjection": false,
      "LuaScript": "",
      "LuaScriptState": "",
      "XmlUI": "",
      "GUID": "876140"
    },
    {
      "Name": "Tileset_Floor",
      "Transform": {
        "posX": -6.00109529,
        "posY": 0.948242366,
        "posZ": -1.99956238,
        "rotX": -1.702325E-06,
        "rotY": 90.02899,
        "rotZ": 7.995943E-07,
        "scaleX": 2.0,
        "scaleY": 2.0,
        "scaleZ": 2.0
      },
      "Nickname": "",
      "Description": "",
      "GMNotes": "",
      "ColorDiffuse": {
        "r": 0.6764877,
        "g": 0.6764877,
        "b": 0.6764877
      },
      "Locked": true,
      "Grid": true,
      "Snap": true,
      "IgnoreFoW": false,
      "MeasureMovement": false,
      "DragSelectable": true,
      "Autoraise": true,
      "Sticky": true,
      "Tooltip": true,
      "GridProjection": false,
      "LuaScript": "",
      "LuaScriptState": "",
      "XmlUI": "",
      "GUID": "c53dbe"
    },
    {
      "Name": "Die_6",
      "Transform": {
        "posX": -2.217896,
        "posY": 2.12264538,
        "posZ": 3.75809956,
        "rotX": 270.0,
        "rotY": 91.2141953,
        "rotZ": 0.0,
        "scaleX": 1.25,
        "scaleY": 1.25,
        "scaleZ": 1.25
      },
      "Nickname": "",
      "Description": "",
      "GMNotes": "",
      "ColorDiffuse": {
        "r": 0.99999994,
        "g": 0.9921579,
        "b": 0.99999994
      },
      "Locked": false,
      "Grid": true,
      "Snap": true,
      "IgnoreFoW": false,
      "MeasureMovement": false,
      "DragSelectable": true,
      "Autoraise": true,
      "Sticky": true,
      "Tooltip": true,
      "GridProjection": false,
      "AltSound": true,
      "MaterialIndex": 1,
      "LuaScript": "",
      "LuaScriptState": "",
      "XmlUI": "",
      "PhysicsMaterial": {
        "StaticFriction": 0.4,
        "DynamicFriction": 1.0,
        "Bounciness": 0.75,
        "FrictionCombine": 0,
        "BounceCombine": 0
      },
      "Rigidbody": {
        "Mass": 11.7219315,
        "Drag": 0.1,
        "AngularDrag": 0.1,
        "UseGravity": true
      },
      "GUID": "83d5b2"
    },
    {
      "Name": "Die_6",
      "Transform": {
        "posX": 0.459598929,
        "posY": 2.12264562,
        "posZ": 6.714823,
        "rotX": 1.19528313E-05,
        "rotY": 55.92957,
        "rotZ": 269.999969,
        "scaleX": 1.25,
        "scaleY": 1.25,
        "scaleZ": 1.25
      },
      "Nickname": "",
      "Description": "",
      "GMNotes": "",
      "ColorDiffuse": {
        "r": 0.99999994,
        "g": 0.9921579,
        "b": 0.99999994
      },
      "Locked": false,
      "Grid": true,
      "Snap": true,
      "IgnoreFoW": false,
      "MeasureMovement": false,
      "DragSelectable": true,
      "Autoraise": true,
      "Sticky": true,
      "Tooltip": true,
      "GridProjection": false,
      "AltSound": true,
      "MaterialIndex": 1,
      "LuaScript": "",
      "LuaScriptState": "",
      "XmlUI": "",
      "PhysicsMaterial": {
        "StaticFriction": 0.4,
        "DynamicFriction": 1.0,
        "Bounciness": 0.75,
        "FrictionCombine": 0,
        "BounceCombine": 0
      },
      "Rigidbody": {
        "Mass": 15.8246069,
        "Drag": 0.1,
        "AngularDrag": 0.1,
        "UseGravity": true
      },
      "GUID": "7c30fa"
    },
    {
      "Name": "Die_6",
      "Transform": {
        "posX": -0.9486171,
        "posY": 2.12264657,
        "posZ": 5.40685558,
        "rotX": -6.301559E-06,
        "rotY": 39.97903,
        "rotZ": -8.87863735E-07,
        "scaleX": 1.25,
        "scaleY": 1.25,
        "scaleZ": 1.25
      },
      "Nickname": "",
      "Description": "",
      "GMNotes": "",
      "ColorDiffuse": {
        "r": 0.99999994,
        "g": 0.9921579,
        "b": 0.99999994
      },
      "Locked": false,
      "Grid": true,
      "Snap": true,
      "IgnoreFoW": false,
      "MeasureMovement": false,
      "DragSelectable": true,
      "Autoraise": true,
      "Sticky": true,
      "Tooltip": true,
      "GridProjection": false,
      "AltSound": true,
      "MaterialIndex": 1,
      "LuaScript": "",
      "LuaScriptState": "",
      "XmlUI": "",
      "PhysicsMaterial": {
        "StaticFriction": 0.4,
        "DynamicFriction": 1.0,
        "Bounciness": 0.75,
        "FrictionCombine": 0,
        "BounceCombine": 0
      },
      "Rigidbody": {
        "Mass": 11.7219315,
        "Drag": 0.1,
        "AngularDrag": 0.1,
        "UseGravity": true
      },
      "GUID": "eb7831"
    },
    {
      "Name": "Die_6",
      "Transform": {
        "posX": 3.6060214,
        "posY": 2.12264514,
        "posZ": 8.96952,
        "rotX": -8.993315E-05,
        "rotY": 213.54631,
        "rotZ": 180.000092,
        "scaleX": 1.25,
        "scaleY": 1.25,
        "scaleZ": 1.25
      },
      "Nickname": "",
      "Description": "",
      "GMNotes": "",
      "ColorDiffuse": {
        "r": 0.99999994,
        "g": 0.9921579,
        "b": 0.99999994
      },
      "Locked": false,
      "Grid": true,
      "Snap": true,
      "IgnoreFoW": false,
      "MeasureMovement": false,
      "DragSelectable": true,
      "Autoraise": true,
      "Sticky": true,
      "Tooltip": true,
      "GridProjection": false,
      "AltSound": true,
      "MaterialIndex": 1,
      "LuaScript": "",
      "LuaScriptState": "",
      "XmlUI": "",
      "PhysicsMaterial": {
        "StaticFriction": 0.4,
        "DynamicFriction": 1.0,
        "Bounciness": 0.75,
        "FrictionCombine": 0,
        "BounceCombine": 0
      },
      "Rigidbody": {
        "Mass": 11.7219315,
        "Drag": 0.1,
        "AngularDrag": 0.1,
        "UseGravity": true
      },
      "GUID": "f200e2"
    },
    {
      "Name": "Die_6",
      "Transform": {
        "posX": 1.91628385,
        "posY": 2.122646,
        "posZ": 7.74675751,
        "rotX": 6.83018925E-06,
        "rotY": 50.6711349,
        "rotZ": 90.00002,
        "scaleX": 1.25,
        "scaleY": 1.25,
        "scaleZ": 1.25
      },
      "Nickname": "",
      "Description": "",
      "GMNotes": "",
      "ColorDiffuse": {
        "r": 0.99999994,
        "g": 0.9921579,
        "b": 0.99999994
      },
      "Locked": false,
      "Grid": true,
      "Snap": true,
      "IgnoreFoW": false,
      "MeasureMovement": false,
      "DragSelectable": true,
      "Autoraise": true,
      "Sticky": true,
      "Tooltip": true,
      "GridProjection": false,
      "AltSound": true,
      "MaterialIndex": 1,
      "LuaScript": "",
      "LuaScriptState": "",
      "XmlUI": "",
      "PhysicsMaterial": {
        "StaticFriction": 0.4,
        "DynamicFriction": 1.0,
        "Bounciness": 0.75,
        "FrictionCombine": 0,
        "BounceCombine": 0
      },
      "Rigidbody": {
        "Mass": 11.7219315,
        "Drag": 0.1,
        "AngularDrag": 0.1,
        "UseGravity": true
      },
      "GUID": "5d3524"
    }
  ],
  "LuaScript": "",
  "LuaScriptState": "",
  "XmlUI": "",
  "VersionNumber": ""
}