{
  "SaveName": "Classic Yahtzee",
  "GameMode": "Yahtzee",
  "Date": "1/5/2016 11:10:19 PM",
  "Gravity": 0.5,
  "PlayArea": 0.5,
  "GameType": "",
  "GameComplexity": "",
  "Tags": [],
  "Table": "Table_Custom",
  "TableURL": "http://thumbs.dreamstime.com/t/background-felt-dark-red-8030724.jpg",
  "Sky": "Sky_Museum",
  "Note": "",
  "Rules": "",
  "Grid": {
    "Type": 0,
    "Lines": false,
    "Color": {
      "r": 0.0,
      "g": 0.0,
      "b": 0.0
    },
    "Opacity": 0.75,
    "ThickLines": false,
    "Snapping": false,
    "Offset": false,
    "BothSnapping": false,
    "xSize": 0.5,
    "ySize": 0.5,
    "PosOffset": {
      "x": 0.0,
      "y": 1.0,
      "z": 0.0
    }
  },
  "Hands": {
    "Enable": true,
    "DisableUnused": false,
    "Hiding": 0,
    "HandTransforms": [
      {
        "Color": "Black",
        "Transform": {
          "posX": 0.0845337361,
          "posY": 4.461216,
          "posZ": 38.0604744,
          "rotX": -2.91409941E-09,
          "rotY": 0.386447132,
          "rotZ": 1.497768E-10,
          "scaleX": 83.35731,
          "scaleY": 7.0,
          "scaleZ": 16.5887222
        }
      },
      {
        "Color": "Yellow",
        "Transform": {
          "posX": -39.62578,
          "posY": 4.46121645,
          "posZ": -37.3303261,
          "rotX": 5.11192738E-18,
          "rotY": 359.294159,
          "rotZ": -1.28545237E-19,
          "scaleX": 22.9967384,
          "scaleY": 7.0,
          "scaleZ": 10.8543911
        }
      },
      {
        "Color": "Blue",
        "Transform": {
          "posX": -14.8913593,
          "posY": 4.46121645,
          "posZ": -37.32137,
          "rotX": 5.11192738E-18,
          "rotY": 359.294159,
          "rotZ": -1.28545237E-19,
          "scaleX": 22.7626419,
          "scaleY": 7.0,
          "scaleZ": 10.5289049
        }
      },
      {
        "Color": "Pink",
        "Transform": {
          "posX": 8.303639,
          "posY": 4.46121645,
          "posZ": -36.8879,
          "rotX": 5.11192738E-18,
          "rotY": 359.294159,
          "rotZ": -1.28545237E-19,
          "scaleX": 20.884388,
          "scaleY": 7.0,
          "scaleZ": 10.6913624
        }
      },
      {
        "Color": "Red",
        "Transform": {
          "posX": 32.50579,
          "posY": 4.46121645,
          "posZ": -36.4314651,
          "rotX": 5.11192738E-18,
          "rotY": 359.294159,
          "rotZ": -1.28545237E-19,
          "scaleX": 19.590662,
          "scaleY": 7.0,
          "scaleZ": 11.1408033
        }
      }
    ]
  },
  "TabStates": {
    "0": {
      "title": "Rules",
      "body": "",
      "visibleColor": {
        "r": 0.5,
        "g": 0.5,
        "b": 0.5
      },
      "id": 0
    },
    "1": {
      "title": "White",
      "body": "",
      "visibleColor": {
        "r": 1.0,
        "g": 1.0,
        "b": 1.0
      },
      "id": 1
    },
    "2": {
      "title": "Red",
      "body": "",
      "visibleColor": {
        "r": 0.856,
        "g": 0.1,
        "b": 0.094
      },
      "id": 2
    },
    "3": {
      "title": "Orange",
      "body": "",
      "visibleColor": {
        "r": 0.882,
        "g": 0.517,
        "b": 0.219
      },
      "id": 3
    },
    "4": {
      "title": "Yellow",
      "body": "",
      "visibleColor": {
        "r": 0.905,
        "g": 0.898,
        "b": 0.172
      },
      "id": 4
    },
    "5": {
      "title": "Green",
      "body": "",
      "visibleColor": {
        "r": 0.192,
        "g": 0.701,
        "b": 0.168
      },
      "id": 5
    },
    "6": {
      "title": "Blue",
      "body": "",
      "visibleColor": {
        "r": 0.118,
        "g": 0.53,
        "b": 1.0
      },
      "id": 6
    },
    "7": {
      "title": "Purple",
      "body": "",
      "visibleColor": {
        "r": 0.627,
        "g": 0.125,
        "b": 0.941
      },
      "id": 7
    },
    "8": {
      "title": "Pink",
      "body": "",
      "visibleColor": {
        "r": 0.96,
        "g": 0.439,
        "b": 0.807
      },
      "id": 8
    },
    "9": {
      "title": "Black",
      "body": "",
      "visibleColor": {
        "r": 0.1,
        "g": 0.1,
        "b": 0.1
      },
      "id": 9
    }
  },
  "ObjectStates": [
    {
      "Name": "Custom_Board",
      "Transform": {
        "posX": -2.161081,
        "posY": 0.9220247,
        "posZ": 8.69737148,
        "rotX": 0.0,
        "rotY": 180.000183,
        "rotZ": 0.0,
        "scaleX": 1.0,
        "scaleY": 1.0,
        "scaleZ": 1.0
      },
      "Nickname": "",
      "Description": "",
      "GMNotes": "",
      "ColorDiffuse": {
        "r": 0.6353499,
        "g": 0.6659773,
        "b": 0.99999994
      },
      "Locked": true,
      "Grid": true,
      "Snap": true,
      "IgnoreFoW": false,
      "MeasureMovement": false,
      "DragSelectable": true,
      "Autoraise": true,
      "Sticky": true,
      "Tooltip": true,
      "GridProjection": false,
      "CustomImage": {
        "ImageURL": "http://wallpapercave.com/wp/kd9ROmR.jpg",
        "ImageSecondaryURL": "",
        "ImageScalar": 1.0,
        "WidthScale": 1.5
      },
      "LuaScript": "",
      "LuaScriptState": "",
      "XmlUI": "",
      "GUID": "e11c22"
    },
    {
      "Name": "BlockSquare",
      "Transform": {
        "posX": -25.29035,
        "posY": 2.08200049,
        "posZ": -8.714765,
        "rotX": -1.8075345E-05,
        "rotY": 0.0168071277,
        "rotZ": 7.02408158E-07,
        "scaleX": 2.25,
        "scaleY": 2.25,
        "scaleZ": 2.25
      },
      "Nickname": "",
      "Description": "",
      "GMNotes": "",
      "ColorDiffuse": {
        "r": 0.99999994,
        "g": 0.99999994,
        "b": 0.1882979
      },
      "Locked": true,
      "Grid": true,
      "Snap": true,
      "IgnoreFoW": false,
      "MeasureMovement": false,
      "DragSelectable": true,
      "Autoraise": true,
      "Sticky": true,
      "Tooltip": true,
      "GridProjection": false,
      "LuaScript": "",
      "LuaScriptState": "",
      "XmlUI": "",
      "GUID": "0d3799"
    },
    {
      "Name": "BlockSquare",
      "Transform": {
        "posX": 3.67855573,
        "posY": 2.08200049,
        "posZ": -8.916273,
        "rotX": 7.11589655E-06,
        "rotY": 0.0173207931,
        "rotZ": -4.051298E-06,
        "scaleX": 2.25,
        "scaleY": 2.25,
        "scaleZ": 2.25
      },
      "Nickname": "",
      "Description": "",
      "GMNotes": "",
      "ColorDiffuse": {
        "r": 0.9451072,
        "g": 0.0156862754,
        "b": 0.785062134
      },
      "Locked": true,
      "Grid": true,
      "Snap": true,
      "IgnoreFoW": false,
      "MeasureMovement": false,
      "DragSelectable": true,
      "Autoraise": true,
      "Sticky": true,
      "Tooltip": true,
      "GridProjection": false,
      "LuaScript": "",
      "LuaScriptState": "",
      "XmlUI": "",
      "GUID": "ce7d39"
    },
    {
      "Name": "BlockSquare",
      "Transform": {
        "posX": -10.6656647,
        "posY": 2.082002,
        "posZ": -8.661907,
        "rotX": -6.80482162E-06,
        "rotY": 89.9950256,
        "rotZ": 180.0,
        "scaleX": 2.25,
        "scaleY": 2.25,
        "scaleZ": 2.25
      },
      "Nickname": "",
      "Description": "",
      "GMNotes": "",
      "ColorDiffuse": {
        "r": 0.0510231033,
        "g": 0.0156862754,
        "b": 0.7804262
      },
      "Locked": true,
      "Grid": true,
      "Snap": true,
      "IgnoreFoW": false,
      "MeasureMovement": false,
      "DragSelectable": true,
      "Autoraise": true,
      "Sticky": true,
      "Tooltip": true,
      "GridProjection": false,
      "LuaScript": "",
      "LuaScriptState": "",
      "XmlUI": "",
      "GUID": "3c4016"
    },
    {
      "Name": "BlockSquare",
      "Transform": {
        "posX": 18.8756046,
        "posY": 2.08200049,
        "posZ": -9.125006,
        "rotX": -1.60097079E-05,
        "rotY": 0.03812741,
        "rotZ": 2.56317151E-07,
        "scaleX": 2.25,
        "scaleY": 2.25,
        "scaleZ": 2.25
      },
      "Nickname": "",
      "Description": "",
      "GMNotes": "",
      "ColorDiffuse": {
        "r": 0.7921894,
        "g": 0.0,
        "b": 0.0
      },
      "Locked": true,
      "Grid": true,
      "Snap": true,
      "IgnoreFoW": false,
      "MeasureMovement": false,
      "DragSelectable": true,
      "Autoraise": true,
      "Sticky": true,
      "Tooltip": true,
      "GridProjection": false,
      "LuaScript": "",
      "LuaScriptState": "",
      "XmlUI": "",
      "GUID": "f4277f"
    },
    {
      "Name": "Calculator",
      "Transform": {
        "posX": -36.79692,
        "posY": 1.53200066,
        "posZ": -13.3396339,
        "rotX": -4.27060826E-07,
        "rotY": 179.988388,
        "rotZ": -1.7173395E-06,
        "scaleX": 1.0,
        "scaleY": 1.0,
        "scaleZ": 1.0
      },
      "Nickname": "",
      "Description": "",
      "GMNotes": "",
      "ColorDiffuse": {
        "r": 0.99999994,
        "g": 0.99999994,
        "b": 0.99999994
      },
      "Locked": true,
      "Grid": true,
      "Snap": true,
      "IgnoreFoW": false,
      "MeasureMovement": false,
      "DragSelectable": true,
      "Autoraise": true,
      "Sticky": true,
      "Tooltip": true,
      "GridProjection": false,
      "Calculator": {
        "value": "0",
        "memory": 0.0
      },
      "LuaScript": "",
      "LuaScriptState": "",
      "XmlUI": "",
      "GUID": "d7af76"
    },
    {
      "Name": "Calculator",
      "Transform": {
        "posX": 31.5894432,
        "posY": 1.53200054,
        "posZ": -13.3370361,
        "rotX": -1.23069457E-10,
        "rotY": 179.991531,
        "rotZ": -1.66733514E-06,
        "scaleX": 1.0,
        "scaleY": 1.0,
        "scaleZ": 1.0
      },
      "Nickname": "",
      "Description": "",
      "GMNotes": "",
      "ColorDiffuse": {
        "r": 0.99999994,
        "g": 0.99999994,
        "b": 0.99999994
      },
      "Locked": true,
      "Grid": true,
      "Snap": true,
      "IgnoreFoW": false,
      "MeasureMovement": false,
      "DragSelectable": true,
      "Autoraise": true,
      "Sticky": true,
      "Tooltip": true,
      "GridProjection": false,
      "Calculator": {
        "value": "0",
        "memory": 0.0
      },
      "LuaScript": "",
      "LuaScriptState": "",
      "XmlUI": "",
      "GUID": "692256"
    },
    {
      "Name": "Die_6",
      "Transform": {
        "posX": -13.6197958,
        "posY": 2.60956287,
        "posZ": 6.45084667,
        "rotX": 270.0,
        "rotY": 225.2059,
        "rotZ": 0.0,
        "scaleX": 2.25,
        "scaleY": 2.25,
        "scaleZ": 2.25
      },
      "Nickname": "",
      "Description": "",
      "GMNotes": "",
      "ColorDiffuse": {
        "r": 0.99999994,
        "g": 0.99999994,
        "b": 0.99999994
      },
      "Locked": false,
      "Grid": false,
      "Snap": false,
      "IgnoreFoW": false,
      "MeasureMovement": false,
      "DragSelectable": true,
      "Autoraise": true,
      "Sticky": true,
      "Tooltip": true,
      "GridProjection": false,
      "MaterialIndex": 0,
      "LuaScript": "",
      "LuaScriptState": "",
      "XmlUI": "",
      "GUID": "82fa6f"
    },
    {
      "Name": "Die_6",
      "Transform": {
        "posX": -15.5601854,
        "posY": 2.60956264,
        "posZ": 5.756347,
        "rotX": 270.0,
        "rotY": 323.665649,
        "rotZ": 0.0,
        "scaleX": 2.25,
        "scaleY": 2.25,
        "scaleZ": 2.25
      },
      "Nickname": "",
      "Description": "",
      "GMNotes": "",
      "ColorDiffuse": {
        "r": 0.99999994,
        "g": 0.99999994,
        "b": 0.99999994
      },
      "Locked": false,
      "Grid": false,
      "Snap": false,
      "IgnoreFoW": false,
      "MeasureMovement": false,
      "DragSelectable": true,
      "Autoraise": true,
      "Sticky": true,
      "Tooltip": true,
      "GridProjection": false,
      "MaterialIndex": 0,
      "LuaScript": "",
      "LuaScriptState": "",
      "XmlUI": "",
      "GUID": "0fba22"
    },
    {
      "Name": "Die_6",
      "Transform": {
        "posX": -13.7811422,
        "posY": 4.092464,
        "posZ": 6.48608541,
        "rotX": 1.02452841E-05,
        "rotY": 46.6300926,
        "rotZ": 90.00005,
        "scaleX": 2.25,
        "scaleY": 2.25,
        "scaleZ": 2.25
      },
      "Nickname": "",
      "Description": "",
      "GMNotes": "",
      "ColorDiffuse": {
        "r": 0.99999994,
        "g": 0.99999994,
        "b": 0.99999994
      },
      "Locked": false,
      "Grid": false,
      "Snap": false,
      "IgnoreFoW": false,
      "MeasureMovement": false,
      "DragSelectable": true,
      "Autoraise": true,
      "Sticky": true,
      "Tooltip": true,
      "GridProjection": false,
      "MaterialIndex": 0,
      "LuaScript": "",
      "LuaScriptState": "",
      "XmlUI": "",
      "GUID": "93809c"
    },
    {
      "Name": "Die_6",
      "Transform": {
        "posX": -16.2706947,
        "posY": 2.60956454,
        "posZ": 7.343301,
        "rotX": -0.000121939454,
        "rotY": 129.404251,
        "rotZ": 180.0,
        "scaleX": 2.25,
        "scaleY": 2.25,
        "scaleZ": 2.25
      },
      "Nickname": "",
      "Description": "",
      "GMNotes": "",
      "ColorDiffuse": {
        "r": 0.99999994,
        "g": 0.99999994,
        "b": 0.99999994
      },
      "Locked": false,
      "Grid": false,
      "Snap": false,
      "IgnoreFoW": false,
      "MeasureMovement": false,
      "DragSelectable": true,
      "Autoraise": true,
      "Sticky": true,
      "Tooltip": true,
      "GridProjection": false,
      "MaterialIndex": 0,
      "LuaScript": "",
      "LuaScriptState": "",
      "XmlUI": "",
      "GUID": "a51b4a"
    },
    {
      "Name": "Die_6",
      "Transform": {
        "posX": -13.6497269,
        "posY": 2.609563,
        "posZ": 4.5236516,
        "rotX": 4.22617959E-05,
        "rotY": 9.520526,
        "rotZ": 89.99998,
        "scaleX": 2.25,
        "scaleY": 2.25,
        "scaleZ": 2.25
      },
      "Nickname": "",
      "Description": "",
      "GMNotes": "",
      "ColorDiffuse": {
        "r": 0.99999994,
        "g": 0.99999994,
        "b": 0.99999994
      },
      "Locked": false,
      "Grid": false,
      "Snap": false,
      "IgnoreFoW": false,
      "MeasureMovement": false,
      "DragSelectable": true,
      "Autoraise": true,
      "Sticky": true,
      "Tooltip": true,
      "GridProjection": false,
      "MaterialIndex": 0,
      "LuaScript": "",
      "LuaScriptState": "",
      "XmlUI": "",
      "GUID": "e3127d"
    },
    {
      "Name": "Digital_Clock",
      "Transform": {
        "posX": -34.4699478,
        "posY": 0.957001,
        "posZ": 22.0126743,
        "rotX": -3.838454E-08,
        "rotY": 359.98764,
        "rotZ": 6.260916E-06,
        "scaleX": 2.25,
        "scaleY": 2.25,
        "scaleZ": 2.25
      },
      "Nickname": "",
      "Description": "",
      "GMNotes": "",
      "ColorDiffuse": {
        "r": 0.779439867,
        "g": 0.0,
        "b": 0.0
      },
      "Locked": true,
      "Grid": true,
      "Snap": true,
      "IgnoreFoW": false,
      "MeasureMovement": false,
      "DragSelectable": true,
      "Autoraise": true,
      "Sticky": false,
      "Tooltip": true,
      "GridProjection": false,
      "Clock": {
        "ClockState": 0,
        "SecondsPassed": 0,
        "Paused": false
      },
      "LuaScript": "",
      "LuaScriptState": "",
      "XmlUI": "",
      "GUID": "c686f3"
    },
    {
      "Name": "Custom_Model",
      "Transform": {
        "posX": -3.25645041,
        "posY": 2.94861579,
        "posZ": 8.14358,
        "rotX": -4.73451473E-06,
        "rotY": 359.959656,
        "rotZ": -1.72685745E-07,
        "scaleX": 1.75,
        "scaleY": 1.75,
        "scaleZ": 1.75
      },
      "Nickname": "",
      "Description": "",
      "GMNotes": "",
      "ColorDiffuse": {
        "r": 0.9999999,
        "g": 0.992162347,
        "b": 0.9999999
      },
      "Locked": false,
      "Grid": true,
      "Snap": true,
      "IgnoreFoW": false,
      "MeasureMovement": false,
      "DragSelectable": true,
      "Autoraise": true,
      "Sticky": true,
      "Tooltip": true,
      "GridProjection": false,
      "CustomMesh": {
        "MeshURL": "http://pastebin.com/raw.php?i=vEpB7Ped",
        "DiffuseURL": "http://i58.tinypic.com/2vb8kyv.jpg",
        "NormalURL": "",
        "ColliderURL": "http://pastebin.com/raw.php?i=vEpB7Ped",
        "Convex": false,
        "MaterialIndex": 1,
        "TypeIndex": 0,
        "CastShadows": true
      },
      "LuaScript": "",
      "LuaScriptState": "",
      "XmlUI": "",
      "GUID": "d530e2"
    },
    {
      "Name": "Custom_Model",
      "Transform": {
        "posX": 9.22495,
        "posY": 1.85185039,
        "posZ": 15.9744425,
        "rotX": -8.767569E-06,
        "rotY": 329.9797,
        "rotZ": 1.25772681E-06,
        "scaleX": 0.875,
        "scaleY": 0.875,
        "scaleZ": 0.875
      },
      "Nickname": "",
      "Description": "",
      "GMNotes": "",
      "ColorDiffuse": {
        "r": 0.99999994,
        "g": 0.99999994,
        "b": 0.9960793
      },
      "Locked": true,
      "Grid": false,
      "Snap": false,
      "IgnoreFoW": false,
      "MeasureMovement": false,
      "DragSelectable": true,
      "Autoraise": true,
      "Sticky": true,
      "Tooltip": true,
      "GridProjection": false,
      "CustomMesh": {
        "MeshURL": "www.ludus.se/TTS/DiceTray/DiceTray2.obj",
        "DiffuseURL": "http://i58.tinypic.com/2vb8kyv.jpg",
        "NormalURL": "",
        "ColliderURL": "www.ludus.se/TTS/DiceTray/DiceTray2.obj",
        "Convex": false,
        "MaterialIndex": 1,
        "TypeIndex": 0,
        "CastShadows": true
      },
      "LuaScript": "",
      "LuaScriptState": "",
      "XmlUI": "",
      "PhysicsMaterial": {
        "StaticFriction": 0.4,
        "DynamicFriction": 0.4,
        "Bounciness": 0.0,
        "FrictionCombine": 0,
        "BounceCombine": 0
      },
      "Rigidbody": {
        "Mass": 1.25,
        "Drag": 0.1,
        "AngularDrag": 0.1,
        "UseGravity": true
      },
      "GUID": "d2b6c0"
    },
    {
      "Name": "Custom_Model",
      "Transform": {
        "posX": 9.329236,
        "posY": 1.85185,
        "posZ": 12.2954464,
        "rotX": -5.82964549E-06,
        "rotY": 329.985931,
        "rotZ": 3.098918E-06,
        "scaleX": 0.875,
        "scaleY": 0.875,
        "scaleZ": 0.875
      },
      "Nickname": "",
      "Description": "",
      "GMNotes": "",
      "ColorDiffuse": {
        "r": 0.99999994,
        "g": 0.99999994,
        "b": 0.996079445
      },
      "Locked": true,
      "Grid": false,
      "Snap": false,
      "IgnoreFoW": false,
      "MeasureMovement": false,
      "DragSelectable": true,
      "Autoraise": true,
      "Sticky": true,
      "Tooltip": true,
      "GridProjection": false,
      "CustomMesh": {
        "MeshURL": "www.ludus.se/TTS/DiceTray/DiceTray2.obj",
        "DiffuseURL": "http://i58.tinypic.com/2vb8kyv.jpg",
        "NormalURL": "",
        "ColliderURL": "www.ludus.se/TTS/DiceTray/DiceTray2.obj",
        "Convex": false,
        "MaterialIndex": 1,
        "TypeIndex": 0,
        "CastShadows": true
      },
      "LuaScript": "",
      "LuaScriptState": "",
      "XmlUI": "",
      "PhysicsMaterial": {
        "StaticFriction": 0.4,
        "DynamicFriction": 0.4,
        "Bounciness": 0.0,
        "FrictionCombine": 0,
        "BounceCombine": 0
      },
      "Rigidbody": {
        "Mass": 1.25,
        "Drag": 0.1,
        "AngularDrag": 0.1,
        "UseGravity": true
      },
      "GUID": "97905f"
    },
    {
      "Name": "Custom_Model",
      "Transform": {
        "posX": 9.361968,
        "posY": 1.85184944,
        "posZ": 1.34783852,
        "rotX": -4.54140463E-05,
        "rotY": 329.970642,
        "rotZ": 6.2186873E-06,
        "scaleX": 0.875,
        "scaleY": 0.875,
        "scaleZ": 0.875
      },
      "Nickname": "",
      "Description": "",
      "GMNotes": "",
      "ColorDiffuse": {
        "r": 0.99999994,
        "g": 0.99999994,
        "b": 0.996079445
      },
      "Locked": true,
      "Grid": false,
      "Snap": false,
      "IgnoreFoW": false,
      "MeasureMovement": false,
      "DragSelectable": true,
      "Autoraise": true,
      "Sticky": true,
      "Tooltip": true,
      "GridProjection": false,
      "CustomMesh": {
        "MeshURL": "www.ludus.se/TTS/DiceTray/DiceTray2.obj",
        "DiffuseURL": "http://i58.tinypic.com/2vb8kyv.jpg",
        "NormalURL": "",
        "ColliderURL": "www.ludus.se/TTS/DiceTray/DiceTray2.obj",
        "Convex": false,
        "MaterialIndex": 1,
        "TypeIndex": 0,
        "CastShadows": true
      },
      "LuaScript": "",
      "LuaScriptState": "",
      "XmlUI": "",
      "PhysicsMaterial": {
        "StaticFriction": 0.4,
        "DynamicFriction": 0.4,
        "Bounciness": 0.0,
        "FrictionCombine": 0,
        "BounceCombine": 0
      },
      "Rigidbody": {
        "Mass": 1.25,
        "Drag": 0.1,
        "AngularDrag": 0.1,
        "UseGravity": true
      },
      "GUID": "858256"
    },
    {
      "Name": "Custom_Model",
      "Transform": {
        "posX": 9.270849,
        "posY": 1.85184956,
        "posZ": 4.90912247,
        "rotX": -7.26734424E-06,
        "rotY": 329.9789,
        "rotZ": 4.85287546E-06,
        "scaleX": 0.875,
        "scaleY": 0.875,
        "scaleZ": 0.875
      },
      "Nickname": "",
      "Description": "",
      "GMNotes": "",
      "ColorDiffuse": {
        "r": 0.99999994,
        "g": 0.99999994,
        "b": 0.996079445
      },
      "Locked": true,
      "Grid": false,
      "Snap": false,
      "IgnoreFoW": false,
      "MeasureMovement": false,
      "DragSelectable": true,
      "Autoraise": true,
      "Sticky": true,
      "Tooltip": true,
      "GridProjection": false,
      "CustomMesh": {
        "MeshURL": "www.ludus.se/TTS/DiceTray/DiceTray2.obj",
        "DiffuseURL": "http://i58.tinypic.com/2vb8kyv.jpg",
        "NormalURL": "",
        "ColliderURL": "www.ludus.se/TTS/DiceTray/DiceTray2.obj",
        "Convex": false,
        "MaterialIndex": 1,
        "TypeIndex": 0,
        "CastShadows": true
      },
      "LuaScript": "",
      "LuaScriptState": "",
      "XmlUI": "",
      "PhysicsMaterial": {
        "StaticFriction": 0.4,
        "DynamicFriction": 0.4,
        "Bounciness": 0.0,
        "FrictionCombine": 0,
        "BounceCombine": 0
      },
      "Rigidbody": {
        "Mass": 1.25,
        "Drag": 0.1,
        "AngularDrag": 0.1,
        "UseGravity": true
      },
      "GUID": "92ebaa"
    },
    {
      "Name": "Custom_Model",
      "Transform": {
        "posX": 9.344483,
        "posY": 1.85185,
        "posZ": 8.639121,
        "rotX": -6.540078E-06,
        "rotY": 329.981232,
        "rotZ": 1.07184007E-06,
        "scaleX": 0.875,
        "scaleY": 0.875,
        "scaleZ": 0.875
      },
      "Nickname": "",
      "Description": "",
      "GMNotes": "",
      "ColorDiffuse": {
        "r": 0.99999994,
        "g": 0.99999994,
        "b": 0.996079445
      },
      "Locked": true,
      "Grid": false,
      "Snap": false,
      "IgnoreFoW": false,
      "MeasureMovement": false,
      "DragSelectable": true,
      "Autoraise": true,
      "Sticky": true,
      "Tooltip": true,
      "GridProjection": false,
      "CustomMesh": {
        "MeshURL": "www.ludus.se/TTS/DiceTray/DiceTray2.obj",
        "DiffuseURL": "http://i58.tinypic.com/2vb8kyv.jpg",
        "NormalURL": "",
        "ColliderURL": "www.ludus.se/TTS/DiceTray/DiceTray2.obj",
        "Convex": false,
        "MaterialIndex": 1,
        "TypeIndex": 0,
        "CastShadows": true
      },
      "LuaScript": "",
      "LuaScriptState": "",
      "XmlUI": "",
      "PhysicsMaterial": {
        "StaticFriction": 0.4,
        "DynamicFriction": 0.4,
        "Bounciness": 0.0,
        "FrictionCombine": 0,
        "BounceCombine": 0
      },
      "Rigidbody": {
        "Mass": 1.25,
        "Drag": 0.1,
        "AngularDrag": 0.1,
        "UseGravity": true
      },
      "GUID": "099a7b"
    },
    {
      "Name": "Notecard",
      "Transform": {
        "posX": -33.7519341,
        "posY": 1.13200057,
        "posZ": 12.6343651,
        "rotX": 1.09762173E-08,
        "rotY": 0.00297905155,
        "rotZ": 4.41821939E-08,
        "scaleX": 2.5,
        "scaleY": 2.5,
        "scaleZ": 2.5
      },
      "Nickname": "Welcome!",
      "Description": "-Roll the dice inside the dice tray\n- Put the dice you would like to save in the small trays to the right\n- Use the vector line tool to write down your numbers\n- Calculaters are available if you need help calculating your total score\n- You can clear cards by pressing the delete all vector button",
      "GMNotes": "",
      "ColorDiffuse": {
        "r": 0.99999994,
        "g": 0.99999994,
        "b": 0.99999994
      },
      "Locked": false,
      "Grid": true,
      "Snap": true,
      "IgnoreFoW": false,
      "MeasureMovement": false,
      "DragSelectable": true,
      "Autoraise": true,
      "Sticky": true,
      "Tooltip": true,
      "GridProjection": false,
      "LuaScript": "",
      "LuaScriptState": "",
      "XmlUI": "",
      "GUID": "c9549b"
    },
    {
      "Name": "Custom_Board",
      "Transform": {
        "posX": -25.0964031,
        "posY": 0.9906203,
        "posZ": -17.7048225,
        "rotX": 1.34562461E-05,
        "rotY": 179.982483,
        "rotZ": -7.37112657E-07,
        "scaleX": 0.5,
        "scaleY": 0.5,
        "scaleZ": 0.5
      },
      "Nickname": "",
      "Description": "",
      "GMNotes": "",
      "ColorDiffuse": {
        "r": 0.7867678,
        "g": 0.7867678,
        "b": 0.7867678
      },
      "Locked": true,
      "Grid": true,
      "Snap": true,
      "IgnoreFoW": false,
      "MeasureMovement": false,
      "DragSelectable": true,
      "Autoraise": true,
      "Sticky": true,
      "Tooltip": true,
      "GridProjection": false,
      "CustomImage": {
        "ImageURL": "http://i.imgur.com/fr6vKnU.jpg",
        "ImageSecondaryURL": "",
        "ImageScalar": 1.0,
        "WidthScale": 0.9866352
      },
      "LuaScript": "",
      "LuaScriptState": "",
      "XmlUI": "",
      "GUID": "f838f2"
    },
    {
      "Name": "Custom_Board",
      "Transform": {
        "posX": -10.35886,
        "posY": 0.9906203,
        "posZ": -17.7020855,
        "rotX": -9.024519E-06,
        "rotY": 179.994644,
        "rotZ": -3.05149456E-07,
        "scaleX": 0.5,
        "scaleY": 0.5,
        "scaleZ": 0.5
      },
      "Nickname": "",
      "Description": "",
      "GMNotes": "",
      "ColorDiffuse": {
        "r": 0.786770761,
        "g": 0.786770761,
        "b": 0.786770761
      },
      "Locked": true,
      "Grid": true,
      "Snap": true,
      "IgnoreFoW": false,
      "MeasureMovement": false,
      "DragSelectable": true,
      "Autoraise": true,
      "Sticky": true,
      "Tooltip": true,
      "GridProjection": false,
      "CustomImage": {
        "ImageURL": "http://i.imgur.com/fr6vKnU.jpg",
        "ImageSecondaryURL": "",
        "ImageScalar": 1.0,
        "WidthScale": 0.9866352
      },
      "LuaScript": "",
      "LuaScriptState": "",
      "XmlUI": "",
      "GUID": "b69c3e"
    },
    {
      "Name": "Custom_Board",
      "Transform": {
        "posX": 4.26188755,
        "posY": 0.9900285,
        "posZ": -17.7547874,
        "rotX": -0.00542450231,
        "rotY": 179.879639,
        "rotZ": -0.0006070721,
        "scaleX": 0.5,
        "scaleY": 0.5,
        "scaleZ": 0.5
      },
      "Nickname": "",
      "Description": "",
      "GMNotes": "",
      "ColorDiffuse": {
        "r": 0.786770761,
        "g": 0.786770761,
        "b": 0.786770761
      },
      "Locked": true,
      "Grid": true,
      "Snap": true,
      "IgnoreFoW": false,
      "MeasureMovement": false,
      "DragSelectable": true,
      "Autoraise": true,
      "Sticky": true,
      "Tooltip": true,
      "GridProjection": false,
      "CustomImage": {
        "ImageURL": "http://i.imgur.com/fr6vKnU.jpg",
        "ImageSecondaryURL": "",
        "ImageScalar": 1.0,
        "WidthScale": 0.9866352
      },
      "LuaScript": "",
      "LuaScriptState": "",
      "XmlUI": "",
      "GUID": "599dbb"
    },
    {
      "Name": "Custom_Board",
      "Transform": {
        "posX": 18.6725788,
        "posY": 1.005608,
        "posZ": -17.76504,
        "rotX": 0.0007253403,
        "rotY": 179.914,
        "rotZ": 0.120485887,
        "scaleX": 0.5,
        "scaleY": 0.5,
        "scaleZ": 0.5
      },
      "Nickname": "",
      "Description": "",
      "GMNotes": "",
      "ColorDiffuse": {
        "r": 0.786770761,
        "g": 0.786770761,
        "b": 0.786770761
      },
      "Locked": true,
      "Grid": true,
      "Snap": true,
      "IgnoreFoW": false,
      "MeasureMovement": false,
      "DragSelectable": true,
      "Autoraise": true,
      "Sticky": true,
      "Tooltip": true,
      "GridProjection": false,
      "CustomImage": {
        "ImageURL": "http://i.imgur.com/fr6vKnU.jpg",
        "ImageSecondaryURL": "",
        "ImageScalar": 1.0,
        "WidthScale": 0.9866352
      },
      "LuaScript": "",
      "LuaScriptState": "",
      "XmlUI": "",
      "GUID": "a3b257"
    }
  ],
  "LuaScript": "",
  "LuaScriptState": "",
  "XmlUI": "",
  "VectorLines": [],
  "VersionNumber": ""
}