{
  "SaveName": "Yahtzee",
  "GameMode": "Yahtzee",
  "Date": "12/30/2016 3:03:11 PM",
  "Gravity": 0.5,
  "PlayArea": 0.5,
  "GameType": "",
  "GameComplexity": "",
  "Tags": [],
  "Table": "Table_RPG",
  "Sky": "Sky_Sunset",
  "Note": "",
  "Rules": "",
  "Grid": {
    "Type": 0,
    "Lines": false,
    "Color": {
      "r": 0.0,
      "g": 0.0,
      "b": 0.0
    },
    "Opacity": 0.75,
    "ThickLines": false,
    "Snapping": false,
    "Offset": false,
    "BothSnapping": false,
    "xSize": 2.0,
    "ySize": 2.0,
    "PosOffset": {
      "x": 0.0,
      "y": 1.0,
      "z": 0.0
    }
  },
  "Hands": {
    "Enable": false,
    "DisableUnused": false,
    "Hiding": 0,
    "HandTransforms": [
      {
        "Color": "Red",
        "Transform": {
          "posX": -8.566162,
          "posY": 7.90863276,
          "posZ": -26.2636738,
          "rotX": 0.0,
          "rotY": 359.943634,
          "rotZ": 0.0,
          "scaleX": 9.72445,
          "scaleY": 7.0,
          "scaleZ": 2.20169044
        }
      },
      {
        "Color": "Pink",
        "Transform": {
          "posX": 24.50927,
          "posY": 7.92551756,
          "posZ": -26.2251282,
          "rotX": 0.0,
          "rotY": 359.943634,
          "rotZ": 0.0,
          "scaleX": 9.623724,
          "scaleY": 7.0,
          "scaleZ": 2.26091456
        }
      },
      {
        "Color": "Orange",
        "Transform": {
          "posX": 35.3791656,
          "posY": 7.868446,
          "posZ": 8.204494,
          "rotX": 0.0,
          "rotY": 269.871857,
          "rotZ": 0.0,
          "scaleX": 9.692126,
          "scaleY": 7.0,
          "scaleZ": 3.03552055
        }
      },
      {
        "Color": "Green",
        "Transform": {
          "posX": 8.29235649,
          "posY": 7.91755438,
          "posZ": 25.1332245,
          "rotX": 0.0,
          "rotY": 178.671921,
          "rotZ": 0.0,
          "scaleX": 9.502079,
          "scaleY": 7.0,
          "scaleZ": 2.89065075
        }
      },
      {
        "Color": "Purple",
        "Transform": {
          "posX": -24.40681,
          "posY": 7.92685652,
          "posZ": 25.0412521,
          "rotX": 0.0,
          "rotY": 180.003922,
          "rotZ": 0.0,
          "scaleX": 9.596799,
          "scaleY": 7.0,
          "scaleZ": 3.50306249
        }
      },
      {
        "Color": "Blue",
        "Transform": {
          "posX": -34.9731331,
          "posY": 8.036545,
          "posZ": -8.484028,
          "rotX": 0.0,
          "rotY": 89.89862,
          "rotZ": 0.0,
          "scaleX": 9.766703,
          "scaleY": 7.0,
          "scaleZ": 3.99559641
        }
      }
    ]
  },
  "TabStates": {
    "0": {
      "title": "Object of the game",
      "body": "The object of Yahtzee is to obtain the highest score from throwing 5 dice.\n\r\nThe game consists of 13 rounds. In each round, you roll the dice and then score the roll in one of 13 categories. You must score once in each category. The score is determined by a different rule for each category.\n\r\nThe game ends once all 13 categories have been scored.\r",
      "color": "Grey",
      "visibleColor": {
        "r": 0.5,
        "g": 0.5,
        "b": 0.5
      },
      "id": 0
    },
    "15": {
      "title": "Lower scoring section",
      "body": "In the lower scores, you score either a set amount, or zero if you don't satisfy the category requirements.\n\r\n3 and 4 of a kind For 3 of a kind you must have at least 3 of the same die faces. You score the total of all the dice. For 4 of a kind you would need 4 die faces the same.\n\r\nSmall and Large Straight \nA Straight is a sequence of consecutive die faces, where a small straight is 4 consecutive faces, and a large straight 5 consecutive faces.\n\r\nSmall straights score 30 and a large 40 points.\r\nSo if you rolled:\r\n2 - 3 - 2 - 5 - 4\r\nyou could score 30 in small straight or 0 in large straight.\n\r\nFull House \nA Full House is where you have 3 of a kind and 2 of a kind. Full houses score 25 points.\r\ni.e.:\r\n3 - 3 - 2 - 3 - 2\r\nwould score 25 in the Full House category.\n\nFirst Yahtzee \nA Yahtzee is 5 of a kind and scores 50 points, although you may elect NOT to score it as a yahtzee, instead choosing to take it as a top row score and safegaurd your bonus.\n\r\nAdditional Yahtzees. \nIf you roll a second Yahtzee in a game, and you scored your first yahtzee in the Yahtzee box, you would score a further bonus 100 points in the yahtzee box.\n\r\nYou must also put this roll into another category, as follows;\r\n-If the corresponding Upper section category is not filled then you must score there.\r\nie if you rolled 4 - 4 - 4 - 4 - 4 and the Fours Category is not filled, you must put the score in\r\nthe Fours category.\n\r\n-If the corresponding Upper section category is filled you may then put the score anywhere on\r\nthe Upper Section (scoring zero). In 3 of a Kind, 4 of a Kind, and Chance categories you would score the total of the die faces. For the Small Straight, Large Straight, and Full House categories, you would score 30, 40 and 25 points respectively.\n\r\nChance \nYou can roll anything and be able to put it in the Chance category. You score the total of the die faces\r",
      "color": "Grey",
      "visibleColor": {
        "r": 0.5,
        "g": 0.5,
        "b": 0.5
      },
      "id": 15
    },
    "16": {
      "title": "Scratch or dump scores",
      "body": "You can score any roll in any category at any time, even if the resulting score is zero. Eg, you can take 2-3-3-4-6 in the 5's category. It will score 0. This could be used near the end of a game to lose a poor roll against a difficult-to-get category that you've failed to fill (eg, long straight or yahtzee).\r",
      "color": "Grey",
      "visibleColor": {
        "r": 0.5,
        "g": 0.5,
        "b": 0.5
      },
      "id": 16
    },
    "14": {
      "title": "Upper scoring section",
      "body": "If you score in the upper section of the table, your score is the total of the specified die face.\r\nSo if you roll:\n\r\n5 - 2 - 5 - 6 - 5 \n\nand score in the Fives category, your total for the category would be 15, because there are three fives, which are added together.\n\r\nIf the One, Three or Four Categories were selected for scoring with this roll, you would score\r\na zero.\n\r\nIf placed in the Two or Six category, you would score 2 and 6 respectively.\n\r\nBonus \nIf the total of Upper scores is 63 or more, add a bonus of 35. Note that 63 is the total of\r\nthree each of 1s, 2s, 3s, 4s, 5s and 6s.\r",
      "color": "Grey",
      "visibleColor": {
        "r": 0.5,
        "g": 0.5,
        "b": 0.5
      },
      "id": 14
    },
    "13": {
      "title": "Scoring",
      "body": "To score your combination of 5 dice, you click one of the 13 boxes, or write it on the\r\nscorecard (scoresheet). There are two sections to the score table - the Upper Section and the\r\nLower Section.\n\r\nOnce a box has been scored, it cannot be scored again for the rest of the game (except the\r\nYahtzee category), so choose wisely.\r",
      "color": "Grey",
      "visibleColor": {
        "r": 0.5,
        "g": 0.5,
        "b": 0.5
      },
      "id": 13
    },
    "12": {
      "title": "Game start",
      "body": "To start with, roll all the dice. After rolling you can either score the current roll (see below), or\r\nre-roll any or all of the dice.\n\r\nYou may only roll the dice a total of 3 times. After rolling 3 times you must choose a category\r\nto score.\n\r\nYou may score the dice at any point in the round, i.e. it doesn't have to be after the 3rd roll",
      "color": "Grey",
      "visibleColor": {
        "r": 0.5,
        "g": 0.5,
        "b": 0.5
      },
      "id": 12
    }
  },
  "ObjectStates": [
    {
      "Name": "Custom_Board",
      "Transform": {
        "posX": -16.5660858,
        "posY": 2.999093,
        "posZ": -40.67248,
        "rotX": -1.05900144E-05,
        "rotY": 179.993073,
        "rotZ": -3.80062261E-07,
        "scaleX": 1.69999838,
        "scaleY": 1.69999838,
        "scaleZ": 1.69999838
      },
      "Nickname": "",
      "Description": "",
      "GMNotes": "",
      "ColorDiffuse": {
        "r": 0.7867647,
        "g": 0.7867647,
        "b": 0.7867647
      },
      "Locked": true,
      "Grid": true,
      "Snap": true,
      "IgnoreFoW": false,
      "MeasureMovement": false,
      "DragSelectable": true,
      "Autoraise": true,
      "Sticky": true,
      "Tooltip": true,
      "GridProjection": false,
      "CustomImage": {
        "ImageURL": "http://i.imgur.com/gJUOKPy.png",
        "ImageSecondaryURL": "",
        "ImageScalar": 1.0,
        "WidthScale": 0.7227043
      },
      "LuaScript": "",
      "LuaScriptState": "",
      "XmlUI": "",
      "GUID": "270325"
    },
    {
      "Name": "Custom_Board",
      "Transform": {
        "posX": 16.4795532,
        "posY": 3.01598263,
        "posZ": -40.67675,
        "rotX": -1.05900144E-05,
        "rotY": 179.993073,
        "rotZ": -3.80062261E-07,
        "scaleX": 1.69999838,
        "scaleY": 1.69999838,
        "scaleZ": 1.69999838
      },
      "Nickname": "",
      "Description": "",
      "GMNotes": "",
      "ColorDiffuse": {
        "r": 0.7867647,
        "g": 0.7867647,
        "b": 0.7867647
      },
      "Locked": true,
      "Grid": true,
      "Snap": true,
      "IgnoreFoW": false,
      "MeasureMovement": false,
      "DragSelectable": true,
      "Autoraise": true,
      "Sticky": true,
      "Tooltip": true,
      "GridProjection": false,
      "CustomImage": {
        "ImageURL": "http://i.imgur.com/gJUOKPy.png",
        "ImageSecondaryURL": "",
        "ImageScalar": 1.0,
        "WidthScale": 0.7227043
      },
      "LuaScript": "",
      "LuaScriptState": "",
      "XmlUI": "",
      "GUID": "4865be"
    },
    {
      "Name": "Custom_Board",
      "Transform": {
        "posX": -16.44664,
        "posY": 3.017313,
        "posZ": 39.85526,
        "rotX": -2.657189E-06,
        "rotY": 1.07496714E-06,
        "rotZ": -2.91561355E-06,
        "scaleX": 1.69999838,
        "scaleY": 1.69999838,
        "scaleZ": 1.69999838
      },
      "Nickname": "",
      "Description": "",
      "GMNotes": "",
      "ColorDiffuse": {
        "r": 0.7867647,
        "g": 0.7867647,
        "b": 0.7867647
      },
      "Locked": true,
      "Grid": true,
      "Snap": true,
      "IgnoreFoW": false,
      "MeasureMovement": false,
      "DragSelectable": true,
      "Autoraise": true,
      "Sticky": true,
      "Tooltip": true,
      "GridProjection": false,
      "CustomImage": {
        "ImageURL": "http://i.imgur.com/gJUOKPy.png",
        "ImageSecondaryURL": "",
        "ImageScalar": 1.0,
        "WidthScale": 0.7227043
      },
      "LuaScript": "",
      "LuaScriptState": "",
      "XmlUI": "",
      "GUID": "bfc657"
    },
    {
      "Name": "Custom_Board",
      "Transform": {
        "posX": 16.49326,
        "posY": 3.008017,
        "posZ": 39.85598,
        "rotX": -1.840128E-05,
        "rotY": -0.00301972614,
        "rotZ": -7.60582361E-06,
        "scaleX": 1.69999838,
        "scaleY": 1.69999838,
        "scaleZ": 1.69999838
      },
      "Nickname": "",
      "Description": "",
      "GMNotes": "",
      "ColorDiffuse": {
        "r": 0.7867647,
        "g": 0.7867647,
        "b": 0.7867647
      },
      "Locked": true,
      "Grid": true,
      "Snap": true,
      "IgnoreFoW": false,
      "MeasureMovement": false,
      "DragSelectable": true,
      "Autoraise": true,
      "Sticky": true,
      "Tooltip": true,
      "GridProjection": false,
      "CustomImage": {
        "ImageURL": "http://i.imgur.com/gJUOKPy.png",
        "ImageSecondaryURL": "",
        "ImageScalar": 1.0,
        "WidthScale": 0.7227043
      },
      "LuaScript": "",
      "LuaScriptState": "",
      "XmlUI": "",
      "GUID": "bffc28"
    },
    {
      "Name": "Custom_Board",
      "Transform": {
        "posX": 50.1798363,
        "posY": 2.9589107,
        "posZ": -0.108562589,
        "rotX": -2.40398149E-05,
        "rotY": 90.000206,
        "rotZ": 1.12254847E-05,
        "scaleX": 1.69999838,
        "scaleY": 1.69999838,
        "scaleZ": 1.69999838
      },
      "Nickname": "",
      "Description": "",
      "GMNotes": "",
      "ColorDiffuse": {
        "r": 0.7867647,
        "g": 0.7867647,
        "b": 0.7867647
      },
      "Locked": true,
      "Grid": true,
      "Snap": true,
      "IgnoreFoW": false,
      "MeasureMovement": false,
      "DragSelectable": true,
      "Autoraise": true,
      "Sticky": true,
      "Tooltip": true,
      "GridProjection": false,
      "CustomImage": {
        "ImageURL": "http://i.imgur.com/gJUOKPy.png",
        "ImageSecondaryURL": "",
        "ImageScalar": 1.0,
        "WidthScale": 0.7227043
      },
      "LuaScript": "",
      "LuaScriptState": "",
      "XmlUI": "",
      "GUID": "549ce9"
    },
    {
      "Name": "Custom_Board",
      "Transform": {
        "posX": -50.31048,
        "posY": 3.12700653,
        "posZ": -0.3198576,
        "rotX": -2.27301334E-05,
        "rotY": 269.980347,
        "rotZ": -1.16150259E-05,
        "scaleX": 1.69999838,
        "scaleY": 1.69999838,
        "scaleZ": 1.69999838
      },
      "Nickname": "",
      "Description": "",
      "GMNotes": "",
      "ColorDiffuse": {
        "r": 0.7867647,
        "g": 0.7867647,
        "b": 0.7867647
      },
      "Locked": true,
      "Grid": true,
      "Snap": true,
      "IgnoreFoW": false,
      "MeasureMovement": false,
      "DragSelectable": true,
      "Autoraise": true,
      "Sticky": true,
      "Tooltip": true,
      "GridProjection": false,
      "CustomImage": {
        "ImageURL": "http://i.imgur.com/gJUOKPy.png",
        "ImageSecondaryURL": "",
        "ImageScalar": 1.0,
        "WidthScale": 0.7227043
      },
      "LuaScript": "",
      "LuaScriptState": "",
      "XmlUI": "",
      "GUID": "b3da07"
    },
    {
      "Name": "Die_6",
      "Transform": {
        "posX": 0.140549138,
        "posY": 2.18174,
        "posZ": -6.31225157,
        "rotX": 90.0,
        "rotY": 92.14007,
        "rotZ": 0.0,
        "scaleX": 3.69999576,
        "scaleY": 3.69999576,
        "scaleZ": 3.69999576
      },
      "Nickname": "",
      "Description": "",
      "GMNotes": "",
      "ColorDiffuse": {
        "r": 1.0,
        "g": 0.0,
        "b": 0.5130109
      },
      "Locked": false,
      "Grid": false,
      "Snap": false,
      "IgnoreFoW": false,
      "MeasureMovement": false,
      "DragSelectable": true,
      "Autoraise": true,
      "Sticky": true,
      "Tooltip": true,
      "GridProjection": false,
      "MaterialIndex": 0,
      "LuaScript": "",
      "LuaScriptState": "",
      "XmlUI": "",
      "PhysicsMaterial": {
        "StaticFriction": 0.6,
        "DynamicFriction": 0.6,
        "Bounciness": 0.75,
        "FrictionCombine": 0,
        "BounceCombine": 0
      },
      "Rigidbody": {
        "Mass": 1.9875,
        "Drag": 0.1,
        "AngularDrag": 0.1,
        "UseGravity": true
      },
      "GUID": "3ddf09"
    },
    {
      "Name": "Die_6",
      "Transform": {
        "posX": 9.624806,
        "posY": 2.18174,
        "posZ": 5.80578041,
        "rotX": 90.0,
        "rotY": 100.470657,
        "rotZ": 0.0,
        "scaleX": 3.69999576,
        "scaleY": 3.69999576,
        "scaleZ": 3.69999576
      },
      "Nickname": "",
      "Description": "",
      "GMNotes": "",
      "ColorDiffuse": {
        "r": 1.0,
        "g": 0.0,
        "b": 0.0
      },
      "Locked": false,
      "Grid": false,
      "Snap": false,
      "IgnoreFoW": false,
      "MeasureMovement": false,
      "DragSelectable": true,
      "Autoraise": true,
      "Sticky": true,
      "Tooltip": true,
      "GridProjection": false,
      "MaterialIndex": 0,
      "LuaScript": "",
      "LuaScriptState": "",
      "XmlUI": "",
      "PhysicsMaterial": {
        "StaticFriction": 0.6,
        "DynamicFriction": 0.6,
        "Bounciness": 0.75,
        "FrictionCombine": 0,
        "BounceCombine": 0
      },
      "Rigidbody": {
        "Mass": 1.9875,
        "Drag": 0.1,
        "AngularDrag": 0.1,
        "UseGravity": true
      },
      "GUID": "c2e619"
    },
    {
      "Name": "Die_6",
      "Transform": {
        "posX": -1.405602,
        "posY": 2.18173838,
        "posZ": 0.424492329,
        "rotX": 5.122642E-06,
        "rotY": 212.5567,
        "rotZ": 270.0,
        "scaleX": 3.69999576,
        "scaleY": 3.69999576,
        "scaleZ": 3.69999576
      },
      "Nickname": "",
      "Description": "",
      "GMNotes": "",
      "ColorDiffuse": {
        "r": 1.0,
        "g": 0.423791826,
        "b": 0.0
      },
      "Locked": false,
      "Grid": false,
      "Snap": false,
      "IgnoreFoW": false,
      "MeasureMovement": false,
      "DragSelectable": true,
      "Autoraise": true,
      "Sticky": true,
      "Tooltip": true,
      "GridProjection": false,
      "MaterialIndex": 0,
      "LuaScript": "",
      "LuaScriptState": "",
      "XmlUI": "",
      "PhysicsMaterial": {
        "StaticFriction": 0.6,
        "DynamicFriction": 0.6,
        "Bounciness": 0.75,
        "FrictionCombine": 0,
        "BounceCombine": 0
      },
      "Rigidbody": {
        "Mass": 1.9875,
        "Drag": 0.1,
        "AngularDrag": 0.1,
        "UseGravity": true
      },
      "GUID": "5d3fef"
    },
    {
      "Name": "Die_6",
      "Transform": {
        "posX": 0.9899933,
        "posY": 2.18173981,
        "posZ": -2.52036929,
        "rotX": 2.6884195E-06,
        "rotY": 126.237892,
        "rotZ": 4.21546065E-06,
        "scaleX": 3.69999576,
        "scaleY": 3.69999576,
        "scaleZ": 3.69999576
      },
      "Nickname": "",
      "Description": "",
      "GMNotes": "",
      "ColorDiffuse": {
        "r": 0.0,
        "g": 1.0,
        "b": 0.141263679
      },
      "Locked": false,
      "Grid": false,
      "Snap": false,
      "IgnoreFoW": false,
      "MeasureMovement": false,
      "DragSelectable": true,
      "Autoraise": true,
      "Sticky": true,
      "Tooltip": true,
      "GridProjection": false,
      "MaterialIndex": 0,
      "LuaScript": "",
      "LuaScriptState": "",
      "XmlUI": "",
      "PhysicsMaterial": {
        "StaticFriction": 0.6,
        "DynamicFriction": 0.6,
        "Bounciness": 0.75,
        "FrictionCombine": 0,
        "BounceCombine": 0
      },
      "Rigidbody": {
        "Mass": 1.9875,
        "Drag": 0.1,
        "AngularDrag": 0.1,
        "UseGravity": true
      },
      "GUID": "057db5"
    },
    {
      "Name": "Die_6",
      "Transform": {
        "posX": 7.141193,
        "posY": 2.18173981,
        "posZ": -4.372593,
        "rotX": -4.962559E-06,
        "rotY": 358.500244,
        "rotZ": 90.0,
        "scaleX": 3.69999576,
        "scaleY": 3.69999576,
        "scaleZ": 3.69999576
      },
      "Nickname": "",
      "Description": "",
      "GMNotes": "",
      "ColorDiffuse": {
        "r": 0.0,
        "g": 0.7657995,
        "b": 1.0
      },
      "Locked": false,
      "Grid": false,
      "Snap": false,
      "IgnoreFoW": false,
      "MeasureMovement": false,
      "DragSelectable": true,
      "Autoraise": true,
      "Sticky": true,
      "Tooltip": true,
      "GridProjection": false,
      "MaterialIndex": 0,
      "LuaScript": "",
      "LuaScriptState": "",
      "XmlUI": "",
      "PhysicsMaterial": {
        "StaticFriction": 0.6,
        "DynamicFriction": 0.6,
        "Bounciness": 0.75,
        "FrictionCombine": 0,
        "BounceCombine": 0
      },
      "Rigidbody": {
        "Mass": 1.9875,
        "Drag": 0.1,
        "AngularDrag": 0.1,
        "UseGravity": true
      },
      "GUID": "1c4906"
    }
  ],
  "LuaScript": "--[[ Lua code. See documentation: http://berserk-games.com/knowledgebase/scripting/ --]]\n\n--[[ The OnLoad function. This is called after everything in the game save finishes loading.\nMost of your script code goes here. --]]\nfunction onload()\n    --[[ print('Onload!') --]]\nend\n\n--[[ The Update function. This is called once per frame. --]]\nfunction update ()\n    --[[ print('Update loop!') --]]\nend",
  "LuaScriptState": "",
  "XmlUI": "",
  "VectorLines": [],
  "VersionNumber": ""
}