{
  "SaveName": "Jigsaw Battle [Scripted]",
  "GameMode": "[31B32B][b]Jigsaw Battle[-]",
  "Date": "3/27/2019 12:01:16 AM",
  "Gravity": 0.5,
  "PlayArea": 0.5,
  "GameType": "",
  "GameComplexity": "",
  "Tags": [],
  "Table": "Table_RPG",
  "Sky": "Sky_Museum",
  "Note": "____Jigsaw Battle____[-]\n\n0 piece puzzle       \n0 piece remaining    \n\n Time : 0 min 0 s      \n____________________\nScript by : [31B32B]K-ion[-]",
  "Rules": "",
  "Grid": {
    "Type": 0,
    "Lines": false,
    "Color": {
      "r": 0.0,
      "g": 0.0,
      "b": 0.0
    },
    "Opacity": 0.75,
    "ThickLines": false,
    "Snapping": false,
    "Offset": false,
    "BothSnapping": false,
    "xSize": 2.0,
    "ySize": 2.0,
    "PosOffset": {
      "x": 0.0,
      "y": 1.0,
      "z": 0.0
    }
  },
  "Lighting": {
    "LightIntensity": 0.54,
    "LightColor": {
      "r": 1.0,
      "g": 0.9804,
      "b": 0.8902
    },
    "AmbientIntensity": 1.3,
    "AmbientType": 0,
    "AmbientSkyColor": {
      "r": 0.5,
      "g": 0.5,
      "b": 0.5
    },
    "AmbientEquatorColor": {
      "r": 0.5,
      "g": 0.5,
      "b": 0.5
    },
    "AmbientGroundColor": {
      "r": 0.5,
      "g": 0.5,
      "b": 0.5
    },
    "ReflectionIntensity": 1.0,
    "LutIndex": 0,
    "LutContribution": 1.0
  },
  "Hands": {
    "Enable": true,
    "DisableUnused": false,
    "Hiding": 0,
    "HandTransforms": [
      {
        "Color": "Red",
        "Transform": {
          "posX": 6.892807,
          "posY": 5.169384,
          "posZ": -20.1076221,
          "rotX": 0.0,
          "rotY": 0.0,
          "rotZ": 0.0,
          "scaleX": 11.77277,
          "scaleY": 9.174497,
          "scaleZ": 4.87123871
        }
      },
      {
        "Color": "Purple",
        "Transform": {
          "posX": 22.5837345,
          "posY": 5.169384,
          "posZ": -20.11,
          "rotX": 0.0,
          "rotY": 0.0,
          "rotZ": 0.0,
          "scaleX": 11.774024,
          "scaleY": 9.174159,
          "scaleZ": 4.87123871
        }
      },
      {
        "Color": "Green",
        "Transform": {
          "posX": -8.148841,
          "posY": 5.169384,
          "posZ": -20.11,
          "rotX": 0.0,
          "rotY": 0.0,
          "rotZ": 0.0,
          "scaleX": 11.7727575,
          "scaleY": 9.174497,
          "scaleZ": 4.87123871
        }
      },
      {
        "Color": "Blue",
        "Transform": {
          "posX": -22.6645966,
          "posY": 5.169384,
          "posZ": -20.11,
          "rotX": 0.0,
          "rotY": 0.0,
          "rotZ": 0.0,
          "scaleX": 11.7764177,
          "scaleY": 9.174497,
          "scaleZ": 4.8720417
        }
      },
      {
        "Color": "Yellow",
        "Transform": {
          "posX": -29.9068584,
          "posY": 5.170057,
          "posZ": -11.5027676,
          "rotX": 0.0,
          "rotY": 90.0,
          "rotZ": 0.0,
          "scaleX": 12.6686192,
          "scaleY": 9.174159,
          "scaleZ": 4.921074
        }
      },
      {
        "Color": "Teal",
        "Transform": {
          "posX": -30.43564,
          "posY": 5.170057,
          "posZ": 3.22757626,
          "rotX": 0.0,
          "rotY": 90.0,
          "rotZ": 0.0,
          "scaleX": 11.6603718,
          "scaleY": 9.174159,
          "scaleZ": 4.9210043
        }
      },
      {
        "Color": "Brown",
        "Transform": {
          "posX": 30.2973232,
          "posY": 5.170057,
          "posZ": -10.6554365,
          "rotX": 0.0,
          "rotY": 270.0,
          "rotZ": 0.0,
          "scaleX": 11.661335,
          "scaleY": 9.174159,
          "scaleZ": 4.92036629
        }
      },
      {
        "Color": "Pink",
        "Transform": {
          "posX": 30.7437267,
          "posY": 5.170057,
          "posZ": 2.97550154,
          "rotX": 0.0,
          "rotY": 270.0,
          "rotZ": 0.0,
          "scaleX": 11.6592112,
          "scaleY": 9.174159,
          "scaleZ": 4.92094374
        }
      },
      {
        "Color": "Orange",
        "Transform": {
          "posX": 19.443491,
          "posY": 5.170057,
          "posZ": 19.6200027,
          "rotX": 0.0,
          "rotY": 180.0,
          "rotZ": 0.0,
          "scaleX": 11.7751827,
          "scaleY": 9.174159,
          "scaleZ": 4.871328
        }
      },
      {
        "Color": "White",
        "Transform": {
          "posX": -24.2201939,
          "posY": 5.170057,
          "posZ": 20.07978,
          "rotX": 0.0,
          "rotY": 180.0,
          "rotZ": 0.0,
          "scaleX": 11.7752495,
          "scaleY": 9.174159,
          "scaleZ": 4.87124872
        }
      }
    ]
  },
  "Turns": {
    "Enable": false,
    "Type": 0,
    "TurnOrder": [],
    "Reverse": false,
    "SkipEmpty": false,
    "DisableInteractions": false,
    "PassTurns": true,
    "TurnColor": ""
  },
  "TabStates": {
    "0": {
      "title": "Rules",
      "body": "",
      "color": "Grey",
      "visibleColor": {
        "r": 0.5,
        "g": 0.5,
        "b": 0.5
      },
      "id": 0
    },
    "1": {
      "title": "White",
      "body": "",
      "color": "White",
      "visibleColor": {
        "r": 1.0,
        "g": 1.0,
        "b": 1.0
      },
      "id": 1
    },
    "2": {
      "title": "Brown",
      "body": "",
      "color": "Brown",
      "visibleColor": {
        "r": 0.443,
        "g": 0.231,
        "b": 0.09
      },
      "id": 2
    },
    "3": {
      "title": "Red",
      "body": "",
      "color": "Red",
      "visibleColor": {
        "r": 0.856,
        "g": 0.1,
        "b": 0.094
      },
      "id": 3
    },
    "4": {
      "title": "Orange",
      "body": "",
      "color": "Orange",
      "visibleColor": {
        "r": 0.956,
        "g": 0.392,
        "b": 0.113
      },
      "id": 4
    },
    "5": {
      "title": "Yellow",
      "body": "",
      "color": "Yellow",
      "visibleColor": {
        "r": 0.905,
        "g": 0.898,
        "b": 0.172
      },
      "id": 5
    },
    "6": {
      "title": "Green",
      "body": "",
      "color": "Green",
      "visibleColor": {
        "r": 0.192,
        "g": 0.701,
        "b": 0.168
      },
      "id": 6
    },
    "7": {
      "title": "Blue",
      "body": "",
      "color": "Blue",
      "visibleColor": {
        "r": 0.118,
        "g": 0.53,
        "b": 1.0
      },
      "id": 7
    },
    "8": {
      "title": "Teal",
      "body": "",
      "color": "Teal",
      "visibleColor": {
        "r": 0.129,
        "g": 0.694,
        "b": 0.607
      },
      "id": 8
    },
    "9": {
      "title": "Purple",
      "body": "",
      "color": "Purple",
      "visibleColor": {
        "r": 0.627,
        "g": 0.125,
        "b": 0.941
      },
      "id": 9
    },
    "10": {
      "title": "Pink",
      "body": "",
      "color": "Pink",
      "visibleColor": {
        "r": 0.96,
        "g": 0.439,
        "b": 0.807
      },
      "id": 10
    },
    "11": {
      "title": "Black",
      "body": "",
      "color": "Black",
      "visibleColor": {
        "r": 0.25,
        "g": 0.25,
        "b": 0.25
      },
      "id": 11
    }
  },
  "DecalPallet": [],
  "ObjectStates": [
    {
      "Name": "Custom_Jigsaw_Puzzle",
      "Transform": {
        "posX": 0.0,
        "posY": 0.9220247,
        "posZ": 0.0,
        "rotX": 0.0,
        "rotY": 180.0,
        "rotZ": 0.0,
        "scaleX": 1.0,
        "scaleY": 1.0,
        "scaleZ": 1.0
      },
      "Nickname": "",
      "Description": "",
      "GMNotes": "",
      "ColorDiffuse": {
        "r": 0.7867647,
        "g": 0.7867647,
        "b": 0.7867647
      },
      "Locked": true,
      "Grid": true,
      "Snap": true,
      "IgnoreFoW": false,
      "MeasureMovement": false,
      "DragSelectable": true,
      "Autoraise": true,
      "Sticky": true,
      "Tooltip": true,
      "GridProjection": false,
      "HideWhenFaceDown": false,
      "Hands": false,
      "CustomImage": {
        "ImageURL": "",
        "ImageSecondaryURL": "",
        "ImageScalar": 1.0,
        "WidthScale": 0.0,
        "CustomJigsawPuzzle": {
          "NumPuzzlePieces": 80,
          "ImageOnBoard": true
        }
      },
      "LuaScript": "",
      "LuaScriptState": "",
      "XmlUI": "",
      "GUID": "dd744c"
    },
    {
      "Name": "JigsawPuzzleBox",
      "Transform": {
        "posX": -1.07998812,
        "posY": 9.852769,
        "posZ": 18.5395031,
        "rotX": 90.0,
        "rotY": 180.000015,
        "rotZ": 0.0,
        "scaleX": 1.0,
        "scaleY": 1.0,
        "scaleZ": 1.0
      },
      "Nickname": "",
      "Description": "",
      "GMNotes": "",
      "ColorDiffuse": {
        "r": 1.0,
        "g": 1.0,
        "b": 1.0
      },
      "Locked": false,
      "Grid": true,
      "Snap": true,
      "IgnoreFoW": false,
      "MeasureMovement": false,
      "DragSelectable": true,
      "Autoraise": true,
      "Sticky": true,
      "Tooltip": true,
      "GridProjection": false,
      "HideWhenFaceDown": false,
      "Hands": false,
      "LuaScript": "",
      "LuaScriptState": "",
      "XmlUI": "",
      "GUID": "8b43d8"
    },
    {
      "Name": "ScriptingTrigger",
      "Transform": {
        "posX": 0.118437767,
        "posY": 4.82593632,
        "posZ": -0.920191765,
        "rotX": 0.0,
        "rotY": 0.0,
        "rotZ": 0.0,
        "scaleX": 59.0420227,
        "scaleY": 5.1,
        "scaleZ": 39.18438
      },
      "Nickname": "",
      "Description": "",
      "GMNotes": "",
      "ColorDiffuse": {
        "r": 1.0,
        "g": 1.0,
        "b": 1.0
      },
      "Locked": true,
      "Grid": true,
      "Snap": true,
      "IgnoreFoW": false,
      "MeasureMovement": false,
      "DragSelectable": true,
      "Autoraise": true,
      "Sticky": true,
      "Tooltip": true,
      "GridProjection": false,
      "HideWhenFaceDown": false,
      "Hands": false,
      "LuaScript": "",
      "LuaScriptState": "",
      "XmlUI": "",
      "GUID": "bbcfe5"
    }
  ],
  "LuaScript": " piece_ok = {} score = {} color_player = {} player_color = {}  color_code = {White=\"[FFFFFF]\", Brown=\"[713B17]\", Red=\"[DA1A18]\", Orange=\"[F4641D]\", Yellow=\"[E7E52C]\", Green=\"[31B32B]\", Teal=\"[21B19B]\", Blue=\"[1E87FF]\", Purple=\"[A020F0]\", Pink=\"[F570CE]\", Grey=\"[808080]\", Black=\"[404040]\"} color_obj = {White={1, 1, 1}, Brown={0.443, 0.231, 0.09}, Red={0.856, 0.1, 0.094}, Orange={0.956, 0.392, 0.113}, Yellow={0.905, 0.898, 0.172}, Green={0.192, 0.701, 0.168}, Teal={0.129, 0.694, 0.607}, Blue={0.118, 0.53, 1}, Purple={0.627, 0.125, 0.941}, Pink={0.96, 0.439, 0.807}, Grey={0.5, 0.5, 0.5}, Black={0.25, 0.25, 0.25}} nb_piece = 0 nb_ok = 0  color_mode = false  start=false time_start=0 elapse = 0 function onLoad()     zone = getObjectFromGUID('bbcfe5')     puzzle  = getObjectFromGUID('dd744c')     puzzle.createButton({         click_function = \"switch_mode\",         function_owner = self,         label          = \"Switch color mode\",         position       = {-15, 2.8, -20},         rotation       = {0, 0, 0},         width          = 3000,         height         = 1000,         font_size      = 340,         color          = {0, 1, 0},         font_color     = {0, 0, 0},         tooltip        = \"Switch between normal and color mode\",     })     for i,player in pairs(Player.getPlayers()) do         score[player.steam_name] = 0         color_player[player.color] = player.steam_name         player_color[player.steam_name] = player.color     end     update_note() end  function onUpdate()     if start then         elapse = os.difftime(os.time(), time_start)         update_note()     end end  function onObjectSpawn( obj)     if not start then \t\tif(string.sub(obj.name,1,7)==\"JigsawP\")then \t\t\tnb_piece = nb_piece +1 \t\t\tupdate_note() \t\t\tWait.time(start_chrono, 2) \t\tend     end end  function start_chrono()     start = true     time_start = os.time() end  function onPlayerChangeColor(color)     for i,player in pairs(Player.getPlayers()) do         color_player[player.color] = player.steam_name         player_color[player.steam_name] = player.color     end     update_note()     if color_mode then draw_color() end end  function onPlayerConnect(player)     if not score[player.steam_name] then         score[player.steam_name] = 0         color_player[player.color] = player.steam_name         player_color[player.steam_name] = player.color     end     update_note() end  function onPlayerDisconnect(player)     if score[player.steam_name] == 0 then         score[player.steam_name]=nil         color_player[player.color]=nil         player_color[player.steam_name]=nil     end     update_note() end  function onObjectDrop( color,  obj) \tif(string.sub(obj.name,1,7)==\"JigsawP\")then \t\tWait.time(|| check_piece(color, obj), 0.5) \tend end  function check_piece(color, obj)     player = color_player[color]     data = obj.getCustomObject()     if(math.abs(obj.getRotation().y-180)<2 and math.abs(obj.getPosition().x-data.desired_position.x)<1 and math.abs(obj.getPosition().z-data.desired_position.z)<1)then         obj.setLock(true)         obj.setPositionSmooth({data.desired_position.x,1.61414, data.desired_position.z},true,false)         obj.setRotation({0,180,0})         if not piece_ok[obj.getGUID()] then             score[player] = score[player] +1             piece_ok[obj.getGUID()] = player             nb_ok = nb_ok +1             obj.setColorTint(color_obj[color])             if not color_mode then                 Wait.time(|| remove_color(obj), 1)             end             update_note()             if nb_ok == nb_piece then                 finish()             end         end     end end  function switch_mode(obj, color, alt_click)     if color_mode then         color_mode = false         remove_all_color()     else         color_mode = true         draw_color()     end end  function draw_color()     for id, player in pairs(piece_ok) do         obj = getObjectFromGUID(id)         obj.setColorTint(color_obj[player_color[player]])     end end  function finish()     start = false     color_mode = true     Wait.time(draw_color, 1.2)     table.sort(score, function(a,b) return a>b end)     point_max = 0     for player, point in pairs(score) do             if point> point_max then                 player_max = player                 point_max = point             end     end     pourcent = string.format(\"%02.2f\",point_max/nb_piece*100)     temps = os.date(\"*t\", elapse)     broadcastToAll(player_max..\" won with \"..point_max..\" pieces(\"..pourcent..\" %) in \"..temps.min..\" min \"..temps.sec..\" s\",color_obj[player_color[player_max]]) end  function remove_all_color()     for id, player in pairs(piece_ok) do         obj = getObjectFromGUID(id)         obj.setColorTint({1,1,1})     end end function remove_color(obj)     obj.setColorTint({1,1,1}) end  function sort()     list = {}     for player, point in pairs(score) do         table.insert(list, {pseudo=player,point=point,color=player_color[player]})     end     table.sort(list, function(a,b) return a.point>b.point end)     return list end  function update_note()     entete = \"____Jigsaw Battle____[-]\\n\\n\"     if nb_piece == 0 or nb_piece == 1 then         puzzle_info = nb_piece..\" piece puzzle       \\n\"     else         puzzle_info = nb_piece..\" pieces puzzle       \\n\"     end     if nb_piece-nb_ok == 0 or nb_piece-nb_ok == 1 then         info = nb_piece-nb_ok..\" piece remaining    \\n\"     else         info = nb_piece-nb_ok..\" pieces remaining    \\n\"     end     temps = os.date(\"*t\", elapse)     info = info..\"\\n Time : \"..temps.min..\" min \"..temps.sec..\" s      \\n\"     tab = \"____________________\\n\"     classement = sort()     for i,player in pairs(classement) do         pourcent = string.format(\"%02.2f\",player.point/nb_piece*100) \t\tif(pourcent=='-NaN')then \t\t\tpourcent=0; \t\tend         if player.point == 0 or player.point == 1 then             tab = tab..color_code[player.color]..player.pseudo..\" : \"..player.point..\" piece (\"..pourcent..\" %)[-]\\n\"         else             tab = tab..color_code[player.color]..player.pseudo..\" : \"..player.point..\" pieces (\"..pourcent..\" %)[-]\\n\"         end     end     Notes.setNotes(entete..puzzle_info..info..tab..\"____________________\\nScript by : [31B32B]K-ion[-]\") end",
  "LuaScriptState": "",
  "XmlUI": "<!-- Xml UI. See documentation: https://api.tabletopsimulator.com/ui/introUI/ -->",
  "VersionNumber": "v11.1"
}