{
  "SaveName": "Tabletop Rollerball",
  "GameMode": "None",
  "Date": "9/25/2015 8:56:37 PM",
  "Gravity": 0.5,
  "PlayArea": 0.5,
  "GameType": "",
  "GameComplexity": "",
  "Tags": [],
  "Table": "Table_Hexagon",
  "Sky": "Sky_Downtown",
  "SkyURL": "https://www.dropbox.com/s/jr496cxbn0j3ssy/Milkyway_BG.jpg?dl=1",
  "Note": "Welcome to                    \nTabletop Rollerball             \n\n• Rules:  see Menu/Rules       \n• How to play:                         \nAll players shoot                   \nsimultanously                        \nUse Flick-Tool (F6)  to shoot \nthe white balls against the \nbig black ball to move it.     \nDon't touch or flick the         \nblack ball                               \n• Have \r\rfun !                              ",
  "Rules": "Tabletop Rollerball\n- the Rapid Fire Shoot-out game for 2 or 4 players.\n\n•Your goal is to shoot the big black ball into your opponent's  endzone. \r\n The catch? Only flick the little white balls against the black  ball to move it. Don't touch or flick the black ball!\r\n Both players flick simultanously.\n•Setup\n Use Hand Tool (F1) to select all balls (just click and drag over  the complete table to draw a rectangle)\n Shake all balls and let them fall at the center of the table.\n Take the black ball and move it to the center \n•Playing the game: \n Switch to Flick-mode (F6)\n The game is played in 5 rounds.\r\n At the start of each round, the balls are rearranged \n (see  setup)  \r\n All players play at the same time.\r\n They flick white balls against the big black ball to shoot it\n into the opponents endzone (off the table).\r\r\n•Winning the game: The best of five rounds wins the game.\r\r\n",
  "Grid": {
    "Type": 0,
    "Lines": false,
    "Color": {
      "r": 0.0,
      "g": 0.0,
      "b": 0.0
    },
    "Opacity": 0.75,
    "ThickLines": false,
    "Snapping": false,
    "Offset": false,
    "BothSnapping": false,
    "xSize": 0.5,
    "ySize": 0.5,
    "PosOffset": {
      "x": 0.0,
      "y": 1.0,
      "z": 0.0
    }
  },
  "Hands": {
    "Enable": true,
    "DisableUnused": false,
    "Hiding": 0
  },
  "TabStates": {},
  "ObjectStates": [
    {
      "Name": "Chinese_Checkers_Piece",
      "Transform": {
        "posX": 0.1542527,
        "posY": 2.09417272,
        "posZ": -0.0989751145,
        "rotX": 359.792328,
        "rotY": 194.997452,
        "rotZ": 185.921127,
        "scaleX": 2.75,
        "scaleY": 2.75,
        "scaleZ": 2.75
      },
      "Nickname": "",
      "Description": "",
      "GMNotes": "",
      "ColorDiffuse": {
        "r": 0.0,
        "g": 0.0,
        "b": 0.0
      },
      "Locked": false,
      "Grid": true,
      "Snap": true,
      "IgnoreFoW": false,
      "MeasureMovement": false,
      "DragSelectable": true,
      "Autoraise": true,
      "Sticky": true,
      "Tooltip": true,
      "GridProjection": false,
      "MaterialIndex": 0,
      "LuaScript": "",
      "LuaScriptState": "",
      "XmlUI": "",
      "PhysicsMaterial": {
        "StaticFriction": 1.0,
        "DynamicFriction": 1.0,
        "Bounciness": 0.0,
        "FrictionCombine": 0,
        "BounceCombine": 0
      },
      "Rigidbody": {
        "Mass": 12.0,
        "Drag": 0.1,
        "AngularDrag": 0.1,
        "UseGravity": true
      },
      "GUID": "913aac"
    },
    {
      "Name": "Chinese_Checkers_Piece",
      "Transform": {
        "posX": -4.177886,
        "posY": 1.37051475,
        "posZ": -12.5193777,
        "rotX": 331.86853,
        "rotY": 226.815033,
        "rotZ": 227.324371,
        "scaleX": 1.0,
        "scaleY": 1.0,
        "scaleZ": 1.0
      },
      "Nickname": "",
      "Description": "",
      "GMNotes": "",
      "ColorDiffuse": {
        "r": 0.786819041,
        "g": 0.786819041,
        "b": 0.786819041
      },
      "Locked": false,
      "Grid": true,
      "Snap": true,
      "IgnoreFoW": false,
      "MeasureMovement": false,
      "DragSelectable": true,
      "Autoraise": true,
      "Sticky": true,
      "Tooltip": true,
      "GridProjection": false,
      "MaterialIndex": 0,
      "LuaScript": "",
      "LuaScriptState": "",
      "XmlUI": "",
      "GUID": "d5ea6b"
    },
    {
      "Name": "Chinese_Checkers_Piece",
      "Transform": {
        "posX": 2.93002868,
        "posY": 1.37051678,
        "posZ": -1.31511819,
        "rotX": 15.2501268,
        "rotY": 105.67469,
        "rotZ": 5.029498,
        "scaleX": 1.0,
        "scaleY": 1.0,
        "scaleZ": 1.0
      },
      "Nickname": "",
      "Description": "",
      "GMNotes": "",
      "ColorDiffuse": {
        "r": 0.7868251,
        "g": 0.7868251,
        "b": 0.7868251
      },
      "Locked": false,
      "Grid": true,
      "Snap": true,
      "IgnoreFoW": false,
      "MeasureMovement": false,
      "DragSelectable": true,
      "Autoraise": true,
      "Sticky": true,
      "Tooltip": true,
      "GridProjection": false,
      "MaterialIndex": 0,
      "LuaScript": "",
      "LuaScriptState": "",
      "XmlUI": "",
      "GUID": "b31b3c"
    },
    {
      "Name": "Chinese_Checkers_Piece",
      "Transform": {
        "posX": -8.452212,
        "posY": 1.37051451,
        "posZ": -6.03507757,
        "rotX": 301.5728,
        "rotY": 130.404709,
        "rotZ": 77.06426,
        "scaleX": 1.0,
        "scaleY": 1.0,
        "scaleZ": 1.0
      },
      "Nickname": "",
      "Description": "",
      "GMNotes": "",
      "ColorDiffuse": {
        "r": 0.7868251,
        "g": 0.7868251,
        "b": 0.7868251
      },
      "Locked": false,
      "Grid": true,
      "Snap": true,
      "IgnoreFoW": false,
      "MeasureMovement": false,
      "DragSelectable": true,
      "Autoraise": true,
      "Sticky": true,
      "Tooltip": true,
      "GridProjection": false,
      "MaterialIndex": 0,
      "LuaScript": "",
      "LuaScriptState": "",
      "XmlUI": "",
      "GUID": "3a80a6"
    },
    {
      "Name": "Chinese_Checkers_Piece",
      "Transform": {
        "posX": 5.87219,
        "posY": 1.37051678,
        "posZ": -0.3325748,
        "rotX": 5.728436,
        "rotY": 21.2442379,
        "rotZ": 328.999146,
        "scaleX": 1.0,
        "scaleY": 1.0,
        "scaleZ": 1.0
      },
      "Nickname": "",
      "Description": "",
      "GMNotes": "",
      "ColorDiffuse": {
        "r": 0.7868251,
        "g": 0.7868251,
        "b": 0.7868251
      },
      "Locked": false,
      "Grid": true,
      "Snap": true,
      "IgnoreFoW": false,
      "MeasureMovement": false,
      "DragSelectable": true,
      "Autoraise": true,
      "Sticky": true,
      "Tooltip": true,
      "GridProjection": false,
      "MaterialIndex": 0,
      "LuaScript": "",
      "LuaScriptState": "",
      "XmlUI": "",
      "GUID": "3b91a6"
    },
    {
      "Name": "Chinese_Checkers_Piece",
      "Transform": {
        "posX": 6.81469727,
        "posY": 1.37051654,
        "posZ": -2.930592,
        "rotX": 292.964233,
        "rotY": 11.9162664,
        "rotZ": 316.265961,
        "scaleX": 1.0,
        "scaleY": 1.0,
        "scaleZ": 1.0
      },
      "Nickname": "",
      "Description": "",
      "GMNotes": "",
      "ColorDiffuse": {
        "r": 0.7868251,
        "g": 0.7868251,
        "b": 0.7868251
      },
      "Locked": false,
      "Grid": true,
      "Snap": true,
      "IgnoreFoW": false,
      "MeasureMovement": false,
      "DragSelectable": true,
      "Autoraise": true,
      "Sticky": true,
      "Tooltip": true,
      "GridProjection": false,
      "MaterialIndex": 0,
      "LuaScript": "",
      "LuaScriptState": "",
      "XmlUI": "",
      "GUID": "c75fc4"
    },
    {
      "Name": "Chinese_Checkers_Piece",
      "Transform": {
        "posX": 0.8178875,
        "posY": 1.37051535,
        "posZ": -9.661681,
        "rotX": 308.094055,
        "rotY": 276.824036,
        "rotZ": 86.21073,
        "scaleX": 1.0,
        "scaleY": 1.0,
        "scaleZ": 1.0
      },
      "Nickname": "",
      "Description": "",
      "GMNotes": "",
      "ColorDiffuse": {
        "r": 0.7868251,
        "g": 0.7868251,
        "b": 0.7868251
      },
      "Locked": false,
      "Grid": true,
      "Snap": true,
      "IgnoreFoW": false,
      "MeasureMovement": false,
      "DragSelectable": true,
      "Autoraise": true,
      "Sticky": true,
      "Tooltip": true,
      "GridProjection": false,
      "MaterialIndex": 0,
      "LuaScript": "",
      "LuaScriptState": "",
      "XmlUI": "",
      "GUID": "f9ac5b"
    },
    {
      "Name": "Chinese_Checkers_Piece",
      "Transform": {
        "posX": -0.396740943,
        "posY": 1.37051618,
        "posZ": -6.4733963,
        "rotX": -0.000417458621,
        "rotY": 105.000183,
        "rotZ": 179.937439,
        "scaleX": 1.0,
        "scaleY": 1.0,
        "scaleZ": 1.0
      },
      "Nickname": "",
      "Description": "",
      "GMNotes": "",
      "ColorDiffuse": {
        "r": 0.7868251,
        "g": 0.7868251,
        "b": 0.7868251
      },
      "Locked": false,
      "Grid": true,
      "Snap": true,
      "IgnoreFoW": false,
      "MeasureMovement": false,
      "DragSelectable": true,
      "Autoraise": true,
      "Sticky": true,
      "Tooltip": true,
      "GridProjection": false,
      "MaterialIndex": 0,
      "LuaScript": "",
      "LuaScriptState": "",
      "XmlUI": "",
      "GUID": "22f7ba"
    },
    {
      "Name": "Chinese_Checkers_Piece",
      "Transform": {
        "posX": -5.461161,
        "posY": 1.37051749,
        "posZ": 1.87791121,
        "rotX": 0.02287329,
        "rotY": 119.998924,
        "rotZ": 179.9563,
        "scaleX": 1.0,
        "scaleY": 1.0,
        "scaleZ": 1.0
      },
      "Nickname": "",
      "Description": "",
      "GMNotes": "",
      "ColorDiffuse": {
        "r": 0.7868251,
        "g": 0.7868251,
        "b": 0.7868251
      },
      "Locked": false,
      "Grid": true,
      "Snap": true,
      "IgnoreFoW": false,
      "MeasureMovement": false,
      "DragSelectable": true,
      "Autoraise": true,
      "Sticky": true,
      "Tooltip": true,
      "GridProjection": false,
      "MaterialIndex": 0,
      "LuaScript": "",
      "LuaScriptState": "",
      "XmlUI": "",
      "GUID": "9c3d3c"
    },
    {
      "Name": "Chinese_Checkers_Piece",
      "Transform": {
        "posX": 9.206079,
        "posY": 1.37051868,
        "posZ": 5.44806767,
        "rotX": 0.006281592,
        "rotY": 60.0063667,
        "rotZ": 359.9729,
        "scaleX": 1.0,
        "scaleY": 1.0,
        "scaleZ": 1.0
      },
      "Nickname": "",
      "Description": "",
      "GMNotes": "",
      "ColorDiffuse": {
        "r": 0.7868251,
        "g": 0.7868251,
        "b": 0.7868251
      },
      "Locked": false,
      "Grid": true,
      "Snap": true,
      "IgnoreFoW": false,
      "MeasureMovement": false,
      "DragSelectable": true,
      "Autoraise": true,
      "Sticky": true,
      "Tooltip": true,
      "GridProjection": false,
      "MaterialIndex": 0,
      "LuaScript": "",
      "LuaScriptState": "",
      "XmlUI": "",
      "GUID": "4e07d1"
    },
    {
      "Name": "Chinese_Checkers_Piece",
      "Transform": {
        "posX": 13.2713709,
        "posY": 1.37051821,
        "posZ": 1.730364,
        "rotX": 278.4631,
        "rotY": 221.251083,
        "rotZ": 358.3145,
        "scaleX": 1.0,
        "scaleY": 1.0,
        "scaleZ": 1.0
      },
      "Nickname": "",
      "Description": "",
      "GMNotes": "",
      "ColorDiffuse": {
        "r": 0.7868251,
        "g": 0.7868251,
        "b": 0.7868251
      },
      "Locked": false,
      "Grid": true,
      "Snap": true,
      "IgnoreFoW": false,
      "MeasureMovement": false,
      "DragSelectable": true,
      "Autoraise": true,
      "Sticky": true,
      "Tooltip": true,
      "GridProjection": false,
      "MaterialIndex": 0,
      "LuaScript": "",
      "LuaScriptState": "",
      "XmlUI": "",
      "GUID": "c0647a"
    },
    {
      "Name": "Chinese_Checkers_Piece",
      "Transform": {
        "posX": -6.875811,
        "posY": 1.37051737,
        "posZ": 7.330797,
        "rotX": 359.3935,
        "rotY": 329.9962,
        "rotZ": 359.858917,
        "scaleX": 1.0,
        "scaleY": 1.0,
        "scaleZ": 1.0
      },
      "Nickname": "",
      "Description": "",
      "GMNotes": "",
      "ColorDiffuse": {
        "r": 0.7868251,
        "g": 0.7868251,
        "b": 0.7868251
      },
      "Locked": false,
      "Grid": true,
      "Snap": true,
      "IgnoreFoW": false,
      "MeasureMovement": false,
      "DragSelectable": true,
      "Autoraise": true,
      "Sticky": true,
      "Tooltip": true,
      "GridProjection": false,
      "MaterialIndex": 0,
      "LuaScript": "",
      "LuaScriptState": "",
      "XmlUI": "",
      "GUID": "a9bd35"
    },
    {
      "Name": "Chinese_Checkers_Piece",
      "Transform": {
        "posX": -6.33757162,
        "posY": 1.37051618,
        "posZ": -2.12985158,
        "rotX": 55.7024155,
        "rotY": 71.6595154,
        "rotZ": 354.3396,
        "scaleX": 1.0,
        "scaleY": 1.0,
        "scaleZ": 1.0
      },
      "Nickname": "",
      "Description": "",
      "GMNotes": "",
      "ColorDiffuse": {
        "r": 0.7868251,
        "g": 0.7868251,
        "b": 0.7868251
      },
      "Locked": false,
      "Grid": true,
      "Snap": true,
      "IgnoreFoW": false,
      "MeasureMovement": false,
      "DragSelectable": true,
      "Autoraise": true,
      "Sticky": true,
      "Tooltip": true,
      "GridProjection": false,
      "MaterialIndex": 0,
      "LuaScript": "",
      "LuaScriptState": "",
      "XmlUI": "",
      "GUID": "af9855"
    },
    {
      "Name": "Chinese_Checkers_Piece",
      "Transform": {
        "posX": -6.648985,
        "posY": 1.37051511,
        "posZ": -10.9203,
        "rotX": 20.8474865,
        "rotY": 329.99823,
        "rotZ": 288.4874,
        "scaleX": 1.0,
        "scaleY": 1.0,
        "scaleZ": 1.0
      },
      "Nickname": "",
      "Description": "",
      "GMNotes": "",
      "ColorDiffuse": {
        "r": 0.7868251,
        "g": 0.7868251,
        "b": 0.7868251
      },
      "Locked": false,
      "Grid": true,
      "Snap": true,
      "IgnoreFoW": false,
      "MeasureMovement": false,
      "DragSelectable": true,
      "Autoraise": true,
      "Sticky": true,
      "Tooltip": true,
      "GridProjection": false,
      "MaterialIndex": 0,
      "LuaScript": "",
      "LuaScriptState": "",
      "XmlUI": "",
      "GUID": "a0ffdf"
    },
    {
      "Name": "Chinese_Checkers_Piece",
      "Transform": {
        "posX": 6.75683928,
        "posY": 1.37051582,
        "posZ": -12.6677608,
        "rotX": 47.7559166,
        "rotY": 201.752655,
        "rotZ": 87.5861,
        "scaleX": 1.0,
        "scaleY": 1.0,
        "scaleZ": 1.0
      },
      "Nickname": "",
      "Description": "",
      "GMNotes": "",
      "ColorDiffuse": {
        "r": 0.7868251,
        "g": 0.7868251,
        "b": 0.7868251
      },
      "Locked": false,
      "Grid": true,
      "Snap": true,
      "IgnoreFoW": false,
      "MeasureMovement": false,
      "DragSelectable": true,
      "Autoraise": true,
      "Sticky": true,
      "Tooltip": true,
      "GridProjection": false,
      "MaterialIndex": 0,
      "LuaScript": "",
      "LuaScriptState": "",
      "XmlUI": "",
      "GUID": "a4fb96"
    },
    {
      "Name": "Chinese_Checkers_Piece",
      "Transform": {
        "posX": -1.69147623,
        "posY": 1.37051845,
        "posZ": 5.302877,
        "rotX": 326.711029,
        "rotY": 185.903122,
        "rotZ": 332.177551,
        "scaleX": 1.0,
        "scaleY": 1.0,
        "scaleZ": 1.0
      },
      "Nickname": "",
      "Description": "",
      "GMNotes": "",
      "ColorDiffuse": {
        "r": 0.786831141,
        "g": 0.786831141,
        "b": 0.786831141
      },
      "Locked": false,
      "Grid": true,
      "Snap": true,
      "IgnoreFoW": false,
      "MeasureMovement": false,
      "DragSelectable": true,
      "Autoraise": true,
      "Sticky": true,
      "Tooltip": true,
      "GridProjection": false,
      "MaterialIndex": 0,
      "LuaScript": "",
      "LuaScriptState": "",
      "XmlUI": "",
      "GUID": "220c3e"
    },
    {
      "Name": "Chinese_Checkers_Piece",
      "Transform": {
        "posX": 13.1470957,
        "posY": 1.37051761,
        "posZ": -0.404344469,
        "rotX": 314.149628,
        "rotY": 288.9716,
        "rotZ": 105.774635,
        "scaleX": 1.0,
        "scaleY": 1.0,
        "scaleZ": 1.0
      },
      "Nickname": "",
      "Description": "",
      "GMNotes": "",
      "ColorDiffuse": {
        "r": 0.786831141,
        "g": 0.786831141,
        "b": 0.786831141
      },
      "Locked": false,
      "Grid": true,
      "Snap": true,
      "IgnoreFoW": false,
      "MeasureMovement": false,
      "DragSelectable": true,
      "Autoraise": true,
      "Sticky": true,
      "Tooltip": true,
      "GridProjection": false,
      "MaterialIndex": 0,
      "LuaScript": "",
      "LuaScriptState": "",
      "XmlUI": "",
      "GUID": "3b6afb"
    },
    {
      "Name": "Chinese_Checkers_Piece",
      "Transform": {
        "posX": 6.91632843,
        "posY": 1.37051606,
        "posZ": -7.88309145,
        "rotX": 19.3167686,
        "rotY": 115.491455,
        "rotZ": 354.838043,
        "scaleX": 1.0,
        "scaleY": 1.0,
        "scaleZ": 1.0
      },
      "Nickname": "",
      "Description": "",
      "GMNotes": "",
      "ColorDiffuse": {
        "r": 0.786831141,
        "g": 0.786831141,
        "b": 0.786831141
      },
      "Locked": false,
      "Grid": true,
      "Snap": true,
      "IgnoreFoW": false,
      "MeasureMovement": false,
      "DragSelectable": true,
      "Autoraise": true,
      "Sticky": true,
      "Tooltip": true,
      "GridProjection": false,
      "MaterialIndex": 0,
      "LuaScript": "",
      "LuaScriptState": "",
      "XmlUI": "",
      "GUID": "8fc40f"
    },
    {
      "Name": "Chinese_Checkers_Piece",
      "Transform": {
        "posX": -11.0603075,
        "posY": 1.3705157,
        "posZ": 3.87914324,
        "rotX": 0.342420429,
        "rotY": 133.252182,
        "rotZ": 4.062829,
        "scaleX": 1.0,
        "scaleY": 1.0,
        "scaleZ": 1.0
      },
      "Nickname": "",
      "Description": "",
      "GMNotes": "",
      "ColorDiffuse": {
        "r": 0.786831141,
        "g": 0.786831141,
        "b": 0.786831141
      },
      "Locked": false,
      "Grid": true,
      "Snap": true,
      "IgnoreFoW": false,
      "MeasureMovement": false,
      "DragSelectable": true,
      "Autoraise": true,
      "Sticky": true,
      "Tooltip": true,
      "GridProjection": false,
      "MaterialIndex": 0,
      "LuaScript": "",
      "LuaScriptState": "",
      "XmlUI": "",
      "GUID": "276c33"
    },
    {
      "Name": "Chinese_Checkers_Piece",
      "Transform": {
        "posX": -7.132815,
        "posY": 1.370514,
        "posZ": -13.0749559,
        "rotX": 333.464752,
        "rotY": 74.3608856,
        "rotZ": 255.370743,
        "scaleX": 1.0,
        "scaleY": 1.0,
        "scaleZ": 1.0
      },
      "Nickname": "",
      "Description": "",
      "GMNotes": "",
      "ColorDiffuse": {
        "r": 0.786831141,
        "g": 0.786831141,
        "b": 0.786831141
      },
      "Locked": false,
      "Grid": true,
      "Snap": true,
      "IgnoreFoW": false,
      "MeasureMovement": false,
      "DragSelectable": true,
      "Autoraise": true,
      "Sticky": true,
      "Tooltip": true,
      "GridProjection": false,
      "MaterialIndex": 0,
      "LuaScript": "",
      "LuaScriptState": "",
      "XmlUI": "",
      "GUID": "5d9d0d"
    },
    {
      "Name": "Chinese_Checkers_Piece",
      "Transform": {
        "posX": 7.694401,
        "posY": 1.37052035,
        "posZ": 9.075019,
        "rotX": 351.51886,
        "rotY": 302.1644,
        "rotZ": 37.11674,
        "scaleX": 1.0,
        "scaleY": 1.0,
        "scaleZ": 1.0
      },
      "Nickname": "",
      "Description": "",
      "GMNotes": "",
      "ColorDiffuse": {
        "r": 0.786831141,
        "g": 0.786831141,
        "b": 0.786831141
      },
      "Locked": false,
      "Grid": true,
      "Snap": true,
      "IgnoreFoW": false,
      "MeasureMovement": false,
      "DragSelectable": true,
      "Autoraise": true,
      "Sticky": true,
      "Tooltip": true,
      "GridProjection": false,
      "MaterialIndex": 0,
      "LuaScript": "",
      "LuaScriptState": "",
      "XmlUI": "",
      "GUID": "8fc31e"
    },
    {
      "Name": "Chinese_Checkers_Piece",
      "Transform": {
        "posX": 2.37781,
        "posY": 1.37052,
        "posZ": 9.072293,
        "rotX": 330.94577,
        "rotY": 291.505768,
        "rotZ": 291.990326,
        "scaleX": 1.0,
        "scaleY": 1.0,
        "scaleZ": 1.0
      },
      "Nickname": "",
      "Description": "",
      "GMNotes": "",
      "ColorDiffuse": {
        "r": 0.786831141,
        "g": 0.786831141,
        "b": 0.786831141
      },
      "Locked": false,
      "Grid": true,
      "Snap": true,
      "IgnoreFoW": false,
      "MeasureMovement": false,
      "DragSelectable": true,
      "Autoraise": true,
      "Sticky": true,
      "Tooltip": true,
      "GridProjection": false,
      "MaterialIndex": 0,
      "LuaScript": "",
      "LuaScriptState": "",
      "XmlUI": "",
      "GUID": "a59bfa"
    },
    {
      "Name": "Chinese_Checkers_Piece",
      "Transform": {
        "posX": 4.039219,
        "posY": 1.37051547,
        "posZ": -9.362417,
        "rotX": 300.239655,
        "rotY": 67.06237,
        "rotZ": 242.3055,
        "scaleX": 1.0,
        "scaleY": 1.0,
        "scaleZ": 1.0
      },
      "Nickname": "",
      "Description": "",
      "GMNotes": "",
      "ColorDiffuse": {
        "r": 0.786831141,
        "g": 0.786831141,
        "b": 0.786831141
      },
      "Locked": false,
      "Grid": true,
      "Snap": true,
      "IgnoreFoW": false,
      "MeasureMovement": false,
      "DragSelectable": true,
      "Autoraise": true,
      "Sticky": true,
      "Tooltip": true,
      "GridProjection": false,
      "MaterialIndex": 0,
      "LuaScript": "",
      "LuaScriptState": "",
      "XmlUI": "",
      "GUID": "e0a902"
    },
    {
      "Name": "Chinese_Checkers_Piece",
      "Transform": {
        "posX": -0.323029816,
        "posY": 1.37051821,
        "posZ": 11.0634146,
        "rotX": 0.007898669,
        "rotY": 150.002075,
        "rotZ": 179.987488,
        "scaleX": 1.0,
        "scaleY": 1.0,
        "scaleZ": 1.0
      },
      "Nickname": "",
      "Description": "",
      "GMNotes": "",
      "ColorDiffuse": {
        "r": 0.786831141,
        "g": 0.786831141,
        "b": 0.786831141
      },
      "Locked": false,
      "Grid": true,
      "Snap": true,
      "IgnoreFoW": false,
      "MeasureMovement": false,
      "DragSelectable": true,
      "Autoraise": true,
      "Sticky": true,
      "Tooltip": true,
      "GridProjection": false,
      "MaterialIndex": 0,
      "LuaScript": "",
      "LuaScriptState": "",
      "XmlUI": "",
      "GUID": "5eb29c"
    },
    {
      "Name": "Chinese_Checkers_Piece",
      "Transform": {
        "posX": 10.3929691,
        "posY": 1.37051666,
        "posZ": -5.94840336,
        "rotX": 46.6077843,
        "rotY": 235.14975,
        "rotZ": 237.431671,
        "scaleX": 1.0,
        "scaleY": 1.0,
        "scaleZ": 1.0
      },
      "Nickname": "",
      "Description": "",
      "GMNotes": "",
      "ColorDiffuse": {
        "r": 0.786831141,
        "g": 0.786831141,
        "b": 0.786831141
      },
      "Locked": false,
      "Grid": true,
      "Snap": true,
      "IgnoreFoW": false,
      "MeasureMovement": false,
      "DragSelectable": true,
      "Autoraise": true,
      "Sticky": true,
      "Tooltip": true,
      "GridProjection": false,
      "MaterialIndex": 0,
      "LuaScript": "",
      "LuaScriptState": "",
      "XmlUI": "",
      "GUID": "684662"
    },
    {
      "Name": "Chinese_Checkers_Piece",
      "Transform": {
        "posX": -5.566481,
        "posY": 1.370518,
        "posZ": 13.073122,
        "rotX": 25.6246166,
        "rotY": 65.66907,
        "rotZ": 118.291023,
        "scaleX": 1.0,
        "scaleY": 1.0,
        "scaleZ": 1.0
      },
      "Nickname": "",
      "Description": "",
      "GMNotes": "",
      "ColorDiffuse": {
        "r": 0.786831141,
        "g": 0.786831141,
        "b": 0.786831141
      },
      "Locked": false,
      "Grid": true,
      "Snap": true,
      "IgnoreFoW": false,
      "MeasureMovement": false,
      "DragSelectable": true,
      "Autoraise": true,
      "Sticky": true,
      "Tooltip": true,
      "GridProjection": false,
      "MaterialIndex": 0,
      "LuaScript": "",
      "LuaScriptState": "",
      "XmlUI": "",
      "GUID": "f0ac10"
    },
    {
      "Name": "Custom_Model",
      "Transform": {
        "posX": -1.10198021,
        "posY": 3.39666653,
        "posZ": -2.30700541,
        "rotX": 0.000167769322,
        "rotY": 120.002411,
        "rotZ": -2.40279678E-05,
        "scaleX": 2.0,
        "scaleY": 1.0,
        "scaleZ": 2.0
      },
      "Nickname": "",
      "Description": "",
      "GMNotes": "",
      "ColorDiffuse": {
        "r": 0.9999999,
        "g": 0.9999999,
        "b": 0.9999999
      },
      "Locked": true,
      "Grid": true,
      "Snap": true,
      "IgnoreFoW": false,
      "MeasureMovement": false,
      "DragSelectable": true,
      "Autoraise": true,
      "Sticky": true,
      "Tooltip": true,
      "GridProjection": false,
      "CustomMesh": {
        "MeshURL": "https://www.dropbox.com/s/z5pt173u0ndas49/RBWall.obj?dl=1",
        "DiffuseURL": "https://www.dropbox.com/s/12e0caj5qn9l498/RBWallTex.jpg?dl=1",
        "NormalURL": "",
        "ColliderURL": "https://www.dropbox.com/s/z5pt173u0ndas49/RBWall.obj?dl=1",
        "Convex": false,
        "MaterialIndex": 2,
        "TypeIndex": 0,
        "CastShadows": true
      },
      "LuaScript": "",
      "LuaScriptState": "",
      "XmlUI": "",
      "GUID": "31242f"
    },
    {
      "Name": "Custom_Model",
      "Transform": {
        "posX": 0.9904413,
        "posY": 3.399747,
        "posZ": 2.39476347,
        "rotX": 9.98455944E-05,
        "rotY": 299.9794,
        "rotZ": -1.65061956E-05,
        "scaleX": 2.0,
        "scaleY": 1.0,
        "scaleZ": 2.0
      },
      "Nickname": "",
      "Description": "",
      "GMNotes": "",
      "ColorDiffuse": {
        "r": 0.9999999,
        "g": 0.9999999,
        "b": 0.9999999
      },
      "Locked": true,
      "Grid": true,
      "Snap": true,
      "IgnoreFoW": false,
      "MeasureMovement": false,
      "DragSelectable": true,
      "Autoraise": true,
      "Sticky": true,
      "Tooltip": true,
      "GridProjection": false,
      "CustomMesh": {
        "MeshURL": "https://www.dropbox.com/s/z5pt173u0ndas49/RBWall.obj?dl=1",
        "DiffuseURL": "https://www.dropbox.com/s/12e0caj5qn9l498/RBWallTex.jpg?dl=1",
        "NormalURL": "",
        "ColliderURL": "https://www.dropbox.com/s/z5pt173u0ndas49/RBWall.obj?dl=1",
        "Convex": false,
        "MaterialIndex": 2,
        "TypeIndex": 0,
        "CastShadows": true
      },
      "LuaScript": "",
      "LuaScriptState": "",
      "XmlUI": "",
      "GUID": "200625"
    },
    {
      "Name": "Counter",
      "Transform": {
        "posX": -0.405441254,
        "posY": 7.023686,
        "posZ": -18.3066483,
        "rotX": 299.984467,
        "rotY": 180.000031,
        "rotZ": -1.1404459E-11,
        "scaleX": 1.25,
        "scaleY": 1.25,
        "scaleZ": 1.25
      },
      "Nickname": "",
      "Description": "",
      "GMNotes": "",
      "ColorDiffuse": {
        "r": 0.99999994,
        "g": 0.99999994,
        "b": 0.6008374
      },
      "Locked": true,
      "Grid": true,
      "Snap": true,
      "IgnoreFoW": false,
      "MeasureMovement": false,
      "DragSelectable": true,
      "Autoraise": true,
      "Sticky": true,
      "Tooltip": true,
      "GridProjection": false,
      "Counter": {
        "value": 0
      },
      "LuaScript": "",
      "LuaScriptState": "",
      "XmlUI": "",
      "GUID": "c74ee1"
    },
    {
      "Name": "Counter",
      "Transform": {
        "posX": 0.5159282,
        "posY": 7.34189272,
        "posZ": 18.4960823,
        "rotX": 299.988373,
        "rotY": -8.244766E-14,
        "rotZ": 3.0157778E-14,
        "scaleX": 1.25,
        "scaleY": 1.25,
        "scaleZ": 1.25
      },
      "Nickname": "",
      "Description": "",
      "GMNotes": "",
      "ColorDiffuse": {
        "r": 0.99999994,
        "g": 0.99999994,
        "b": 0.6008374
      },
      "Locked": true,
      "Grid": true,
      "Snap": true,
      "IgnoreFoW": false,
      "MeasureMovement": false,
      "DragSelectable": true,
      "Autoraise": true,
      "Sticky": true,
      "Tooltip": true,
      "GridProjection": false,
      "Counter": {
        "value": 0
      },
      "LuaScript": "",
      "LuaScriptState": "",
      "XmlUI": "",
      "GUID": "933e3c"
    }
  ],
  "LuaScript": "",
  "LuaScriptState": "",
  "XmlUI": "",
  "VectorLines": [],
  "VersionNumber": ""
}