{
  "SaveName": "Domino Chain [Scripted]",
  "GameMode": "Domino",
  "Date": "3/19/2016 10:42:18 AM",
  "Gravity": 0.5,
  "PlayArea": 0.5,
  "GameType": "",
  "GameComplexity": "",
  "Tags": [],
  "Table": "Table_Custom",
  "TableURL": "http://decalpitstop.com/wallpaper/1280x800/black%20marble.jpg",
  "Sky": "Sky_Sunset",
  "Note": "",
  "Rules": "",
  "Grid": {
    "Type": 0,
    "Lines": false,
    "Color": {
      "r": 0.0,
      "g": 0.0,
      "b": 0.0
    },
    "Opacity": 0.75,
    "ThickLines": false,
    "Snapping": false,
    "Offset": false,
    "BothSnapping": false,
    "xSize": 0.5,
    "ySize": 0.5,
    "PosOffset": {
      "x": 0.0,
      "y": 1.0,
      "z": 0.0
    }
  },
  "Hands": {
    "Enable": false,
    "DisableUnused": false,
    "Hiding": 0,
    "HandTransforms": [
      {
        "Color": "Blue",
        "Transform": {
          "posX": 23.6700039,
          "posY": 3.293332,
          "posZ": 34.4527626,
          "rotX": 8.916177E-09,
          "rotY": 179.8,
          "rotZ": 2.68481788E-08,
          "scaleX": 15.3268776,
          "scaleY": 11.8970528,
          "scaleZ": 6.35014629
        }
      },
      {
        "Color": "Brown",
        "Transform": {
          "posX": 5.69262966E-07,
          "posY": 3.293332,
          "posZ": -34.42515,
          "rotX": -8.82240148E-09,
          "rotY": -1.06663095E-10,
          "rotZ": -2.68791247E-08,
          "scaleX": 15.3268919,
          "scaleY": 11.8970528,
          "scaleZ": 6.35014534
        }
      },
      {
        "Color": "Green",
        "Transform": {
          "posX": -23.6700039,
          "posY": 3.293332,
          "posZ": 34.43159,
          "rotX": 8.822374E-09,
          "rotY": 180.000168,
          "rotZ": 2.68791389E-08,
          "scaleX": 15.3268747,
          "scaleY": 11.8970528,
          "scaleZ": 6.35014534
        }
      },
      {
        "Color": "Orange",
        "Transform": {
          "posX": -51.6596222,
          "posY": 3.293332,
          "posZ": -11.7324,
          "rotX": 2.68791513E-08,
          "rotY": 90.00011,
          "rotZ": -8.822388E-09,
          "scaleX": 15.19401,
          "scaleY": 11.8970528,
          "scaleZ": 6.40567875
        }
      },
      {
        "Color": "Pink",
        "Transform": {
          "posX": 51.64263,
          "posY": 3.293332,
          "posZ": -11.7324,
          "rotX": -2.68791549E-08,
          "rotY": 270.0,
          "rotZ": 8.822407E-09,
          "scaleX": 15.1939974,
          "scaleY": 11.8970528,
          "scaleZ": 6.40567875
        }
      },
      {
        "Color": "Purple",
        "Transform": {
          "posX": 51.5785675,
          "posY": 3.293332,
          "posZ": 11.7324,
          "rotX": -2.68791549E-08,
          "rotY": 270.0,
          "rotZ": 8.822407E-09,
          "scaleX": 15.1940022,
          "scaleY": 11.8970528,
          "scaleZ": 6.40567875
        }
      },
      {
        "Color": "Red",
        "Transform": {
          "posX": -23.6700039,
          "posY": 3.293332,
          "posZ": -34.42515,
          "rotX": -8.82240148E-09,
          "rotY": -1.06663095E-10,
          "rotZ": -2.68791247E-08,
          "scaleX": 15.3268948,
          "scaleY": 11.8970528,
          "scaleZ": 6.35014534
        }
      },
      {
        "Color": "Teal",
        "Transform": {
          "posX": 5.69134841E-07,
          "posY": 3.293332,
          "posZ": 34.4527626,
          "rotX": 8.916157E-09,
          "rotY": 179.800049,
          "rotZ": 2.68481823E-08,
          "scaleX": 15.3268814,
          "scaleY": 11.8970528,
          "scaleZ": 6.35014629
        }
      },
      {
        "Color": "White",
        "Transform": {
          "posX": 23.6700039,
          "posY": 3.293332,
          "posZ": -34.2558136,
          "rotX": -8.82240148E-09,
          "rotY": -1.06663095E-10,
          "rotZ": -2.68791247E-08,
          "scaleX": 15.3268747,
          "scaleY": 11.8970547,
          "scaleZ": 6.705048
        }
      },
      {
        "Color": "Yellow",
        "Transform": {
          "posX": -51.6596222,
          "posY": 3.293332,
          "posZ": 11.7324,
          "rotX": 2.68791513E-08,
          "rotY": 90.00011,
          "rotZ": -8.822388E-09,
          "scaleX": 15.194006,
          "scaleY": 11.8970528,
          "scaleZ": 6.40567875
        }
      }
    ]
  },
  "TabStates": {
    "0": {
      "title": "Rules",
      "body": "",
      "visibleColor": {
        "r": 0.5,
        "g": 0.5,
        "b": 0.5
      },
      "id": 0
    },
    "1": {
      "title": "White",
      "body": "",
      "visibleColor": {
        "r": 1.0,
        "g": 1.0,
        "b": 1.0
      },
      "id": 1
    },
    "2": {
      "title": "Brown",
      "body": "",
      "visibleColor": {
        "r": 0.443,
        "g": 0.231,
        "b": 0.09
      },
      "id": 2
    },
    "3": {
      "title": "Red",
      "body": "",
      "visibleColor": {
        "r": 0.856,
        "g": 0.1,
        "b": 0.094
      },
      "id": 3
    },
    "4": {
      "title": "Orange",
      "body": "",
      "visibleColor": {
        "r": 0.956,
        "g": 0.392,
        "b": 0.113
      },
      "id": 4
    },
    "5": {
      "title": "Yellow",
      "body": "",
      "visibleColor": {
        "r": 0.905,
        "g": 0.898,
        "b": 0.172
      },
      "id": 5
    },
    "6": {
      "title": "Green",
      "body": "",
      "visibleColor": {
        "r": 0.192,
        "g": 0.701,
        "b": 0.168
      },
      "id": 6
    },
    "7": {
      "title": "Blue",
      "body": "",
      "visibleColor": {
        "r": 0.118,
        "g": 0.53,
        "b": 1.0
      },
      "id": 7
    },
    "8": {
      "title": "Teal",
      "body": "",
      "visibleColor": {
        "r": 0.129,
        "g": 0.694,
        "b": 0.607
      },
      "id": 8
    },
    "9": {
      "title": "Purple",
      "body": "",
      "visibleColor": {
        "r": 0.627,
        "g": 0.125,
        "b": 0.941
      },
      "id": 9
    },
    "10": {
      "title": "Pink",
      "body": "",
      "visibleColor": {
        "r": 0.96,
        "g": 0.439,
        "b": 0.807
      },
      "id": 10
    },
    "11": {
      "title": "Black",
      "body": "",
      "visibleColor": {
        "r": 0.1,
        "g": 0.1,
        "b": 0.1
      },
      "id": 11
    }
  },
  "ObjectStates": [
    {
      "Name": "ScriptingTrigger",
      "Transform": {
        "posX": -0.09246445,
        "posY": 2.711135,
        "posZ": -0.02067566,
        "rotX": 0.0,
        "rotY": 359.959778,
        "rotZ": 0.0,
        "scaleX": 109.477722,
        "scaleY": 3.5,
        "scaleZ": 75.4244843
      },
      "Nickname": "",
      "Description": "",
      "GMNotes": "",
      "ColorDiffuse": {
        "r": 0.99999994,
        "g": 0.99999994,
        "b": 0.99999994
      },
      "Locked": true,
      "Grid": true,
      "Snap": true,
      "IgnoreFoW": false,
      "MeasureMovement": false,
      "DragSelectable": true,
      "Autoraise": true,
      "Sticky": true,
      "Tooltip": true,
      "GridProjection": false,
      "LuaScript": "",
      "LuaScriptState": "",
      "XmlUI": "",
      "GUID": "dcb71e"
    }
  ],
  "LuaScript": "--[[ Global Variables --]]\r\nInitialized = false\r\nStartSpawning = false\r\nLastSpawnPosition = {}\r\n\r\nColorTint={['Red']=1.0, ['Green']=0.0, ['Blue']=0.0}\r\nColorState = 1\r\n\r\n\r\nZone_Guid = 'dcb71e'\r\n\r\nfunction onload()\r\n  if Initialized == false then\r\n    Initialized = true\r\n    SpawnStartToken()\r\n    SpawnResetToken()\r\n  end\r\nend\r\n\r\nfunction update()\r\n  -- SpawnToken not on the table\r\n  if startReset_token == nil then\r\n    StartSpawning = false\r\n  end\r\n\r\n  if StartSpawning == true then\r\n    local position = startReset_token.getPosition()\r\n    local delta = math.abs(position.x - LastSpawnPosition.x) + math.abs(position.z - LastSpawnPosition.z)\r\n    if delta >= 1.5 then\r\n      SpawnDomino(startReset_token)\r\n    end\r\n  end\r\nend\r\n\r\nfunction SpawnStartToken()\r\n  local startReset_token_obj = {['type'] = 'Custom_Model', ['position'] = {0,2,0}, ['rotation'] = {0, 0, 0}}\r\n  startReset_token = spawnObject(startReset_token_obj)\r\n  local startReset_token_mesh = {}\r\n  startReset_token_mesh.mesh = 'https://www.dropbox.com/s/gnq07fiv6v0iest/token.obj?dl=1'\r\n  startReset_token.setCustomObject(startReset_token_mesh)\r\n  local button_parameters = {['click_function'] = 'StartStop', ['label'] = 'Start/Stop', ['function_owner'] = Global, ['position'] = {0, 0.14, 0}, ['rotation'] =  {0, 180, 0}, ['width'] = 300, ['height'] = 300, ['font_size'] = 100}\r\n  startReset_token.createButton(button_parameters)\r\n  startReset_token.setColorTint({0,1,0})\r\nend\r\n\r\nfunction SpawnResetToken()\r\n  local Reset_token_obj = {['type'] = 'Custom_Model', ['position'] = {0,2,-28.5}, ['rotation'] = {0, 0, 0}}\r\n  local Reset_token = spawnObject(Reset_token_obj)\r\n  local Reset_token_mesh = {}\r\n  Reset_token_mesh.mesh = 'https://www.dropbox.com/s/gnq07fiv6v0iest/token.obj?dl=1'\r\n  Reset_token.setCustomObject(Reset_token_mesh)\r\n  local button_parameters = {['click_function'] = 'Reset', ['label'] = 'Reset', ['function_owner'] = Global, ['position'] = {0, 0.14, 0}, ['rotation'] =  {0, 180, 0}, ['width'] = 500, ['height'] = 500, ['font_size'] = 250}\r\n  Reset_token.createButton(button_parameters)\r\n  Reset_token.setColorTint({1,0,0})\r\n  Reset_token.setScale({2, 2, 2})\r\nend\r\n\r\nfunction Reset()\r\n  StartSpawning = false\r\n  LastSpawnPosition = nil\r\n  LastSpawnPosition = {}\r\n  local Zone = getObjectFromGUID(Zone_Guid)\r\n  local GOS = Zone.getObjects()\r\n  for i, v in ipairs(GOS) do\r\n    v.destruct()\r\n  end\r\n  \r\n  SpawnStartToken()\r\n  SpawnResetToken()\r\nend\r\n\r\nfunction StartStop()\r\n  if StartSpawning == false then\r\n    --StartSpawning = true\r\n    SpawnDomino(startReset_token)\r\n  else\r\n    StartSpawning = false\r\n  end\r\nend\r\n\r\nfunction SpawnDomino(GO)\r\n  local PrevSpawnPosition = LastSpawnPosition\r\n  LastSpawnPosition = GO.getPosition()\r\n  local rotation = GO.GetRotation()\r\n  local domino_obj = {}\r\n  if StartSpawning == false then\r\n    StartSpawning = true\r\n    domino_obj = {['type'] = 'Domino', ['position'] = {LastSpawnPosition.x + (math.sin((math.pi / 180) * math.floor(rotation.y+0.5)) * - 2) , 2.3, LastSpawnPosition.z + (math.cos((math.pi / 180) * math.floor(rotation.y+0.5)) * - 2)}, ['rotation'] = {90, rotation.y, 0}}\r\n  else\r\n    domino_obj = {['type'] = 'Domino', ['position'] = {LastSpawnPosition.x + (math.sin((math.pi / 180) * math.floor(rotation.y+0.5)) * - 2) , 2.3, LastSpawnPosition.z + (math.cos((math.pi / 180) * math.floor(rotation.y+0.5)) * - 2)}, ['rotation'] = {90, (90 - (math.atan((LastSpawnPosition.z - PrevSpawnPosition.z)/(LastSpawnPosition.x - PrevSpawnPosition.x))*180/math.pi)), 0}}\r\n  end\r\n   local domino = spawnObject(domino_obj)\r\n   \r\n  if ColorState == 1 then\r\n    ColorTint.Green = ColorTint.Green + 0.05\r\n    if ColorTint.Green >= 1 then ColorState = 2 end\r\n  elseif ColorState == 2 then\r\n    ColorTint.Red = ColorTint.Red - 0.05\r\n    if ColorTint.Red <= 0 then ColorState = 3 end\r\n  elseif ColorState == 3 then\r\n    ColorTint.Blue = ColorTint.Blue + 0.05\r\n    if ColorTint.Blue >= 1 then ColorState = 4 end\r\n  elseif ColorState == 4 then\r\n    ColorTint.Green = ColorTint.Green - 0.05\r\n    if ColorTint.Green <= 0 then ColorState = 5 end\r\n  elseif ColorState == 5 then\r\n    ColorTint.Red = ColorTint.Red + 0.05\r\n    if ColorTint.Red >= 1 then ColorState = 6 end\r\n  elseif ColorState == 6 then\r\n    ColorTint.Blue = ColorTint.Blue - 0.05\r\n    if ColorTint.Blue <= 0 then ColorState = 1 end\r\n  end\r\n  domino.setColorTint({ColorTint.Red, ColorTint.Green, ColorTint.Blue})\r\nend",
  "LuaScriptState": "",
  "XmlUI": "",
  "VectorLines": [],
  "VersionNumber": ""
}