{
  "SaveName": "Air, Land & Sea [Scripted]",
  "GameMode": "Air, Land & Sea",
  "Date": "4/12/2020 3:09:58 PM",
  "Gravity": 0.5,
  "PlayArea": 0.5,
  "GameType": "",
  "GameComplexity": "",
  "Tags": [],
  "Table": "Table_Square",
  "Sky": "Sky_Forest",
  "Note": "",
  "Rules": "",
  "MusicPlayer": {
    "RepeatSong": false,
    "PlaylistEntry": 20,
    "CurrentAudioTitle": "Awakening",
    "CurrentAudioURL": "http://cloud-3.steamusercontent.com/ugc/792010997184359809/DA27CF611C537C0C6A94893C0330B24358296475/",
    "AudioLibrary": [
      {
        "Item1": "http://cloud-3.steamusercontent.com/ugc/792010997184359809/DA27CF611C537C0C6A94893C0330B24358296475/",
        "Item2": "Awakening"
      },
      {
        "Item1": "http://cloud-3.steamusercontent.com/ugc/792010997184371128/145B47EC47D331B4AE1CB59FDE75E0116E10280D/",
        "Item2": "Calm"
      },
      {
        "Item1": "http://cloud-3.steamusercontent.com/ugc/792010997184371906/F8E4FC7CBD21DD2430F906F77055819AD0474996/",
        "Item2": "Day Travel"
      },
      {
        "Item1": "http://cloud-3.steamusercontent.com/ugc/792010997184374182/B0FF76DCB3D979C6A3A630F45A9FD58E7390D6C6/",
        "Item2": "Death"
      },
      {
        "Item1": "http://cloud-3.steamusercontent.com/ugc/792010997184376716/0407BB616E681D199DDEC384058B3CBF3DD3FEAD/",
        "Item2": "Epilude"
      },
      {
        "Item1": "http://cloud-3.steamusercontent.com/ugc/792010997184379961/314F9E57AF4CF475B86BAF58AD5A006DB16CE86D/",
        "Item2": "Goblin Combat"
      },
      {
        "Item1": "http://cloud-3.steamusercontent.com/ugc/792010997184385296/1A83AFF3AF0959546E8444D9A3F4174BC35E5336/",
        "Item2": "Human Combat 1"
      },
      {
        "Item1": "http://cloud-3.steamusercontent.com/ugc/792010997184387091/0554504FC54BACCAA83CAB542EB33FC41C87346B/",
        "Item2": "Human Combat 2"
      },
      {
        "Item1": "http://cloud-3.steamusercontent.com/ugc/792010997184389261/F753ACB43BA28C799B808388D6A6E4A71BDB78CB/",
        "Item2": "Intrigue"
      },
      {
        "Item1": "http://cloud-3.steamusercontent.com/ugc/792010997184392871/C1ACD1C3E628B836F6DEFF643B618418A339EECC/",
        "Item2": "Map"
      },
      {
        "Item1": "http://cloud-3.steamusercontent.com/ugc/792010997184394727/6212F5FF59B6D980AA95CCF1B06BE32F8DFF3366/",
        "Item2": "Mistique"
      },
      {
        "Item1": "http://cloud-3.steamusercontent.com/ugc/792010997184397131/B462582B327D41981E3A3893AED045C9DFA37D68/",
        "Item2": "Night Travel"
      },
      {
        "Item1": "http://cloud-3.steamusercontent.com/ugc/792010997184398544/F8246EDA891BDFDE3CE9183A139D514F78A582CF/",
        "Item2": "Orc Combat 1"
      },
      {
        "Item1": "http://cloud-3.steamusercontent.com/ugc/792010997184400189/F25ADB6B0FA920C0D9F6A67546DAD85C70C9504E/",
        "Item2": "Orc Combat 2"
      },
      {
        "Item1": "http://cloud-3.steamusercontent.com/ugc/792010997184402108/415A2E2F690E8241A23FBBAFB8D9BAB0D469F8F4/",
        "Item2": "Prelude"
      },
      {
        "Item1": "http://cloud-3.steamusercontent.com/ugc/792010997184404898/8956C1A3A9A41B0F54B4DE400EC76F7723332310/",
        "Item2": "Reflective"
      },
      {
        "Item1": "http://cloud-3.steamusercontent.com/ugc/792010997184406070/21B923240147A1785E49CAE3AFA27C045405694C/",
        "Item2": "Setting Up"
      },
      {
        "Item1": "http://cloud-3.steamusercontent.com/ugc/792010997184407878/A2458FAB2EE78A3AA4B26271485982FA02665FDA/",
        "Item2": "Tension"
      },
      {
        "Item1": "http://cloud-3.steamusercontent.com/ugc/792010997184409426/32FB9FCA1D2DD24CF88150A31E16108CEB21559D/",
        "Item2": "Undead Combat"
      }
    ]
  },
  "Grid": {
    "Type": 0,
    "Lines": false,
    "Color": {
      "r": 0.0,
      "g": 0.0,
      "b": 0.0
    },
    "Opacity": 0.75,
    "ThickLines": false,
    "Snapping": false,
    "Offset": false,
    "BothSnapping": false,
    "xSize": 1.02,
    "ySize": 1.02,
    "PosOffset": {
      "x": 30.0,
      "y": 1.0,
      "z": 0.0
    }
  },
  "Lighting": {
    "LightIntensity": 0.54,
    "LightColor": {
      "r": 1.0,
      "g": 0.9804,
      "b": 0.8902
    },
    "AmbientIntensity": 1.3,
    "AmbientType": 0,
    "AmbientSkyColor": {
      "r": 0.5,
      "g": 0.5,
      "b": 0.5
    },
    "AmbientEquatorColor": {
      "r": 0.5,
      "g": 0.5,
      "b": 0.5
    },
    "AmbientGroundColor": {
      "r": 0.5,
      "g": 0.5,
      "b": 0.5
    },
    "ReflectionIntensity": 1.0,
    "LutIndex": 0,
    "LutContribution": 1.0
  },
  "Hands": {
    "Enable": true,
    "DisableUnused": false,
    "Hiding": 0,
    "HandTransforms": [
      {
        "Color": "Blue",
        "Transform": {
          "posX": 0.03270387,
          "posY": 4.4757576,
          "posZ": -14.389946,
          "rotX": 0.0,
          "rotY": 0.0,
          "rotZ": 0.0,
          "scaleX": 9.392744,
          "scaleY": 6.642059,
          "scaleZ": 3.5266273
        }
      },
      {
        "Color": "Red",
        "Transform": {
          "posX": 0.03270387,
          "posY": 4.47151947,
          "posZ": 14.2926788,
          "rotX": 0.0,
          "rotY": 180.0,
          "rotZ": 0.0,
          "scaleX": 9.417169,
          "scaleY": 6.642059,
          "scaleZ": 3.53513718
        }
      }
    ]
  },
  "Turns": {
    "Enable": false,
    "Type": 0,
    "TurnOrder": [],
    "Reverse": false,
    "SkipEmpty": false,
    "DisableInteractions": false,
    "PassTurns": true,
    "TurnColor": ""
  },
  "TabStates": {
    "0": {
      "title": "Rules",
      "body": "",
      "color": "Grey",
      "visibleColor": {
        "r": 0.5,
        "g": 0.5,
        "b": 0.5
      },
      "id": 0
    },
    "1": {
      "title": "White",
      "body": "",
      "color": "White",
      "visibleColor": {
        "r": 1.0,
        "g": 1.0,
        "b": 1.0
      },
      "id": 1
    },
    "2": {
      "title": "Brown",
      "body": "",
      "color": "Brown",
      "visibleColor": {
        "r": 0.443,
        "g": 0.231,
        "b": 0.09
      },
      "id": 2
    },
    "3": {
      "title": "Red",
      "body": "",
      "color": "Red",
      "visibleColor": {
        "r": 0.856,
        "g": 0.1,
        "b": 0.094
      },
      "id": 3
    },
    "4": {
      "title": "Orange",
      "body": "",
      "color": "Orange",
      "visibleColor": {
        "r": 0.956,
        "g": 0.392,
        "b": 0.113
      },
      "id": 4
    },
    "5": {
      "title": "Yellow",
      "body": "",
      "color": "Yellow",
      "visibleColor": {
        "r": 0.905,
        "g": 0.898,
        "b": 0.172
      },
      "id": 5
    },
    "6": {
      "title": "Green",
      "body": "",
      "color": "Green",
      "visibleColor": {
        "r": 0.192,
        "g": 0.701,
        "b": 0.168
      },
      "id": 6
    },
    "7": {
      "title": "Blue",
      "body": "",
      "color": "Blue",
      "visibleColor": {
        "r": 0.118,
        "g": 0.53,
        "b": 1.0
      },
      "id": 7
    },
    "8": {
      "title": "Teal",
      "body": "",
      "color": "Teal",
      "visibleColor": {
        "r": 0.129,
        "g": 0.694,
        "b": 0.607
      },
      "id": 8
    },
    "9": {
      "title": "Purple",
      "body": "",
      "color": "Purple",
      "visibleColor": {
        "r": 0.627,
        "g": 0.125,
        "b": 0.941
      },
      "id": 9
    },
    "10": {
      "title": "Pink",
      "body": "",
      "color": "Pink",
      "visibleColor": {
        "r": 0.96,
        "g": 0.439,
        "b": 0.807
      },
      "id": 10
    },
    "11": {
      "title": "Black",
      "body": "",
      "color": "Black",
      "visibleColor": {
        "r": 0.25,
        "g": 0.25,
        "b": 0.25
      },
      "id": 11
    }
  },
  "DecalPallet": [],
  "ObjectStates": [
    {
      "Name": "ScriptingTrigger",
      "Transform": {
        "posX": -9.994127,
        "posY": 1.0,
        "posZ": -9.134517,
        "rotX": 0.0,
        "rotY": 180.0,
        "rotZ": 0.0,
        "scaleX": 2.54140663,
        "scaleY": 0.2,
        "scaleZ": 3.9053998
      },
      "Nickname": "",
      "Description": "",
      "GMNotes": "",
      "ColorDiffuse": {
        "r": 1.0,
        "g": 1.0,
        "b": 1.0,
        "a": 0.509803951
      },
      "Locked": true,
      "Grid": true,
      "Snap": true,
      "IgnoreFoW": false,
      "MeasureMovement": false,
      "DragSelectable": true,
      "Autoraise": true,
      "Sticky": true,
      "Tooltip": true,
      "GridProjection": false,
      "HideWhenFaceDown": false,
      "Hands": false,
      "LuaScript": "",
      "LuaScriptState": "",
      "XmlUI": "",
      "GUID": "22b6bb"
    },
    {
      "Name": "ScriptingTrigger",
      "Transform": {
        "posX": 8.424156,
        "posY": 1.0,
        "posZ": 8.695187,
        "rotX": 0.0,
        "rotY": 0.0,
        "rotZ": 0.0,
        "scaleX": 2.54,
        "scaleY": 0.2,
        "scaleZ": 3.91
      },
      "Nickname": "",
      "Description": "",
      "GMNotes": "",
      "ColorDiffuse": {
        "r": 1.0,
        "g": 1.0,
        "b": 1.0,
        "a": 0.509803951
      },
      "Locked": true,
      "Grid": true,
      "Snap": true,
      "IgnoreFoW": false,
      "MeasureMovement": false,
      "DragSelectable": true,
      "Autoraise": true,
      "Sticky": true,
      "Tooltip": true,
      "GridProjection": false,
      "HideWhenFaceDown": false,
      "Hands": false,
      "LuaScript": "",
      "LuaScriptState": "",
      "XmlUI": "",
      "GUID": "62fd42"
    },
    {
      "Name": "ScriptingTrigger",
      "Transform": {
        "posX": 16.0,
        "posY": 1.0,
        "posZ": 0.0,
        "rotX": 0.0,
        "rotY": 270.0,
        "rotZ": 0.0,
        "scaleX": 1.3728,
        "scaleY": 1.0,
        "scaleZ": 1.36027992
      },
      "Nickname": "",
      "Description": "",
      "GMNotes": "",
      "ColorDiffuse": {
        "r": 1.0,
        "g": 1.0,
        "b": 1.0,
        "a": 0.509803951
      },
      "Locked": true,
      "Grid": true,
      "Snap": true,
      "IgnoreFoW": false,
      "MeasureMovement": false,
      "DragSelectable": true,
      "Autoraise": true,
      "Sticky": true,
      "Tooltip": true,
      "GridProjection": false,
      "HideWhenFaceDown": false,
      "Hands": false,
      "LuaScript": "",
      "LuaScriptState": "",
      "XmlUI": "",
      "GUID": "4ec1aa"
    },
    {
      "Name": "CardCustom",
      "Transform": {
        "posX": 0.0,
        "posY": 1.0,
        "posZ": 0.0017850399,
        "rotX": 2.67545838E-05,
        "rotY": 179.963043,
        "rotZ": 2.09244936E-05,
        "scaleX": 1.0,
        "scaleY": 1.0,
        "scaleZ": 1.0
      },
      "Nickname": "",
      "Description": "Land",
      "GMNotes": "",
      "ColorDiffuse": {
        "r": 0.713235259,
        "g": 0.713235259,
        "b": 0.713235259
      },
      "Locked": true,
      "Grid": true,
      "Snap": true,
      "IgnoreFoW": false,
      "MeasureMovement": false,
      "DragSelectable": true,
      "Autoraise": true,
      "Sticky": true,
      "Tooltip": true,
      "GridProjection": false,
      "HideWhenFaceDown": true,
      "Hands": true,
      "CardID": 700,
      "SidewaysCard": false,
      "CustomDeck": {
        "7": {
          "FaceURL": "https://i.imgur.com/cEwSaPy.jpg",
          "BackURL": "https://i.imgur.com/gu8D6fA.jpg",
          "NumWidth": 1,
          "NumHeight": 1,
          "BackIsHidden": true,
          "UniqueBack": false,
          "Type": 0
        }
      },
      "LuaScript": "",
      "LuaScriptState": "",
      "XmlUI": "",
      "GUID": "80a9b5"
    },
    {
      "Name": "CardCustom",
      "Transform": {
        "posX": -6.105852,
        "posY": 1.0,
        "posZ": 0.0348935127,
        "rotX": 2.86838E-05,
        "rotY": 180.164963,
        "rotZ": -5.03326464E-06,
        "scaleX": 1.0,
        "scaleY": 1.0,
        "scaleZ": 1.0
      },
      "Nickname": "",
      "Description": "Air",
      "GMNotes": "",
      "ColorDiffuse": {
        "r": 0.713235259,
        "g": 0.713235259,
        "b": 0.713235259
      },
      "Locked": true,
      "Grid": true,
      "Snap": true,
      "IgnoreFoW": false,
      "MeasureMovement": false,
      "DragSelectable": true,
      "Autoraise": true,
      "Sticky": true,
      "Tooltip": true,
      "GridProjection": false,
      "HideWhenFaceDown": true,
      "Hands": true,
      "CardID": 600,
      "SidewaysCard": false,
      "CustomDeck": {
        "6": {
          "FaceURL": "https://i.imgur.com/TmqSIct.jpg",
          "BackURL": "https://i.imgur.com/gu8D6fA.jpg",
          "NumWidth": 1,
          "NumHeight": 1,
          "BackIsHidden": true,
          "UniqueBack": false,
          "Type": 0
        }
      },
      "LuaScript": "",
      "LuaScriptState": "",
      "XmlUI": "",
      "GUID": "1249bb"
    },
    {
      "Name": "CardCustom",
      "Transform": {
        "posX": 6.12391949,
        "posY": 1.0,
        "posZ": 0.007941723,
        "rotX": 4.74216722E-05,
        "rotY": 179.985748,
        "rotZ": 2.40844838E-05,
        "scaleX": 1.0,
        "scaleY": 1.0,
        "scaleZ": 1.0
      },
      "Nickname": "",
      "Description": "Sea",
      "GMNotes": "",
      "ColorDiffuse": {
        "r": 0.713235259,
        "g": 0.713235259,
        "b": 0.713235259
      },
      "Locked": true,
      "Grid": true,
      "Snap": true,
      "IgnoreFoW": false,
      "MeasureMovement": false,
      "DragSelectable": true,
      "Autoraise": true,
      "Sticky": true,
      "Tooltip": true,
      "GridProjection": false,
      "HideWhenFaceDown": true,
      "Hands": true,
      "CardID": 800,
      "SidewaysCard": false,
      "CustomDeck": {
        "8": {
          "FaceURL": "https://i.imgur.com/qgPRAJN.jpg",
          "BackURL": "https://i.imgur.com/gu8D6fA.jpg",
          "NumWidth": 1,
          "NumHeight": 1,
          "BackIsHidden": true,
          "UniqueBack": false,
          "Type": 0
        }
      },
      "LuaScript": "",
      "LuaScriptState": "",
      "XmlUI": "",
      "GUID": "370e53"
    },
    {
      "Name": "ScriptingTrigger",
      "Transform": {
        "posX": -6.105852,
        "posY": 1.0,
        "posZ": 0.0348935127,
        "rotX": 0.0,
        "rotY": -2.00358281E-05,
        "rotZ": 0.0,
        "scaleX": 4.42869854,
        "scaleY": 1.0,
        "scaleZ": 3.150723
      },
      "Nickname": "",
      "Description": "",
      "GMNotes": "",
      "ColorDiffuse": {
        "r": 1.0,
        "g": 1.0,
        "b": 1.0,
        "a": 0.509803951
      },
      "Locked": true,
      "Grid": true,
      "Snap": true,
      "IgnoreFoW": false,
      "MeasureMovement": false,
      "DragSelectable": true,
      "Autoraise": true,
      "Sticky": true,
      "Tooltip": true,
      "GridProjection": false,
      "HideWhenFaceDown": false,
      "Hands": false,
      "LuaScript": "",
      "LuaScriptState": "",
      "XmlUI": "",
      "GUID": "f4723e"
    },
    {
      "Name": "ScriptingTrigger",
      "Transform": {
        "posX": 0.0,
        "posY": 1.0,
        "posZ": 0.0017850399,
        "rotX": 0.0,
        "rotY": 0.0,
        "rotZ": 0.0,
        "scaleX": 4.343537,
        "scaleY": 1.0,
        "scaleZ": 3.11394119
      },
      "Nickname": "",
      "Description": "",
      "GMNotes": "",
      "ColorDiffuse": {
        "r": 1.0,
        "g": 1.0,
        "b": 1.0,
        "a": 0.509803951
      },
      "Locked": true,
      "Grid": true,
      "Snap": true,
      "IgnoreFoW": false,
      "MeasureMovement": false,
      "DragSelectable": true,
      "Autoraise": true,
      "Sticky": true,
      "Tooltip": true,
      "GridProjection": false,
      "HideWhenFaceDown": false,
      "Hands": false,
      "LuaScript": "",
      "LuaScriptState": "",
      "XmlUI": "",
      "GUID": "9d89a8"
    },
    {
      "Name": "ScriptingTrigger",
      "Transform": {
        "posX": 6.12391949,
        "posY": 1.0,
        "posZ": 0.007941723,
        "rotX": 0.0,
        "rotY": -2.00358281E-05,
        "rotZ": 0.0,
        "scaleX": 4.257262,
        "scaleY": 1.0,
        "scaleZ": 3.06733561
      },
      "Nickname": "",
      "Description": "",
      "GMNotes": "",
      "ColorDiffuse": {
        "r": 1.0,
        "g": 1.0,
        "b": 1.0,
        "a": 0.509803951
      },
      "Locked": true,
      "Grid": true,
      "Snap": true,
      "IgnoreFoW": false,
      "MeasureMovement": false,
      "DragSelectable": true,
      "Autoraise": true,
      "Sticky": true,
      "Tooltip": true,
      "GridProjection": false,
      "HideWhenFaceDown": false,
      "Hands": false,
      "LuaScript": "",
      "LuaScriptState": "",
      "XmlUI": "",
      "GUID": "653dfb"
    },
    {
      "Name": "Card",
      "Transform": {
        "posX": 9.966271,
        "posY": 1.034526,
        "posZ": -0.0270293448,
        "rotX": 1.49938269E-05,
        "rotY": 180.0191,
        "rotZ": 180.0,
        "scaleX": 1.0,
        "scaleY": 1.0,
        "scaleZ": 1.0
      },
      "Nickname": "",
      "Description": "",
      "GMNotes": "",
      "ColorDiffuse": {
        "r": 0.713235259,
        "g": 0.713235259,
        "b": 0.713235259
      },
      "Locked": true,
      "Grid": true,
      "Snap": true,
      "IgnoreFoW": false,
      "MeasureMovement": false,
      "DragSelectable": true,
      "Autoraise": true,
      "Sticky": true,
      "Tooltip": true,
      "GridProjection": false,
      "HideWhenFaceDown": true,
      "Hands": true,
      "CardID": 901,
      "SidewaysCard": false,
      "CustomDeck": {
        "9": {
          "FaceURL": "https://i.imgur.com/U7E2QhT.jpg",
          "BackURL": "https://i.imgur.com/xSpTFib.jpg",
          "NumWidth": 2,
          "NumHeight": 2,
          "BackIsHidden": false,
          "UniqueBack": false,
          "Type": 0
        }
      },
      "LuaScript": "",
      "LuaScriptState": "",
      "XmlUI": "",
      "GUID": "f4398e"
    },
    {
      "Name": "Card",
      "Transform": {
        "posX": -10.044879,
        "posY": 1.0345273,
        "posZ": 0.043562986,
        "rotX": 1.41989392E-06,
        "rotY": 180.0,
        "rotZ": 180.000015,
        "scaleX": 1.0,
        "scaleY": 1.0,
        "scaleZ": 1.0
      },
      "Nickname": "",
      "Description": "",
      "GMNotes": "",
      "ColorDiffuse": {
        "r": 0.713235259,
        "g": 0.713235259,
        "b": 0.713235259
      },
      "Locked": true,
      "Grid": true,
      "Snap": true,
      "IgnoreFoW": false,
      "MeasureMovement": false,
      "DragSelectable": true,
      "Autoraise": true,
      "Sticky": true,
      "Tooltip": true,
      "GridProjection": false,
      "HideWhenFaceDown": true,
      "Hands": true,
      "CardID": 900,
      "SidewaysCard": false,
      "CustomDeck": {
        "9": {
          "FaceURL": "https://i.imgur.com/U7E2QhT.jpg",
          "BackURL": "https://i.imgur.com/xSpTFib.jpg",
          "NumWidth": 2,
          "NumHeight": 2,
          "BackIsHidden": false,
          "UniqueBack": false,
          "Type": 0
        }
      },
      "LuaScript": "",
      "LuaScriptState": "",
      "XmlUI": "",
      "GUID": "83993b"
    },
    {
      "Name": "ScriptingTrigger",
      "Transform": {
        "posX": 13.3573818,
        "posY": 1.1,
        "posZ": -0.02,
        "rotX": 0.0,
        "rotY": 180.0,
        "rotZ": 180.0,
        "scaleX": 2.23546886,
        "scaleY": 1.0,
        "scaleZ": 3.09446144
      },
      "Nickname": "",
      "Description": "",
      "GMNotes": "",
      "ColorDiffuse": {
        "r": 1.0,
        "g": 1.0,
        "b": 1.0,
        "a": 0.509803951
      },
      "Locked": true,
      "Grid": true,
      "Snap": true,
      "IgnoreFoW": false,
      "MeasureMovement": false,
      "DragSelectable": true,
      "Autoraise": true,
      "Sticky": true,
      "Tooltip": true,
      "GridProjection": false,
      "HideWhenFaceDown": false,
      "Hands": false,
      "LuaScript": "",
      "LuaScriptState": "",
      "XmlUI": "",
      "GUID": "87fd04"
    },
    {
      "Name": "Custom_Token_Stack",
      "Transform": {
        "posX": -13.8004732,
        "posY": 1.05999184,
        "posZ": 4.58606434,
        "rotX": 0.0001322774,
        "rotY": 89.99891,
        "rotZ": 0.000105513835,
        "scaleX": 0.434757948,
        "scaleY": 1.0,
        "scaleZ": 0.434757948
      },
      "Nickname": "1",
      "Description": "1 Point",
      "GMNotes": "",
      "ColorDiffuse": {
        "r": 1.0,
        "g": 1.0,
        "b": 1.0
      },
      "Locked": false,
      "Grid": true,
      "Snap": true,
      "IgnoreFoW": false,
      "MeasureMovement": false,
      "DragSelectable": true,
      "Autoraise": true,
      "Sticky": true,
      "Tooltip": true,
      "GridProjection": false,
      "HideWhenFaceDown": false,
      "Hands": false,
      "MaterialIndex": -1,
      "MeshIndex": -1,
      "Number": 3,
      "CustomImage": {
        "ImageURL": "https://i.imgur.com/WQkxqKn.png",
        "ImageSecondaryURL": "",
        "ImageScalar": 1.0,
        "WidthScale": 0.0,
        "CustomToken": {
          "Thickness": 0.2,
          "MergeDistancePixels": 15.0,
          "StandUp": false,
          "Stackable": true
        }
      },
      "LuaScript": "",
      "LuaScriptState": "",
      "XmlUI": "",
      "GUID": "1483d4"
    },
    {
      "Name": "Custom_Token_Stack",
      "Transform": {
        "posX": -13.8005028,
        "posY": 1.059991,
        "posZ": -2.496098,
        "rotX": 6.772476E-06,
        "rotY": 90.01106,
        "rotZ": 4.00258523E-06,
        "scaleX": 0.547053337,
        "scaleY": 1.0,
        "scaleZ": 0.547053337
      },
      "Nickname": "3",
      "Description": "3 Points",
      "GMNotes": "",
      "ColorDiffuse": {
        "r": 1.0,
        "g": 1.0,
        "b": 1.0
      },
      "Locked": false,
      "Grid": true,
      "Snap": true,
      "IgnoreFoW": false,
      "MeasureMovement": false,
      "DragSelectable": true,
      "Autoraise": true,
      "Sticky": true,
      "Tooltip": true,
      "GridProjection": false,
      "HideWhenFaceDown": false,
      "Hands": false,
      "MaterialIndex": -1,
      "MeshIndex": -1,
      "Number": 3,
      "CustomImage": {
        "ImageURL": "https://i.imgur.com/Jw6JQSW.png",
        "ImageSecondaryURL": "",
        "ImageScalar": 1.0,
        "WidthScale": 0.0,
        "CustomToken": {
          "Thickness": 0.2,
          "MergeDistancePixels": 15.0,
          "StandUp": false,
          "Stackable": true
        }
      },
      "LuaScript": "",
      "LuaScriptState": "",
      "XmlUI": "",
      "GUID": "f25e3a"
    },
    {
      "Name": "Custom_Token_Stack",
      "Transform": {
        "posX": -13.800499,
        "posY": 1.059991,
        "posZ": -0.000317969359,
        "rotX": 7.52024243E-06,
        "rotY": 90.01242,
        "rotZ": -2.00748709E-05,
        "scaleX": 0.649891436,
        "scaleY": 1.0,
        "scaleZ": 0.649891436
      },
      "Nickname": "6",
      "Description": "6 Points",
      "GMNotes": "",
      "ColorDiffuse": {
        "r": 1.0,
        "g": 1.0,
        "b": 1.0
      },
      "Locked": false,
      "Grid": true,
      "Snap": true,
      "IgnoreFoW": false,
      "MeasureMovement": false,
      "DragSelectable": true,
      "Autoraise": true,
      "Sticky": true,
      "Tooltip": true,
      "GridProjection": false,
      "HideWhenFaceDown": false,
      "Hands": false,
      "MaterialIndex": -1,
      "MeshIndex": -1,
      "Number": 2,
      "CustomImage": {
        "ImageURL": "https://i.imgur.com/7SFCaIl.png",
        "ImageSecondaryURL": "",
        "ImageScalar": 1.0,
        "WidthScale": 0.0,
        "CustomToken": {
          "Thickness": 0.2,
          "MergeDistancePixels": 15.0,
          "StandUp": false,
          "Stackable": true
        }
      },
      "LuaScript": "",
      "LuaScriptState": "",
      "XmlUI": "",
      "GUID": "28b29c"
    },
    {
      "Name": "Custom_Token_Stack",
      "Transform": {
        "posX": -13.8006535,
        "posY": 1.05999231,
        "posZ": 2.538821,
        "rotX": -4.84438E-05,
        "rotY": 89.99687,
        "rotZ": -6.116821E-05,
        "scaleX": 0.547053337,
        "scaleY": 1.0,
        "scaleZ": 0.547053337
      },
      "Nickname": "3",
      "Description": "3 Points",
      "GMNotes": "",
      "ColorDiffuse": {
        "r": 1.0,
        "g": 1.0,
        "b": 1.0
      },
      "Locked": false,
      "Grid": true,
      "Snap": true,
      "IgnoreFoW": false,
      "MeasureMovement": false,
      "DragSelectable": true,
      "Autoraise": true,
      "Sticky": true,
      "Tooltip": true,
      "GridProjection": false,
      "HideWhenFaceDown": false,
      "Hands": false,
      "MaterialIndex": -1,
      "MeshIndex": -1,
      "Number": 3,
      "CustomImage": {
        "ImageURL": "https://i.imgur.com/Jw6JQSW.png",
        "ImageSecondaryURL": "",
        "ImageScalar": 1.0,
        "WidthScale": 0.0,
        "CustomToken": {
          "Thickness": 0.2,
          "MergeDistancePixels": 15.0,
          "StandUp": false,
          "Stackable": true
        }
      },
      "LuaScript": "",
      "LuaScriptState": "",
      "XmlUI": "",
      "GUID": "5d84d8"
    },
    {
      "Name": "Custom_Token_Stack",
      "Transform": {
        "posX": -13.8007135,
        "posY": 1.05999064,
        "posZ": -4.521804,
        "rotX": 5.762445E-07,
        "rotY": 90.00061,
        "rotZ": 9.254804E-05,
        "scaleX": 0.434757948,
        "scaleY": 1.0,
        "scaleZ": 0.434757948
      },
      "Nickname": "1",
      "Description": "1 Point",
      "GMNotes": "",
      "ColorDiffuse": {
        "r": 1.0,
        "g": 1.0,
        "b": 1.0
      },
      "Locked": false,
      "Grid": true,
      "Snap": true,
      "IgnoreFoW": false,
      "MeasureMovement": false,
      "DragSelectable": true,
      "Autoraise": true,
      "Sticky": true,
      "Tooltip": true,
      "GridProjection": false,
      "HideWhenFaceDown": false,
      "Hands": false,
      "MaterialIndex": -1,
      "MeshIndex": -1,
      "Number": 3,
      "CustomImage": {
        "ImageURL": "https://i.imgur.com/WQkxqKn.png",
        "ImageSecondaryURL": "",
        "ImageScalar": 1.0,
        "WidthScale": 0.0,
        "CustomToken": {
          "Thickness": 0.2,
          "MergeDistancePixels": 15.0,
          "StandUp": false,
          "Stackable": true
        }
      },
      "LuaScript": "",
      "LuaScriptState": "",
      "XmlUI": "",
      "GUID": "230373"
    },
    {
      "Name": "ScriptingTrigger",
      "Transform": {
        "posX": 1.0,
        "posY": 1.0,
        "posZ": -8.58,
        "rotX": 0.0,
        "rotY": 0.67,
        "rotZ": 0.0,
        "scaleX": 27.0,
        "scaleY": 4.0,
        "scaleZ": 13.0
      },
      "Nickname": "",
      "Description": "",
      "GMNotes": "",
      "ColorDiffuse": {
        "r": 1.0,
        "g": 1.0,
        "b": 1.0,
        "a": 0.509803951
      },
      "Locked": true,
      "Grid": true,
      "Snap": true,
      "IgnoreFoW": false,
      "MeasureMovement": false,
      "DragSelectable": true,
      "Autoraise": true,
      "Sticky": true,
      "Tooltip": true,
      "GridProjection": false,
      "HideWhenFaceDown": false,
      "Hands": false,
      "LuaScript": "",
      "LuaScriptState": "",
      "XmlUI": "",
      "GUID": "c57a2e"
    },
    {
      "Name": "ScriptingTrigger",
      "Transform": {
        "posX": 1.0,
        "posY": 1.0,
        "posZ": 8.630481,
        "rotX": 0.0,
        "rotY": 0.0,
        "rotZ": 0.0,
        "scaleX": 27.0,
        "scaleY": 4.0,
        "scaleZ": 13.0
      },
      "Nickname": "",
      "Description": "",
      "GMNotes": "",
      "ColorDiffuse": {
        "r": 1.0,
        "g": 1.0,
        "b": 1.0,
        "a": 0.509803951
      },
      "Locked": true,
      "Grid": true,
      "Snap": true,
      "IgnoreFoW": false,
      "MeasureMovement": false,
      "DragSelectable": true,
      "Autoraise": true,
      "Sticky": true,
      "Tooltip": true,
      "GridProjection": false,
      "HideWhenFaceDown": false,
      "Hands": false,
      "LuaScript": "",
      "LuaScriptState": "",
      "XmlUI": "",
      "GUID": "60ed32"
    },
    {
      "Name": "3DText",
      "Transform": {
        "posX": -14.249877,
        "posY": 1.05994689,
        "posZ": -7.000349,
        "rotX": 90.0,
        "rotY": 270.0,
        "rotZ": 0.0,
        "scaleX": 1.0,
        "scaleY": 1.0,
        "scaleZ": 1.0
      },
      "Nickname": "",
      "Description": "",
      "GMNotes": "",
      "ColorDiffuse": {
        "r": 1.0,
        "g": 1.0,
        "b": 1.0
      },
      "Locked": true,
      "Grid": true,
      "Snap": true,
      "IgnoreFoW": false,
      "MeasureMovement": false,
      "DragSelectable": true,
      "Autoraise": true,
      "Sticky": true,
      "Tooltip": true,
      "GridProjection": false,
      "HideWhenFaceDown": false,
      "Hands": false,
      "Text": {
        "Text": "0",
        "colorstate": {
          "r": 0.118,
          "g": 0.53,
          "b": 1.0
        },
        "fontSize": 64
      },
      "LuaScript": "",
      "LuaScriptState": "",
      "XmlUI": "",
      "GUID": "212ec6"
    },
    {
      "Name": "3DText",
      "Transform": {
        "posX": -14.2498941,
        "posY": 1.060027,
        "posZ": 7.000326,
        "rotX": 90.0,
        "rotY": 270.0,
        "rotZ": 0.0,
        "scaleX": 1.0,
        "scaleY": 1.0,
        "scaleZ": 1.0
      },
      "Nickname": "",
      "Description": "",
      "GMNotes": "",
      "ColorDiffuse": {
        "r": 1.0,
        "g": 1.0,
        "b": 1.0
      },
      "Locked": true,
      "Grid": true,
      "Snap": true,
      "IgnoreFoW": false,
      "MeasureMovement": false,
      "DragSelectable": true,
      "Autoraise": true,
      "Sticky": true,
      "Tooltip": true,
      "GridProjection": false,
      "HideWhenFaceDown": false,
      "Hands": false,
      "Text": {
        "Text": "0",
        "colorstate": {
          "r": 0.907665551,
          "g": 0.09962184,
          "b": 0.09962184
        },
        "fontSize": 64
      },
      "LuaScript": "",
      "LuaScriptState": "",
      "XmlUI": "",
      "GUID": "3ec468"
    },
    {
      "Name": "Deck",
      "Transform": {
        "posX": 13.3604841,
        "posY": 1.07909322,
        "posZ": 0.0199983791,
        "rotX": 1.29778227E-05,
        "rotY": 179.990829,
        "rotZ": 180.0,
        "scaleX": 1.0,
        "scaleY": 1.0,
        "scaleZ": 1.0
      },
      "Nickname": "",
      "Description": "",
      "GMNotes": "",
      "ColorDiffuse": {
        "r": 0.713235259,
        "g": 0.713235259,
        "b": 0.713235259
      },
      "Locked": false,
      "Grid": true,
      "Snap": true,
      "IgnoreFoW": false,
      "MeasureMovement": false,
      "DragSelectable": true,
      "Autoraise": true,
      "Sticky": true,
      "Tooltip": true,
      "GridProjection": false,
      "HideWhenFaceDown": true,
      "Hands": false,
      "SidewaysCard": false,
      "DeckIDs": [
        108,
        100,
        118,
        114,
        117,
        103,
        115,
        119,
        110,
        104,
        112,
        107,
        106,
        116,
        105,
        109,
        111,
        113
      ],
      "CustomDeck": {
        "1": {
          "FaceURL": "https://i.imgur.com/xk7zVnY.jpg",
          "BackURL": "https://i.imgur.com/C11vbri.jpg",
          "NumWidth": 6,
          "NumHeight": 4,
          "BackIsHidden": false,
          "UniqueBack": false,
          "Type": 0
        }
      },
      "LuaScript": "",
      "LuaScriptState": "",
      "XmlUI": "",
      "ContainedObjects": [
        {
          "Name": "Card",
          "Transform": {
            "posX": 2.909557,
            "posY": 1.0317024,
            "posZ": 7.78539467,
            "rotX": -4.672558E-06,
            "rotY": 180.0,
            "rotZ": 3.1021882E-05,
            "scaleX": 1.0,
            "scaleY": 1.0,
            "scaleZ": 1.0
          },
          "Nickname": "A6 - Heavy Bombers",
          "Description": "Battle Card",
          "GMNotes": "",
          "ColorDiffuse": {
            "r": 0.713235259,
            "g": 0.713235259,
            "b": 0.713235259
          },
          "Locked": false,
          "Grid": true,
          "Snap": true,
          "IgnoreFoW": false,
          "MeasureMovement": false,
          "DragSelectable": true,
          "Autoraise": true,
          "Sticky": true,
          "Tooltip": true,
          "GridProjection": false,
          "HideWhenFaceDown": true,
          "Hands": true,
          "CardID": 108,
          "SidewaysCard": false,
          "CustomDeck": {
            "1": {
              "FaceURL": "https://i.imgur.com/xk7zVnY.jpg",
              "BackURL": "https://i.imgur.com/C11vbri.jpg",
              "NumWidth": 6,
              "NumHeight": 4,
              "BackIsHidden": false,
              "UniqueBack": false,
              "Type": 0
            }
          },
          "LuaScript": "",
          "LuaScriptState": "",
          "XmlUI": "",
          "GUID": "5a2131"
        },
        {
          "Name": "Card",
          "Transform": {
            "posX": 8.434445,
            "posY": 1.03170538,
            "posZ": -9.253594,
            "rotX": 8.324599E-06,
            "rotY": 179.999939,
            "rotZ": 4.667704E-06,
            "scaleX": 1.0,
            "scaleY": 1.0,
            "scaleZ": 1.0
          },
          "Nickname": "S6 - Super Battleship",
          "Description": "Battle Card",
          "GMNotes": "",
          "ColorDiffuse": {
            "r": 0.713235259,
            "g": 0.713235259,
            "b": 0.713235259
          },
          "Locked": false,
          "Grid": true,
          "Snap": true,
          "IgnoreFoW": false,
          "MeasureMovement": false,
          "DragSelectable": true,
          "Autoraise": true,
          "Sticky": true,
          "Tooltip": true,
          "GridProjection": false,
          "HideWhenFaceDown": true,
          "Hands": true,
          "CardID": 100,
          "SidewaysCard": false,
          "CustomDeck": {
            "1": {
              "FaceURL": "https://i.imgur.com/xk7zVnY.jpg",
              "BackURL": "https://i.imgur.com/C11vbri.jpg",
              "NumWidth": 6,
              "NumHeight": 4,
              "BackIsHidden": false,
              "UniqueBack": false,
              "Type": 0
            }
          },
          "LuaScript": "",
          "LuaScriptState": "",
          "XmlUI": "",
          "GUID": "a40f5e"
        },
        {
          "Name": "Card",
          "Transform": {
            "posX": 3.12642717,
            "posY": 1.031701,
            "posZ": 4.634685,
            "rotX": -1.40065879E-06,
            "rotY": 179.999969,
            "rotZ": -2.30811429E-06,
            "scaleX": 1.0,
            "scaleY": 1.0,
            "scaleZ": 1.0
          },
          "Nickname": "S4 - Redeploy",
          "Description": "Battle Card",
          "GMNotes": "",
          "ColorDiffuse": {
            "r": 0.713235259,
            "g": 0.713235259,
            "b": 0.713235259
          },
          "Locked": false,
          "Grid": true,
          "Snap": true,
          "IgnoreFoW": false,
          "MeasureMovement": false,
          "DragSelectable": true,
          "Autoraise": true,
          "Sticky": true,
          "Tooltip": true,
          "GridProjection": false,
          "HideWhenFaceDown": true,
          "Hands": true,
          "CardID": 118,
          "SidewaysCard": false,
          "CustomDeck": {
            "1": {
              "FaceURL": "https://i.imgur.com/xk7zVnY.jpg",
              "BackURL": "https://i.imgur.com/C11vbri.jpg",
              "NumWidth": 6,
              "NumHeight": 4,
              "BackIsHidden": false,
              "UniqueBack": false,
              "Type": 0
            }
          },
          "LuaScript": "",
          "LuaScriptState": "",
          "XmlUI": "",
          "GUID": "64592f"
        },
        {
          "Name": "Card",
          "Transform": {
            "posX": 13.360466,
            "posY": 1.255585,
            "posZ": 0.0135960449,
            "rotX": 359.15744,
            "rotY": 180.061279,
            "rotZ": 179.935837,
            "scaleX": 1.0,
            "scaleY": 1.0,
            "scaleZ": 1.0
          },
          "Nickname": "L6 - Heavy Tanks",
          "Description": "Battle Card",
          "GMNotes": "",
          "ColorDiffuse": {
            "r": 0.713235259,
            "g": 0.713235259,
            "b": 0.713235259
          },
          "Locked": false,
          "Grid": true,
          "Snap": true,
          "IgnoreFoW": false,
          "MeasureMovement": false,
          "DragSelectable": true,
          "Autoraise": true,
          "Sticky": true,
          "Tooltip": true,
          "GridProjection": false,
          "HideWhenFaceDown": true,
          "Hands": true,
          "CardID": 114,
          "SidewaysCard": false,
          "CustomDeck": {
            "1": {
              "FaceURL": "https://i.imgur.com/xk7zVnY.jpg",
              "BackURL": "https://i.imgur.com/C11vbri.jpg",
              "NumWidth": 6,
              "NumHeight": 4,
              "BackIsHidden": false,
              "UniqueBack": false,
              "Type": 0
            }
          },
          "LuaScript": "",
          "LuaScriptState": "",
          "XmlUI": "",
          "GUID": "886237"
        },
        {
          "Name": "Card",
          "Transform": {
            "posX": -5.74844646,
            "posY": 1.11080182,
            "posZ": -5.698205,
            "rotX": 357.095856,
            "rotY": 180.009857,
            "rotZ": -0.002337995,
            "scaleX": 1.0,
            "scaleY": 1.0,
            "scaleZ": 1.0
          },
          "Nickname": "S5 - Blockade",
          "Description": "Battle Card",
          "GMNotes": "",
          "ColorDiffuse": {
            "r": 0.713235259,
            "g": 0.713235259,
            "b": 0.713235259
          },
          "Locked": false,
          "Grid": true,
          "Snap": true,
          "IgnoreFoW": false,
          "MeasureMovement": false,
          "DragSelectable": true,
          "Autoraise": true,
          "Sticky": true,
          "Tooltip": true,
          "GridProjection": false,
          "HideWhenFaceDown": true,
          "Hands": true,
          "CardID": 117,
          "SidewaysCard": false,
          "CustomDeck": {
            "1": {
              "FaceURL": "https://i.imgur.com/xk7zVnY.jpg",
              "BackURL": "https://i.imgur.com/C11vbri.jpg",
              "NumWidth": 6,
              "NumHeight": 4,
              "BackIsHidden": false,
              "UniqueBack": false,
              "Type": 0
            }
          },
          "LuaScript": "",
          "LuaScriptState": "",
          "XmlUI": "",
          "GUID": "34da6b"
        },
        {
          "Name": "Card",
          "Transform": {
            "posX": 11.7362156,
            "posY": 1.031704,
            "posZ": -7.686524,
            "rotX": -8.665725E-06,
            "rotY": 179.999908,
            "rotZ": -1.36224789E-05,
            "scaleX": 1.0,
            "scaleY": 1.0,
            "scaleZ": 1.0
          },
          "Nickname": "A1 - Support",
          "Description": "Battle Card",
          "GMNotes": "",
          "ColorDiffuse": {
            "r": 0.713235259,
            "g": 0.713235259,
            "b": 0.713235259
          },
          "Locked": false,
          "Grid": true,
          "Snap": true,
          "IgnoreFoW": false,
          "MeasureMovement": false,
          "DragSelectable": true,
          "Autoraise": true,
          "Sticky": true,
          "Tooltip": true,
          "GridProjection": false,
          "HideWhenFaceDown": true,
          "Hands": true,
          "CardID": 103,
          "SidewaysCard": false,
          "CustomDeck": {
            "1": {
              "FaceURL": "https://i.imgur.com/xk7zVnY.jpg",
              "BackURL": "https://i.imgur.com/C11vbri.jpg",
              "NumWidth": 6,
              "NumHeight": 4,
              "BackIsHidden": false,
              "UniqueBack": false,
              "Type": 0
            }
          },
          "LuaScript": "",
          "LuaScriptState": "",
          "XmlUI": "",
          "GUID": "19d572"
        },
        {
          "Name": "Card",
          "Transform": {
            "posX": 3.89366317,
            "posY": 1.031705,
            "posZ": -10.3214426,
            "rotX": -1.14966508E-06,
            "rotY": 179.999939,
            "rotZ": 5.55753E-06,
            "scaleX": 1.0,
            "scaleY": 1.0,
            "scaleZ": 1.0
          },
          "Nickname": "S1 - Transport",
          "Description": "Battle Card",
          "GMNotes": "",
          "ColorDiffuse": {
            "r": 0.713235259,
            "g": 0.713235259,
            "b": 0.713235259
          },
          "Locked": false,
          "Grid": true,
          "Snap": true,
          "IgnoreFoW": false,
          "MeasureMovement": false,
          "DragSelectable": true,
          "Autoraise": true,
          "Sticky": true,
          "Tooltip": true,
          "GridProjection": false,
          "HideWhenFaceDown": true,
          "Hands": true,
          "CardID": 115,
          "SidewaysCard": false,
          "CustomDeck": {
            "1": {
              "FaceURL": "https://i.imgur.com/xk7zVnY.jpg",
              "BackURL": "https://i.imgur.com/C11vbri.jpg",
              "NumWidth": 6,
              "NumHeight": 4,
              "BackIsHidden": false,
              "UniqueBack": false,
              "Type": 0
            }
          },
          "LuaScript": "",
          "LuaScriptState": "",
          "XmlUI": "",
          "GUID": "1ea63b"
        },
        {
          "Name": "Card",
          "Transform": {
            "posX": 9.338477,
            "posY": 1.03170359,
            "posZ": -4.2664175,
            "rotX": 1.10580486E-05,
            "rotY": 179.999985,
            "rotZ": -2.96935668E-05,
            "scaleX": 1.0,
            "scaleY": 1.0,
            "scaleZ": 1.0
          },
          "Nickname": "S3 - Maneuver",
          "Description": "Battle Card",
          "GMNotes": "",
          "ColorDiffuse": {
            "r": 0.713235259,
            "g": 0.713235259,
            "b": 0.713235259
          },
          "Locked": false,
          "Grid": true,
          "Snap": true,
          "IgnoreFoW": false,
          "MeasureMovement": false,
          "DragSelectable": true,
          "Autoraise": true,
          "Sticky": true,
          "Tooltip": true,
          "GridProjection": false,
          "HideWhenFaceDown": true,
          "Hands": true,
          "CardID": 119,
          "SidewaysCard": false,
          "CustomDeck": {
            "1": {
              "FaceURL": "https://i.imgur.com/xk7zVnY.jpg",
              "BackURL": "https://i.imgur.com/C11vbri.jpg",
              "NumWidth": 6,
              "NumHeight": 4,
              "BackIsHidden": false,
              "UniqueBack": false,
              "Type": 0
            }
          },
          "LuaScript": "",
          "LuaScriptState": "",
          "XmlUI": "",
          "GUID": "2aec77"
        },
        {
          "Name": "Card",
          "Transform": {
            "posX": 0.0563677363,
            "posY": 1.10681927,
            "posZ": -8.753887,
            "rotX": 2.76203346,
            "rotY": 180.0464,
            "rotZ": 0.00116648793,
            "scaleX": 1.0,
            "scaleY": 1.0,
            "scaleZ": 1.0
          },
          "Nickname": "L2 - Ambush",
          "Description": "Battle Card",
          "GMNotes": "",
          "ColorDiffuse": {
            "r": 0.713235259,
            "g": 0.713235259,
            "b": 0.713235259
          },
          "Locked": false,
          "Grid": true,
          "Snap": true,
          "IgnoreFoW": false,
          "MeasureMovement": false,
          "DragSelectable": true,
          "Autoraise": true,
          "Sticky": true,
          "Tooltip": true,
          "GridProjection": false,
          "HideWhenFaceDown": true,
          "Hands": true,
          "CardID": 110,
          "SidewaysCard": false,
          "CustomDeck": {
            "1": {
              "FaceURL": "https://i.imgur.com/xk7zVnY.jpg",
              "BackURL": "https://i.imgur.com/C11vbri.jpg",
              "NumWidth": 6,
              "NumHeight": 4,
              "BackIsHidden": false,
              "UniqueBack": false,
              "Type": 0
            }
          },
          "LuaScript": "",
          "LuaScriptState": "",
          "XmlUI": "",
          "GUID": "dbeb75"
        },
        {
          "Name": "Card",
          "Transform": {
            "posX": 5.65517235,
            "posY": 1.03170478,
            "posZ": 3.77309871,
            "rotX": 7.456369E-06,
            "rotY": 179.997437,
            "rotZ": -2.648339E-05,
            "scaleX": 1.0,
            "scaleY": 1.0,
            "scaleZ": 1.0
          },
          "Nickname": "A2 - Air Drop",
          "Description": "Battle Card",
          "GMNotes": "",
          "ColorDiffuse": {
            "r": 0.713235259,
            "g": 0.713235259,
            "b": 0.713235259
          },
          "Locked": false,
          "Grid": true,
          "Snap": true,
          "IgnoreFoW": false,
          "MeasureMovement": false,
          "DragSelectable": true,
          "Autoraise": true,
          "Sticky": true,
          "Tooltip": true,
          "GridProjection": false,
          "HideWhenFaceDown": true,
          "Hands": true,
          "CardID": 104,
          "SidewaysCard": false,
          "CustomDeck": {
            "1": {
              "FaceURL": "https://i.imgur.com/xk7zVnY.jpg",
              "BackURL": "https://i.imgur.com/C11vbri.jpg",
              "NumWidth": 6,
              "NumHeight": 4,
              "BackIsHidden": false,
              "UniqueBack": false,
              "Type": 0
            }
          },
          "LuaScript": "",
          "LuaScriptState": "",
          "XmlUI": "",
          "GUID": "4b3464"
        },
        {
          "Name": "Card",
          "Transform": {
            "posX": 7.04291534,
            "posY": 1.0317024,
            "posZ": 7.687863,
            "rotX": 1.14866189E-05,
            "rotY": 179.999954,
            "rotZ": 1.96756773E-05,
            "scaleX": 1.0,
            "scaleY": 1.0,
            "scaleZ": 1.0
          },
          "Nickname": "L4 - Cover Fire",
          "Description": "Battle Card",
          "GMNotes": "",
          "ColorDiffuse": {
            "r": 0.713235259,
            "g": 0.713235259,
            "b": 0.713235259
          },
          "Locked": false,
          "Grid": true,
          "Snap": true,
          "IgnoreFoW": false,
          "MeasureMovement": false,
          "DragSelectable": true,
          "Autoraise": true,
          "Sticky": true,
          "Tooltip": true,
          "GridProjection": false,
          "HideWhenFaceDown": true,
          "Hands": true,
          "CardID": 112,
          "SidewaysCard": false,
          "CustomDeck": {
            "1": {
              "FaceURL": "https://i.imgur.com/xk7zVnY.jpg",
              "BackURL": "https://i.imgur.com/C11vbri.jpg",
              "NumWidth": 6,
              "NumHeight": 4,
              "BackIsHidden": false,
              "UniqueBack": false,
              "Type": 0
            }
          },
          "LuaScript": "",
          "LuaScriptState": "",
          "XmlUI": "",
          "GUID": "bbf701"
        },
        {
          "Name": "Card",
          "Transform": {
            "posX": -3.79900384,
            "posY": 1.03167856,
            "posZ": -8.579153,
            "rotX": -0.00140238693,
            "rotY": 179.994949,
            "rotZ": 0.00200487161,
            "scaleX": 1.0,
            "scaleY": 1.0,
            "scaleZ": 1.0
          },
          "Nickname": "A5 - Containment",
          "Description": "Battle Card",
          "GMNotes": "",
          "ColorDiffuse": {
            "r": 0.713235259,
            "g": 0.713235259,
            "b": 0.713235259
          },
          "Locked": false,
          "Grid": true,
          "Snap": true,
          "IgnoreFoW": false,
          "MeasureMovement": false,
          "DragSelectable": true,
          "Autoraise": true,
          "Sticky": true,
          "Tooltip": true,
          "GridProjection": false,
          "HideWhenFaceDown": true,
          "Hands": true,
          "CardID": 107,
          "SidewaysCard": false,
          "CustomDeck": {
            "1": {
              "FaceURL": "https://i.imgur.com/xk7zVnY.jpg",
              "BackURL": "https://i.imgur.com/C11vbri.jpg",
              "NumWidth": 6,
              "NumHeight": 4,
              "BackIsHidden": false,
              "UniqueBack": false,
              "Type": 0
            }
          },
          "LuaScript": "",
          "LuaScriptState": "",
          "XmlUI": "",
          "GUID": "d7786f"
        },
        {
          "Name": "Card",
          "Transform": {
            "posX": 2.768028,
            "posY": 1.03169858,
            "posZ": -5.68646145,
            "rotX": -1.62430388E-06,
            "rotY": 179.999954,
            "rotZ": 1.88296472E-05,
            "scaleX": 1.0,
            "scaleY": 1.0,
            "scaleZ": 1.0
          },
          "Nickname": "A4 - Aerodrome",
          "Description": "Battle Card",
          "GMNotes": "",
          "ColorDiffuse": {
            "r": 0.713235259,
            "g": 0.713235259,
            "b": 0.713235259
          },
          "Locked": false,
          "Grid": true,
          "Snap": true,
          "IgnoreFoW": false,
          "MeasureMovement": false,
          "DragSelectable": true,
          "Autoraise": true,
          "Sticky": true,
          "Tooltip": true,
          "GridProjection": false,
          "HideWhenFaceDown": true,
          "Hands": true,
          "CardID": 106,
          "SidewaysCard": false,
          "CustomDeck": {
            "1": {
              "FaceURL": "https://i.imgur.com/xk7zVnY.jpg",
              "BackURL": "https://i.imgur.com/C11vbri.jpg",
              "NumWidth": 6,
              "NumHeight": 4,
              "BackIsHidden": false,
              "UniqueBack": false,
              "Type": 0
            }
          },
          "LuaScript": "",
          "LuaScriptState": "",
          "XmlUI": "",
          "GUID": "2386a2"
        },
        {
          "Name": "Card",
          "Transform": {
            "posX": 13.3607588,
            "posY": 1.25814438,
            "posZ": 0.02490818,
            "rotX": 0.9834431,
            "rotY": 179.9823,
            "rotZ": 179.92366,
            "scaleX": 1.0,
            "scaleY": 1.0,
            "scaleZ": 1.0
          },
          "Nickname": "S2 - Escalation",
          "Description": "Battle Card\n",
          "GMNotes": "",
          "ColorDiffuse": {
            "r": 0.713235259,
            "g": 0.713235259,
            "b": 0.713235259
          },
          "Locked": false,
          "Grid": true,
          "Snap": true,
          "IgnoreFoW": false,
          "MeasureMovement": false,
          "DragSelectable": true,
          "Autoraise": true,
          "Sticky": true,
          "Tooltip": true,
          "GridProjection": false,
          "HideWhenFaceDown": true,
          "Hands": true,
          "CardID": 116,
          "SidewaysCard": false,
          "CustomDeck": {
            "1": {
              "FaceURL": "https://i.imgur.com/xk7zVnY.jpg",
              "BackURL": "https://i.imgur.com/C11vbri.jpg",
              "NumWidth": 6,
              "NumHeight": 4,
              "BackIsHidden": false,
              "UniqueBack": false,
              "Type": 0
            }
          },
          "LuaScript": "",
          "LuaScriptState": "",
          "XmlUI": "",
          "GUID": "5b1510"
        },
        {
          "Name": "Card",
          "Transform": {
            "posX": -1.56368637,
            "posY": 1.031699,
            "posZ": -5.718743,
            "rotX": -0.000107156004,
            "rotY": 179.999954,
            "rotZ": -0.000214434156,
            "scaleX": 1.0,
            "scaleY": 1.0,
            "scaleZ": 1.0
          },
          "Nickname": "A3 - Maneuver",
          "Description": "Battle Card",
          "GMNotes": "",
          "ColorDiffuse": {
            "r": 0.713235259,
            "g": 0.713235259,
            "b": 0.713235259
          },
          "Locked": false,
          "Grid": true,
          "Snap": true,
          "IgnoreFoW": false,
          "MeasureMovement": false,
          "DragSelectable": true,
          "Autoraise": true,
          "Sticky": true,
          "Tooltip": true,
          "GridProjection": false,
          "HideWhenFaceDown": true,
          "Hands": true,
          "CardID": 105,
          "SidewaysCard": false,
          "CustomDeck": {
            "1": {
              "FaceURL": "https://i.imgur.com/xk7zVnY.jpg",
              "BackURL": "https://i.imgur.com/C11vbri.jpg",
              "NumWidth": 6,
              "NumHeight": 4,
              "BackIsHidden": false,
              "UniqueBack": false,
              "Type": 0
            }
          },
          "LuaScript": "",
          "LuaScriptState": "",
          "XmlUI": "",
          "GUID": "c394a3"
        },
        {
          "Name": "Card",
          "Transform": {
            "posX": 0.528361559,
            "posY": 1.03170669,
            "posZ": 4.644725,
            "rotX": 1.49785792E-05,
            "rotY": 180.0,
            "rotZ": 4.56151756E-05,
            "scaleX": 1.0,
            "scaleY": 1.0,
            "scaleZ": 1.0
          },
          "Nickname": "L1 - Reinforce",
          "Description": "Battle Card",
          "GMNotes": "",
          "ColorDiffuse": {
            "r": 0.713235259,
            "g": 0.713235259,
            "b": 0.713235259
          },
          "Locked": false,
          "Grid": true,
          "Snap": true,
          "IgnoreFoW": false,
          "MeasureMovement": false,
          "DragSelectable": true,
          "Autoraise": true,
          "Sticky": true,
          "Tooltip": true,
          "GridProjection": false,
          "HideWhenFaceDown": true,
          "Hands": true,
          "CardID": 109,
          "SidewaysCard": false,
          "CustomDeck": {
            "1": {
              "FaceURL": "https://i.imgur.com/xk7zVnY.jpg",
              "BackURL": "https://i.imgur.com/C11vbri.jpg",
              "NumWidth": 6,
              "NumHeight": 4,
              "BackIsHidden": false,
              "UniqueBack": false,
              "Type": 0
            }
          },
          "LuaScript": "",
          "LuaScriptState": "",
          "XmlUI": "",
          "GUID": "c2ee2d"
        },
        {
          "Name": "Card",
          "Transform": {
            "posX": 9.204444,
            "posY": 1.03176665,
            "posZ": 3.83286762,
            "rotX": 0.0004666727,
            "rotY": 179.994568,
            "rotZ": -0.0009190761,
            "scaleX": 1.0,
            "scaleY": 1.0,
            "scaleZ": 1.0
          },
          "Nickname": "L3 - Maneuver",
          "Description": "Battle Card",
          "GMNotes": "",
          "ColorDiffuse": {
            "r": 0.713235259,
            "g": 0.713235259,
            "b": 0.713235259
          },
          "Locked": false,
          "Grid": true,
          "Snap": true,
          "IgnoreFoW": false,
          "MeasureMovement": false,
          "DragSelectable": true,
          "Autoraise": true,
          "Sticky": true,
          "Tooltip": true,
          "GridProjection": false,
          "HideWhenFaceDown": true,
          "Hands": true,
          "CardID": 111,
          "SidewaysCard": false,
          "CustomDeck": {
            "1": {
              "FaceURL": "https://i.imgur.com/xk7zVnY.jpg",
              "BackURL": "https://i.imgur.com/C11vbri.jpg",
              "NumWidth": 6,
              "NumHeight": 4,
              "BackIsHidden": false,
              "UniqueBack": false,
              "Type": 0
            }
          },
          "LuaScript": "",
          "LuaScriptState": "",
          "XmlUI": "",
          "GUID": "6b6ad1"
        },
        {
          "Name": "Card",
          "Transform": {
            "posX": 10.0736656,
            "posY": 1.12219024,
            "posZ": 6.767852,
            "rotX": 357.52536,
            "rotY": 179.98996,
            "rotZ": 1.20692015,
            "scaleX": 1.0,
            "scaleY": 1.0,
            "scaleZ": 1.0
          },
          "Nickname": "L5 - Disrupt",
          "Description": "Battle Card",
          "GMNotes": "",
          "ColorDiffuse": {
            "r": 0.713235259,
            "g": 0.713235259,
            "b": 0.713235259
          },
          "Locked": false,
          "Grid": true,
          "Snap": true,
          "IgnoreFoW": false,
          "MeasureMovement": false,
          "DragSelectable": true,
          "Autoraise": true,
          "Sticky": true,
          "Tooltip": true,
          "GridProjection": false,
          "HideWhenFaceDown": true,
          "Hands": true,
          "CardID": 113,
          "SidewaysCard": false,
          "CustomDeck": {
            "1": {
              "FaceURL": "https://i.imgur.com/xk7zVnY.jpg",
              "BackURL": "https://i.imgur.com/C11vbri.jpg",
              "NumWidth": 6,
              "NumHeight": 4,
              "BackIsHidden": false,
              "UniqueBack": false,
              "Type": 0
            }
          },
          "LuaScript": "",
          "LuaScriptState": "",
          "XmlUI": "",
          "GUID": "1ea936"
        }
      ],
      "GUID": "2370cc"
    },
    {
      "Name": "Custom_PDF",
      "Transform": {
        "posX": -18.0,
        "posY": 2.0,
        "posZ": -1.64078665,
        "rotX": 44.9999962,
        "rotY": 90.0,
        "rotZ": 2.17335273E-05,
        "scaleX": 1.0,
        "scaleY": 1.0,
        "scaleZ": 1.0
      },
      "Nickname": "",
      "Description": "",
      "GMNotes": "",
      "ColorDiffuse": {
        "r": 1.0,
        "g": 1.0,
        "b": 1.0
      },
      "Locked": true,
      "Grid": true,
      "Snap": true,
      "IgnoreFoW": false,
      "MeasureMovement": false,
      "DragSelectable": true,
      "Autoraise": true,
      "Sticky": true,
      "Tooltip": true,
      "GridProjection": false,
      "HideWhenFaceDown": false,
      "Hands": false,
      "CustomPDF": {
        "PDFUrl": "http://cloud-3.steamusercontent.com/ugc/1009310346909701897/A281D45B7D35D801A5E7424F7BD28B5CDA712603/",
        "PDFPassword": "",
        "PDFPage": 0,
        "PDFPageOffset": 0
      },
      "LuaScript": "",
      "LuaScriptState": "",
      "XmlUI": "",
      "GUID": "b9e5a0"
    },
    {
      "Name": "Custom_Tile",
      "Transform": {
        "posX": -18.0,
        "posY": 2.0,
        "posZ": 1.51266086,
        "rotX": 45.0000076,
        "rotY": 90.0,
        "rotZ": 0.0,
        "scaleX": 1.81806588,
        "scaleY": 1.0,
        "scaleZ": 1.81806588
      },
      "Nickname": "",
      "Description": "",
      "GMNotes": "",
      "ColorDiffuse": {
        "r": 1.0,
        "g": 1.0,
        "b": 1.0
      },
      "Locked": true,
      "Grid": true,
      "Snap": true,
      "IgnoreFoW": false,
      "MeasureMovement": false,
      "DragSelectable": true,
      "Autoraise": true,
      "Sticky": true,
      "Tooltip": true,
      "GridProjection": false,
      "HideWhenFaceDown": false,
      "Hands": false,
      "CustomImage": {
        "ImageURL": "http://cloud-3.steamusercontent.com/ugc/1004807631225997063/4974A46E5D40477C7427088559858F459AB1FAD2/",
        "ImageSecondaryURL": "http://cloud-3.steamusercontent.com/ugc/1004807631225997063/4974A46E5D40477C7427088559858F459AB1FAD2/",
        "ImageScalar": 1.0,
        "WidthScale": 0.0,
        "CustomTile": {
          "Type": 3,
          "Thickness": 0.1,
          "Stackable": false,
          "Stretch": true
        }
      },
      "LuaScript": "",
      "LuaScriptState": "",
      "XmlUI": "",
      "GUID": "9b7668"
    }
  ],
  "LuaScript": "air = '1249bb'\nland = '80a9b5'\nsea = '370e53'\ncampaigns = {air, land, sea}\nbutton_area = '4ec1aa'\ndeck_area = '87fd04'\ncards = {}\n\nred_scoring_area = '60ed32'\nblue_scoring_area = 'c57a2e'\n\nred_score_text = '3ec468'\nblue_score_text = '212ec6'\n\ncampaign_zones = {'f4723e', '9d89a8', '653dfb'}\ncan_cycle = true\nstack = nil\n\nfunction onLoad()\n    math.randomseed(os.time() + math.random())\n    createNewGameButton()\n    createNextRoundButton()\n    blue_turn_area = getObjectFromGUID('22b6bb')\n    red_turn_area = getObjectFromGUID('62fd42')\n\n    first_player_card = getObjectFromGUID('83993b')\n    second_player_card = getObjectFromGUID('f4398e')\n\n    blue_turn_area = getObjectFromGUID('22b6bb')\n    red_turn_area = getObjectFromGUID('62fd42')\nend\n\nfunction onObjectEnterScriptingZone(scripting_zone, object)\n    if scripting_zone.getGUID() == blue_scoring_area then\n        objects = scripting_zone.getObjects()\n        table.insert(objects, object)\n        text = getObjectFromGUID(blue_score_text)\n        scoreZone(objects, text)\n    end\n    if scripting_zone.getGUID() == red_scoring_area then\n        objects = scripting_zone.getObjects()\n        table.insert(objects, object)\n        text = getObjectFromGUID(red_score_text)\n        scoreZone(objects, text)\n    end\nend\n\nfunction onObjectLeaveScriptingZone(scripting_zone, object)\n    if scripting_zone.getGUID() == blue_scoring_area then\n        objects = scripting_zone.getObjects()\n        text = getObjectFromGUID(blue_score_text)\n        scoreZone(objects, text)\n    end\n    if scripting_zone.getGUID() == red_scoring_area then\n        objects = scripting_zone.getObjects()\n        text = getObjectFromGUID(red_score_text)\n        scoreZone(objects, text)\n    end\nend\n\nfunction easyGroup(guids)\n    objs = {}\n    for _, guid in ipairs(guids) do\n        obj = getObjectFromGUID(guid)\n        if obj ~= nil then table.insert(objs, obj) end\n    end\n    return group(objs)\nend\n\nfunction resetScoringTokens()\n    ones = easyGroup(getScoringTokensOfValue(1))[1].split()\n    threes = easyGroup(getScoringTokensOfValue(3))[1].split()\n    sixes = easyGroup(getScoringTokensOfValue(6))[1]\n\n    ones[1].setPositionSmooth({-13.8, 1.06, -4.55}, false, true)\n    ones[1].setRotationSmooth({0, 90, 0})\n    ones[2].setPositionSmooth({-13.8, 1.06, 4.55}, false, true)\n    ones[2].setRotationSmooth({0, 90, 0})\n    threes[1].setPositionSmooth({-13.8, 1.06, -2.5}, false, true)\n    threes[1].setRotationSmooth({0, 90, 0})\n    threes[2].setPositionSmooth({-13.8, 1.06, 2.5}, false, true)\n    threes[2].setRotationSmooth({0, 90, 0})\n    sixes.setPositionSmooth({-13.8, 1.06, 0}, false, true)\n    sixes.setRotationSmooth({0, 90, 0})\nend\n\nfunction scoreZone(objects, text)\n    score = 0\n\n    for _, token in ipairs(objects) do\n        if string.find(token.getDescription(), \"Point\") then\n            count = 1\n            if token.getQuantity() > 0 then\n                count = token.getQuantity()\n            end\n            score = score + count * tonumber(token.getName())\n        end\n    end\n\n    text.TextTool.setValue(tostring(score))\nend\n\nfunction createNewGameButton()\n    button_parameters = {}\n    button_parameters.click_function = 'startNewGame'\n    button_parameters.function_owner = nil\n    button_parameters.label = 'New Game'\n    button_parameters.position = {0, 1.2, -1.5}\n    button_parameters.rotation = {-45, 0, 0}\n    button_parameters.width = 1200\n    button_parameters.height = 500\n    button_parameters.font_size = 200\n    button_parameters.color = color(0.8, 0.3, 0.3)\n    button_parameters.font_color = color(1, 0.5, 0.5)\n\n    getObjectFromGUID(button_area).createButton(button_parameters)\nend\n\nfunction createNextRoundButton()\n    button_parameters = {}\n    button_parameters.click_function = 'startNextRound'\n    button_parameters.function_owner = nil\n    button_parameters.label = 'Next Round'\n    button_parameters.position = {0, 0.25, 0}\n    button_parameters.rotation = {-20, 0, 0}\n    button_parameters.width = 1200\n    button_parameters.height = 600\n    button_parameters.font_size = 200\n    button_parameters.color = color(0.5, 0.8, 0.5)\n    button_parameters.font_color = color(0.3, 0.4, 0.3)\n\n    getObjectFromGUID(button_area).createButton(button_parameters)\nend\n\nfunction getScoringTokensOfValue(value)\n    local radius = 300\n    local objList = Physics.cast({\n        origin = pos,\n        direction = {0, 1, 0},\n        type = 2,\n        size = {radius, radius, radius},\n        max_distance = 0,\n        debug = (debug or false)\n    })\n\n    local refinedList = {}\n    for _, obj in ipairs(objList) do\n        if obj.hit_object.tag == \"Tile\" then\n            if string.find(obj.hit_object.getDescription(), \"Point\") then\n                if (string.find(obj.hit_object.getName(), tostring(value))) then\n                    table.insert(refinedList, obj.hit_object.guid)\n                end\n            end\n        end\n    end\n\n    return refinedList\nend\n\nfunction getAllBattleCards()\n    local radius = 300\n    local objList = Physics.cast({\n        origin = pos,\n        direction = {0, 1, 0},\n        type = 2,\n        size = {radius, radius, radius},\n        max_distance = 0,\n        debug = (debug or false)\n    })\n\n    local refinedList = {}\n    for _, obj in ipairs(objList) do\n        if obj.hit_object.tag == \"Deck\" then\n            battleCardDeck = true\n            for _, card in ipairs(obj.hit_object.getObjects()) do\n                if not string.find(card.description, \"Battle Card\") then\n                    battleCardDeck = false\n                end\n            end\n            if battleCardDeck then\n                table.insert(refinedList, obj.hit_object.guid)\n            end\n        end\n        if string.find(obj.hit_object.getDescription(), \"Battle Card\") then\n            table.insert(refinedList, obj.hit_object.guid)\n        end\n    end\n\n    return refinedList\nend\n\nfunction returnCards()\n    deckspot = getObjectFromGUID(deck_area)\n    cards = getAllBattleCards()\n\n    card_objects = {}\n    for k, v in pairs(cards) do\n        ob = getObjectFromGUID(v)\n        if ob ~= nil then table.insert(card_objects, ob) end\n    end\n\n    stack = group(card_objects)[1]\n\n    setPositionAndRotationSmooth(stack, deckspot, true)\n    stack.shuffle()\n\nend\n\nfunction dealCards() stack.deal(6) end\n\nfunction startNewGame()\n    if can_cycle then\n        print(\"Starting New Game.\")\n        can_cycle = false\n        Wait.time(function() can_cycle = true end, 1)\n        shuffleCampaignCards()\n        randomizeStartPlayer()\n        returnCards()\n        resetScoringTokens()\n        Wait.time(function() dealCards() end, 0.2)\n    end\nend\n\nfunction shuffleCampaignCards()\n    campaigns = shuffle(campaigns)\n    for i, guid in pairs(campaigns) do\n        local c = getObjectFromGUID(guid)\n        local zone = getObjectFromGUID(campaign_zones[i])\n        c.setPositionSmooth(zone.getPosition())\n    end\nend\n\nfunction randomizeStartPlayer()\n    turns = shuffle({blue_turn_area, red_turn_area})\n\n    setPositionAndRotationSmooth(first_player_card, turns[1])\n    setPositionAndRotationSmooth(second_player_card, turns[2])\nend\n\nfunction setPositionAndRotationSmooth(source, destination, fast)\n    if fast ~= true then fast = false end\n    source.setPositionSmooth(destination.getPosition())\n    source.setRotationSmooth(destination.getRotation())\nend\n\nfunction getTheaterCard(zone)\n    objects = zone.getObjects()\n    for _,c in pairs(objects) do\n        desc = c.getDescription()\n        if desc == \"Air\" or desc == \"Land\" or desc == \"Sea\" then\n            return c\n        end\n    end\n    return nil\nend\n\nfunction getTurnOrderCard(zone)\n    cards = zone.getObjects()\n    for _, o in ipairs(cards) do\n        if o == first_player_card or o == second_player_card then\n            return o\n        end\n    end\n    return nil\nend\n\nfunction startNextRound()\n    -- Prevent users for double clicking card cycle before complete\n    if can_cycle then\n        blue_turn_area = getObjectFromGUID('22b6bb')\n        blue_card = getTurnOrderCard(blue_turn_area)\n        if blue_card == nil then\n            startNewGame()\n        else\n            can_cycle = false\n            Wait.time(function() can_cycle = true end, 1)\n            print(\"Starting New Round.\")\n            cycleFirstPlayerCards()\n            cycleCampaignCards()\n            returnCards()\n            Wait.time(function() dealCards() end, 0.2)\n        end\n    end\nend\n\nfunction cycleFirstPlayerCards()\n    blue_card = getTurnOrderCard(blue_turn_area)\n\n    red_card = getTurnOrderCard(red_turn_area)\n\n    setPositionAndRotationSmooth(blue_card, red_turn_area)\n    setPositionAndRotationSmooth(red_card, blue_turn_area)\nend\n\nfunction cycleCampaignCards()\n    zone1 = getObjectFromGUID(campaign_zones[3])\n    zone2 = getObjectFromGUID(campaign_zones[2])\n    zone3 = getObjectFromGUID(campaign_zones[1])\n\n    card1 = getTheaterCard(zone1)\n    card2 = getTheaterCard(zone2)\n    card3 = getTheaterCard(zone3)\n\n    -- Slightly lift off table to prevent clipping\n    zone3up = zone3.getPosition()\n    zone3up.y = zone3up.y + 0.5\n\n    card1.setPositionSmooth(zone3up)\n    card2.setPositionSmooth(zone1.getPosition())\n    card3.setPositionSmooth(zone2.getPosition())\n    Wait.time(function() card1.setPositionSmooth(zone3.getPosition()) end, 0.25)\nend\n\n-- HELPERS\nfunction shuffle(a)\n    local c = #a\n    for i = 1, c do\n        local ndx0 = math.random(1, c)\n        a[ndx0], a[i] = a[i], a[ndx0]\n    end\n    return a\nend\n\n-- DEBUG HELPERS\nfunction tprint(tbl, indent)\n    if not indent then indent = 0 end\n    local toprint = string.rep(\" \", indent) .. \"{\\r\\n\"\n    indent = indent + 2\n    for k, v in pairs(tbl) do\n        toprint = toprint .. string.rep(\" \", indent)\n        if (type(k) == \"number\") then\n            toprint = toprint .. \"[\" .. k .. \"] = \"\n        elseif (type(k) == \"string\") then\n            toprint = toprint .. k .. \"= \"\n        end\n        if (type(v) == \"number\") then\n            toprint = toprint .. v .. \",\\r\\n\"\n        elseif (type(v) == \"string\") then\n            toprint = toprint .. \"\\\"\" .. v .. \"\\\",\\r\\n\"\n        elseif (type(v) == \"table\") then\n            toprint = toprint .. tprint(v, indent + 2) .. \",\\r\\n\"\n        else\n            toprint = toprint .. \"\\\"\" .. tostring(v) .. \"\\\",\\r\\n\"\n        end\n    end\n    toprint = toprint .. string.rep(\" \", indent - 2) .. \"}\"\n    print(toprint)\nend",
  "LuaScriptState": "",
  "XmlUI": "<!-- Xml UI. See documentation: https://api.tabletopsimulator.com/ui/introUI/ -->",
  "SnapPoints": [
    {
      "Position": {
        "x": -13.8000469,
        "y": 0.9611349,
        "z": 4.58600569
      },
      "Rotation": {
        "x": -3.59919841E-06,
        "y": 89.99884,
        "z": 2.12753312E-05
      }
    },
    {
      "Position": {
        "x": -13.8002329,
        "y": 0.9611349,
        "z": 2.53878427
      },
      "Rotation": {
        "x": -0.000151027372,
        "y": 89.99659,
        "z": 0.0001417317
      }
    },
    {
      "Position": {
        "x": -13.8000784,
        "y": 0.9611349,
        "z": -0.000315409765
      },
      "Rotation": {
        "x": 1.91748622E-05,
        "y": 90.01174,
        "z": -4.605208E-05
      }
    },
    {
      "Position": {
        "x": -13.8000879,
        "y": 0.9611349,
        "z": -2.49606442
      },
      "Rotation": {
        "x": -0.00336426124,
        "y": 90.01101,
        "z": -0.000746544159
      }
    },
    {
      "Position": {
        "x": -13.800292,
        "y": 0.9611349,
        "z": -4.521742
      },
      "Rotation": {
        "x": -0.0001477944,
        "y": 90.0007858,
        "z": 4.12838162E-05
      }
    },
    {
      "Position": {
        "x": 13.3600473,
        "y": 0.9611349,
        "z": 0.0199995432
      },
      "Rotation": {
        "x": 1.3088199E-05,
        "y": 179.999878,
        "z": 179.999954
      }
    }
  ],
  "VersionNumber": "v12.3.5"
}