{
  "SaveName": "Wooden Cabin - Room",
  "GameMode": "Custom",
  "Date": "7/23/2017 5:45:02 AM",
  "Gravity": 0.5,
  "PlayArea": 0.5,
  "GameType": "",
  "GameComplexity": "",
  "Tags": [],
  "Table": "Table_None",
  "Sky": "Sky_Forest",
  "Note": "\n\n\n\n\n\n\n\n\n\n\n\n\n\n\n\n\n\n\n\nThis Room was made by Royal Tampon\n\nIf you want a darker Floor just change the state to 2\n",
  "Rules": "",
  "Grid": {
    "Type": 0,
    "Lines": false,
    "Color": {
      "r": 0.0,
      "g": 0.0,
      "b": 0.0
    },
    "Opacity": 0.75,
    "ThickLines": false,
    "Snapping": false,
    "Offset": false,
    "BothSnapping": false,
    "xSize": 2.0,
    "ySize": 2.0,
    "PosOffset": {
      "x": 0.0,
      "y": 1.0,
      "z": 0.0
    }
  },
  "Lighting": {
    "LightIntensity": 0.496000975,
    "LightColor": {
      "r": 1.0,
      "g": 0.9804,
      "b": 0.8902
    },
    "AmbientIntensity": 1.584001,
    "AmbientType": 0,
    "AmbientSkyColor": {
      "r": 1.0,
      "g": 1.0,
      "b": 1.0
    },
    "AmbientEquatorColor": {
      "r": 1.0,
      "g": 1.0,
      "b": 1.0
    },
    "AmbientGroundColor": {
      "r": 0.5,
      "g": 0.5,
      "b": 0.5
    },
    "ReflectionIntensity": 0.012,
    "LutIndex": 0,
    "LutContribution": 1.0
  },
  "Hands": {
    "Enable": true,
    "DisableUnused": false,
    "Hiding": 0,
    "HandTransforms": [
      {
        "Color": "Blue",
        "Transform": {
          "posX": 23.6700039,
          "posY": 3.34820342,
          "posZ": 34.4527626,
          "rotX": 0.0,
          "rotY": 179.8,
          "rotZ": 0.0,
          "scaleX": 15.3306246,
          "scaleY": 11.8970528,
          "scaleZ": 6.35200453
        }
      },
      {
        "Color": "Brown",
        "Transform": {
          "posX": 0.0,
          "posY": 3.34820342,
          "posZ": -34.42515,
          "rotX": 0.0,
          "rotY": 0.0,
          "rotZ": 0.0,
          "scaleX": 15.3268919,
          "scaleY": 11.8970528,
          "scaleZ": 6.35014534
        }
      },
      {
        "Color": "Green",
        "Transform": {
          "posX": -23.6700039,
          "posY": 3.34820342,
          "posZ": 34.43159,
          "rotX": 0.0,
          "rotY": 180.000031,
          "rotZ": 0.0,
          "scaleX": 15.3268747,
          "scaleY": 11.8970528,
          "scaleZ": 6.35014534
        }
      },
      {
        "Color": "Orange",
        "Transform": {
          "posX": -51.6596222,
          "posY": 3.34820342,
          "posZ": -11.7324,
          "rotX": 0.0,
          "rotY": 90.0,
          "rotZ": 0.0,
          "scaleX": 15.1973715,
          "scaleY": 11.8970528,
          "scaleZ": 6.407481
        }
      },
      {
        "Color": "Pink",
        "Transform": {
          "posX": 51.64263,
          "posY": 3.34820342,
          "posZ": -11.7324,
          "rotX": 0.0,
          "rotY": 270.0,
          "rotZ": 0.0,
          "scaleX": 15.1973476,
          "scaleY": 11.8970528,
          "scaleZ": 6.407481
        }
      },
      {
        "Color": "Purple",
        "Transform": {
          "posX": 51.5785675,
          "posY": 3.34820342,
          "posZ": 11.7324,
          "rotX": 0.0,
          "rotY": 270.0,
          "rotZ": 0.0,
          "scaleX": 15.1973581,
          "scaleY": 11.8970528,
          "scaleZ": 6.407481
        }
      },
      {
        "Color": "Red",
        "Transform": {
          "posX": -23.6700039,
          "posY": 3.34820342,
          "posZ": -34.42515,
          "rotX": 0.0,
          "rotY": 0.0,
          "rotZ": 0.0,
          "scaleX": 15.3268948,
          "scaleY": 11.8970528,
          "scaleZ": 6.35014534
        }
      },
      {
        "Color": "Teal",
        "Transform": {
          "posX": 0.0,
          "posY": 3.34820342,
          "posZ": 34.4527626,
          "rotX": 0.0,
          "rotY": 179.800049,
          "rotZ": 0.0,
          "scaleX": 15.3306274,
          "scaleY": 11.8970528,
          "scaleZ": 6.35200453
        }
      },
      {
        "Color": "White",
        "Transform": {
          "posX": 23.6700039,
          "posY": 3.34820342,
          "posZ": -34.2558136,
          "rotX": 0.0,
          "rotY": 0.0,
          "rotZ": 0.0,
          "scaleX": 15.3268747,
          "scaleY": 11.8970547,
          "scaleZ": 6.705048
        }
      },
      {
        "Color": "Yellow",
        "Transform": {
          "posX": -51.6596222,
          "posY": 3.34820342,
          "posZ": 11.7324,
          "rotX": 0.0,
          "rotY": 90.0,
          "rotZ": 0.0,
          "scaleX": 15.1973619,
          "scaleY": 11.8970528,
          "scaleZ": 6.407481
        }
      }
    ]
  },
  "Turns": {
    "Enable": false,
    "Type": 0,
    "TurnOrder": [],
    "Reverse": false,
    "SkipEmpty": false,
    "DisableInteractions": false,
    "PassTurns": true,
    "TurnColor": ""
  },
  "TabStates": {
    "0": {
      "title": "Rules",
      "body": "This Room was made by Royal Tampon",
      "color": "Grey",
      "visibleColor": {
        "r": 0.5,
        "g": 0.5,
        "b": 0.5
      },
      "id": 0
    },
    "1": {
      "title": "White",
      "body": "",
      "color": "White",
      "visibleColor": {
        "r": 1.0,
        "g": 1.0,
        "b": 1.0
      },
      "id": 1
    },
    "2": {
      "title": "Brown",
      "body": "",
      "color": "Brown",
      "visibleColor": {
        "r": 0.443,
        "g": 0.231,
        "b": 0.09
      },
      "id": 2
    },
    "3": {
      "title": "Red",
      "body": "",
      "color": "Red",
      "visibleColor": {
        "r": 0.856,
        "g": 0.1,
        "b": 0.094
      },
      "id": 3
    },
    "4": {
      "title": "Orange",
      "body": "",
      "color": "Orange",
      "visibleColor": {
        "r": 0.956,
        "g": 0.392,
        "b": 0.113
      },
      "id": 4
    },
    "5": {
      "title": "Yellow",
      "body": "",
      "color": "Yellow",
      "visibleColor": {
        "r": 0.905,
        "g": 0.898,
        "b": 0.172
      },
      "id": 5
    },
    "6": {
      "title": "Green",
      "body": "",
      "color": "Green",
      "visibleColor": {
        "r": 0.192,
        "g": 0.701,
        "b": 0.168
      },
      "id": 6
    },
    "7": {
      "title": "Blue",
      "body": "",
      "color": "Blue",
      "visibleColor": {
        "r": 0.118,
        "g": 0.53,
        "b": 1.0
      },
      "id": 7
    },
    "8": {
      "title": "Teal",
      "body": "",
      "color": "Teal",
      "visibleColor": {
        "r": 0.129,
        "g": 0.694,
        "b": 0.607
      },
      "id": 8
    },
    "9": {
      "title": "Purple",
      "body": "",
      "color": "Purple",
      "visibleColor": {
        "r": 0.627,
        "g": 0.125,
        "b": 0.941
      },
      "id": 9
    },
    "10": {
      "title": "Pink",
      "body": "",
      "color": "Pink",
      "visibleColor": {
        "r": 0.96,
        "g": 0.439,
        "b": 0.807
      },
      "id": 10
    },
    "11": {
      "title": "Black",
      "body": "",
      "color": "Black",
      "visibleColor": {
        "r": 0.25,
        "g": 0.25,
        "b": 0.25
      },
      "id": 11
    }
  },
  "DecalPallet": [],
  "ObjectStates": [
    {
      "Name": "Custom_Model",
      "Transform": {
        "posX": -45.0,
        "posY": -47.1,
        "posZ": 1.5223972E-16,
        "rotX": 0.0,
        "rotY": 6.368786E-08,
        "rotZ": -1.429584E-07,
        "scaleX": 5.0,
        "scaleY": 5.0,
        "scaleZ": 5.0
      },
      "Nickname": "",
      "Description": "",
      "GMNotes": "",
      "ColorDiffuse": {
        "r": 1.0,
        "g": 1.0,
        "b": 1.0
      },
      "Locked": true,
      "Grid": true,
      "Snap": true,
      "IgnoreFoW": false,
      "MeasureMovement": false,
      "DragSelectable": true,
      "Autoraise": true,
      "Sticky": true,
      "Tooltip": true,
      "GridProjection": false,
      "CustomMesh": {
        "MeshURL": "https://drive.google.com/uc?export=download&id=0B5cOAHdO37fuRkt2YkV0M2VVZXM",
        "DiffuseURL": "https://drive.google.com/uc?export=download&id=0B5cOAHdO37fuUHJ0bVpVdFB5bGc",
        "NormalURL": "",
        "ColliderURL": "https://drive.google.com/uc?export=download&id=0B5cOAHdO37fuRkt2YkV0M2VVZXM",
        "Convex": false,
        "MaterialIndex": 1,
        "TypeIndex": 0,
        "CastShadows": true
      },
      "LuaScript": "",
      "LuaScriptState": "",
      "XmlUI": "",
      "GUID": "0e616e"
    },
    {
      "Name": "Custom_Model",
      "Transform": {
        "posX": -45.0,
        "posY": -47.1,
        "posZ": 0.0,
        "rotX": 0.0,
        "rotY": 6.368786E-08,
        "rotZ": -1.429584E-07,
        "scaleX": 5.0,
        "scaleY": 5.0,
        "scaleZ": 5.0
      },
      "Nickname": "",
      "Description": "",
      "GMNotes": "",
      "ColorDiffuse": {
        "r": 1.0,
        "g": 1.0,
        "b": 1.0
      },
      "Locked": true,
      "Grid": true,
      "Snap": true,
      "IgnoreFoW": false,
      "MeasureMovement": false,
      "DragSelectable": true,
      "Autoraise": true,
      "Sticky": true,
      "Tooltip": true,
      "GridProjection": false,
      "CustomMesh": {
        "MeshURL": "https://drive.google.com/uc?export=download&id=0B5cOAHdO37fuNEVfT0J2ZU5qYUU",
        "DiffuseURL": "https://drive.google.com/uc?export=download&id=0B5cOAHdO37fud28zcWptOUIyS1k",
        "NormalURL": "",
        "ColliderURL": "https://drive.google.com/uc?export=download&id=0B5cOAHdO37fuNEVfT0J2ZU5qYUU",
        "Convex": false,
        "MaterialIndex": 1,
        "TypeIndex": 0,
        "CastShadows": true
      },
      "LuaScript": "",
      "LuaScriptState": "",
      "XmlUI": "",
      "GUID": "8c47d7"
    },
    {
      "Name": "Custom_Model",
      "Transform": {
        "posX": -45.0,
        "posY": -47.1,
        "posZ": 5.22504422E-08,
        "rotX": 0.0,
        "rotY": 6.368786E-08,
        "rotZ": -1.429584E-07,
        "scaleX": 5.0,
        "scaleY": 5.0,
        "scaleZ": 5.0
      },
      "Nickname": "",
      "Description": "",
      "GMNotes": "",
      "ColorDiffuse": {
        "r": 1.0,
        "g": 1.0,
        "b": 1.0
      },
      "Locked": true,
      "Grid": true,
      "Snap": true,
      "IgnoreFoW": false,
      "MeasureMovement": false,
      "DragSelectable": true,
      "Autoraise": true,
      "Sticky": true,
      "Tooltip": true,
      "GridProjection": false,
      "CustomMesh": {
        "MeshURL": "https://drive.google.com/uc?export=download&id=0B5cOAHdO37fuNEd4WmNsWktQZTg",
        "DiffuseURL": "https://drive.google.com/uc?export=download&id=0B5cOAHdO37fuNzJNMERWcWVza2c",
        "NormalURL": "",
        "ColliderURL": "https://drive.google.com/uc?export=download&id=0B5cOAHdO37fuNEd4WmNsWktQZTg",
        "Convex": false,
        "MaterialIndex": 1,
        "TypeIndex": 0,
        "CastShadows": true
      },
      "LuaScript": "",
      "LuaScriptState": "",
      "XmlUI": "",
      "GUID": "cb8260"
    },
    {
      "Name": "Custom_Model",
      "Transform": {
        "posX": -45.0,
        "posY": -44.5733032,
        "posZ": 0.0,
        "rotX": 0.0,
        "rotY": 0.0,
        "rotZ": 0.0,
        "scaleX": 5.0,
        "scaleY": 5.0,
        "scaleZ": 5.0
      },
      "Nickname": "",
      "Description": "",
      "GMNotes": "",
      "ColorDiffuse": {
        "r": 1.0,
        "g": 1.0,
        "b": 1.0
      },
      "Locked": true,
      "Grid": true,
      "Snap": true,
      "IgnoreFoW": false,
      "MeasureMovement": false,
      "DragSelectable": true,
      "Autoraise": true,
      "Sticky": true,
      "Tooltip": true,
      "GridProjection": false,
      "CustomMesh": {
        "MeshURL": "https://drive.google.com/uc?export=download&id=0B5cOAHdO37fuTlJmLTNMVFhFd0k",
        "DiffuseURL": "https://drive.google.com/uc?export=download&id=0B5cOAHdO37fuY1pfWTRreW1lVEk",
        "NormalURL": "",
        "ColliderURL": "",
        "Convex": true,
        "MaterialIndex": 3,
        "TypeIndex": 0,
        "CastShadows": true
      },
      "LuaScript": "",
      "LuaScriptState": "",
      "XmlUI": "",
      "GUID": "c89aa4"
    },
    {
      "Name": "Custom_Model",
      "Transform": {
        "posX": -45.0,
        "posY": -45.0011978,
        "posZ": -0.7499962,
        "rotX": -8.33763336E-10,
        "rotY": 0.0,
        "rotZ": 0.0,
        "scaleX": 5.0,
        "scaleY": 5.0,
        "scaleZ": 5.0
      },
      "Nickname": "",
      "Description": "",
      "GMNotes": "",
      "ColorDiffuse": {
        "r": 1.0,
        "g": 1.0,
        "b": 1.0
      },
      "Locked": true,
      "Grid": true,
      "Snap": true,
      "IgnoreFoW": false,
      "MeasureMovement": false,
      "DragSelectable": true,
      "Autoraise": true,
      "Sticky": true,
      "Tooltip": true,
      "GridProjection": false,
      "CustomMesh": {
        "MeshURL": "https://drive.google.com/uc?export=download&id=0B5cOAHdO37fuNlIzLXI1SWpxbkU",
        "DiffuseURL": "https://drive.google.com/uc?export=download&id=0B5cOAHdO37fuY1pfWTRreW1lVEk",
        "NormalURL": "",
        "ColliderURL": "",
        "Convex": true,
        "MaterialIndex": 3,
        "TypeIndex": 0,
        "CastShadows": true
      },
      "LuaScript": "",
      "LuaScriptState": "",
      "XmlUI": "",
      "GUID": "e700ab"
    },
    {
      "Name": "Custom_Model",
      "Transform": {
        "posX": -48.5002975,
        "posY": -54.23916,
        "posZ": -102.407249,
        "rotX": -8.33763336E-10,
        "rotY": 0.0,
        "rotZ": 0.0,
        "scaleX": 5.0,
        "scaleY": 5.0,
        "scaleZ": 5.0
      },
      "Nickname": "",
      "Description": "",
      "GMNotes": "",
      "ColorDiffuse": {
        "r": 1.0,
        "g": 1.0,
        "b": 1.0
      },
      "Locked": true,
      "Grid": true,
      "Snap": true,
      "IgnoreFoW": false,
      "MeasureMovement": false,
      "DragSelectable": true,
      "Autoraise": true,
      "Sticky": true,
      "Tooltip": true,
      "GridProjection": false,
      "CustomMesh": {
        "MeshURL": "https://drive.google.com/uc?export=download&id=0B5cOAHdO37fuNlIzLXI1SWpxbkU",
        "DiffuseURL": "https://drive.google.com/uc?export=download&id=0B5cOAHdO37fuY1pfWTRreW1lVEk",
        "NormalURL": "",
        "ColliderURL": "",
        "Convex": true,
        "MaterialIndex": 3,
        "TypeIndex": 0,
        "CastShadows": true
      },
      "LuaScript": "",
      "LuaScriptState": "",
      "XmlUI": "",
      "GUID": "83bf28"
    },
    {
      "Name": "Custom_Model",
      "Transform": {
        "posX": -70.25933,
        "posY": -40.0154572,
        "posZ": -137.366882,
        "rotX": -8.33763336E-10,
        "rotY": 0.0,
        "rotZ": 0.0,
        "scaleX": 5.0,
        "scaleY": 5.0,
        "scaleZ": 5.0
      },
      "Nickname": "",
      "Description": "",
      "GMNotes": "",
      "ColorDiffuse": {
        "r": 1.0,
        "g": 1.0,
        "b": 1.0
      },
      "Locked": true,
      "Grid": true,
      "Snap": true,
      "IgnoreFoW": false,
      "MeasureMovement": false,
      "DragSelectable": true,
      "Autoraise": true,
      "Sticky": true,
      "Tooltip": true,
      "GridProjection": false,
      "CustomMesh": {
        "MeshURL": "https://drive.google.com/uc?export=download&id=0B5cOAHdO37fuNlIzLXI1SWpxbkU",
        "DiffuseURL": "https://drive.google.com/uc?export=download&id=0B5cOAHdO37fuY1pfWTRreW1lVEk",
        "NormalURL": "",
        "ColliderURL": "",
        "Convex": true,
        "MaterialIndex": 3,
        "TypeIndex": 0,
        "CastShadows": true
      },
      "LuaScript": "",
      "LuaScriptState": "",
      "XmlUI": "",
      "GUID": "647224"
    },
    {
      "Name": "Custom_Model",
      "Transform": {
        "posX": -45.0,
        "posY": -11.08518,
        "posZ": -1.199234,
        "rotX": 0.0,
        "rotY": 0.0,
        "rotZ": 0.0,
        "scaleX": 5.0,
        "scaleY": 5.0,
        "scaleZ": 5.0
      },
      "Nickname": "",
      "Description": "",
      "GMNotes": "",
      "ColorDiffuse": {
        "r": 1.0,
        "g": 1.0,
        "b": 1.0
      },
      "Locked": true,
      "Grid": true,
      "Snap": true,
      "IgnoreFoW": false,
      "MeasureMovement": false,
      "DragSelectable": true,
      "Autoraise": true,
      "Sticky": true,
      "Tooltip": true,
      "GridProjection": false,
      "CustomMesh": {
        "MeshURL": "https://drive.google.com/uc?export=download&id=0B5cOAHdO37fuNlIzLXI1SWpxbkU",
        "DiffuseURL": "https://drive.google.com/uc?export=download&id=0B5cOAHdO37fuY1pfWTRreW1lVEk",
        "NormalURL": "",
        "ColliderURL": "",
        "Convex": true,
        "MaterialIndex": 3,
        "TypeIndex": 0,
        "CastShadows": true
      },
      "LuaScript": "",
      "LuaScriptState": "",
      "XmlUI": "",
      "GUID": "38ed3a"
    },
    {
      "Name": "Custom_Model",
      "Transform": {
        "posX": -45.0,
        "posY": 22.7569427,
        "posZ": 0.0,
        "rotX": 0.0,
        "rotY": 0.0,
        "rotZ": 0.0,
        "scaleX": 5.0,
        "scaleY": 5.0,
        "scaleZ": 5.0
      },
      "Nickname": "",
      "Description": "",
      "GMNotes": "",
      "ColorDiffuse": {
        "r": 1.0,
        "g": 1.0,
        "b": 1.0
      },
      "Locked": true,
      "Grid": true,
      "Snap": true,
      "IgnoreFoW": false,
      "MeasureMovement": false,
      "DragSelectable": true,
      "Autoraise": true,
      "Sticky": true,
      "Tooltip": true,
      "GridProjection": false,
      "CustomMesh": {
        "MeshURL": "https://drive.google.com/uc?export=download&id=0B5cOAHdO37fuNlIzLXI1SWpxbkU",
        "DiffuseURL": "https://drive.google.com/uc?export=download&id=0B5cOAHdO37fuY1pfWTRreW1lVEk",
        "NormalURL": "",
        "ColliderURL": "",
        "Convex": true,
        "MaterialIndex": 3,
        "TypeIndex": 0,
        "CastShadows": true
      },
      "LuaScript": "",
      "LuaScriptState": "",
      "XmlUI": "",
      "GUID": "6b1da1"
    },
    {
      "Name": "Custom_Model",
      "Transform": {
        "posX": -46.8891144,
        "posY": -46.845192,
        "posZ": -0.274414063,
        "rotX": 0.0,
        "rotY": 0.0,
        "rotZ": 0.0,
        "scaleX": 5.0,
        "scaleY": 5.0,
        "scaleZ": 5.0
      },
      "Nickname": "",
      "Description": "",
      "GMNotes": "",
      "ColorDiffuse": {
        "r": 1.0,
        "g": 1.0,
        "b": 1.0
      },
      "Locked": true,
      "Grid": true,
      "Snap": true,
      "IgnoreFoW": false,
      "MeasureMovement": false,
      "DragSelectable": true,
      "Autoraise": true,
      "Sticky": true,
      "Tooltip": true,
      "GridProjection": false,
      "CustomMesh": {
        "MeshURL": "https://drive.google.com/uc?export=download&id=0B5cOAHdO37fuc3JqUDRNYjdBT00",
        "DiffuseURL": "https://drive.google.com/uc?export=download&id=0B5cOAHdO37fuU01faUR1S3NkczQ",
        "NormalURL": "",
        "ColliderURL": "",
        "Convex": true,
        "MaterialIndex": 1,
        "TypeIndex": 0,
        "CastShadows": true
      },
      "LuaScript": "",
      "LuaScriptState": "",
      "XmlUI": "",
      "GUID": "6f3f5b"
    },
    {
      "Name": "Custom_Model",
      "Transform": {
        "posX": -14.9802246,
        "posY": -37.9767838,
        "posZ": -274.829163,
        "rotX": 354.38,
        "rotY": 130.000046,
        "rotZ": 1.07237167E-06,
        "scaleX": 3.72340536,
        "scaleY": 10.638299,
        "scaleZ": 10.638299
      },
      "Nickname": "",
      "Description": "",
      "GMNotes": "",
      "ColorDiffuse": {
        "r": 1.0,
        "g": 1.0,
        "b": 1.0
      },
      "Locked": true,
      "Grid": true,
      "Snap": true,
      "IgnoreFoW": false,
      "MeasureMovement": false,
      "DragSelectable": true,
      "Autoraise": true,
      "Sticky": true,
      "Tooltip": true,
      "GridProjection": false,
      "CustomMesh": {
        "MeshURL": "https://drive.google.com/uc?export=download&id=0B5cOAHdO37fuV3RRS3NMdUJydFE",
        "DiffuseURL": "https://drive.google.com/uc?export=download&id=0B5cOAHdO37fuU3NSdGxyVEUwVTQ",
        "NormalURL": "",
        "ColliderURL": "https://drive.google.com/uc?export=download&id=0B5cOAHdO37fuV3RRS3NMdUJydFE",
        "Convex": false,
        "MaterialIndex": 3,
        "TypeIndex": 0,
        "CastShadows": true
      },
      "LuaScript": "",
      "LuaScriptState": "",
      "XmlUI": "",
      "GUID": "bdc747"
    },
    {
      "Name": "Custom_Model",
      "Transform": {
        "posX": 24.3900948,
        "posY": -38.7328529,
        "posZ": -273.863647,
        "rotX": 0.00444523664,
        "rotY": 59.9970436,
        "rotZ": 0.003984777,
        "scaleX": 3.72340536,
        "scaleY": 10.638299,
        "scaleZ": 10.638299
      },
      "Nickname": "",
      "Description": "",
      "GMNotes": "",
      "ColorDiffuse": {
        "r": 1.0,
        "g": 1.0,
        "b": 1.0
      },
      "Locked": true,
      "Grid": true,
      "Snap": true,
      "IgnoreFoW": false,
      "MeasureMovement": false,
      "DragSelectable": true,
      "Autoraise": true,
      "Sticky": true,
      "Tooltip": true,
      "GridProjection": false,
      "CustomMesh": {
        "MeshURL": "https://drive.google.com/uc?export=download&id=0B5cOAHdO37fuaWZkaV91MXFWRmM",
        "DiffuseURL": "https://drive.google.com/uc?export=download&id=0B5cOAHdO37fuU3NSdGxyVEUwVTQ",
        "NormalURL": "",
        "ColliderURL": "",
        "Convex": true,
        "MaterialIndex": 3,
        "TypeIndex": 0,
        "CastShadows": true
      },
      "LuaScript": "",
      "LuaScriptState": "",
      "XmlUI": "",
      "GUID": "29f056"
    },
    {
      "Name": "Custom_Model",
      "Transform": {
        "posX": -26.8832111,
        "posY": -39.21711,
        "posZ": -277.259064,
        "rotX": 354.368866,
        "rotY": 90.01305,
        "rotZ": 6.86331032E-06,
        "scaleX": 3.72340536,
        "scaleY": 10.638299,
        "scaleZ": 10.638299
      },
      "Nickname": "",
      "Description": "",
      "GMNotes": "",
      "ColorDiffuse": {
        "r": 1.0,
        "g": 1.0,
        "b": 1.0
      },
      "Locked": true,
      "Grid": true,
      "Snap": true,
      "IgnoreFoW": false,
      "MeasureMovement": false,
      "DragSelectable": true,
      "Autoraise": true,
      "Sticky": true,
      "Tooltip": true,
      "GridProjection": false,
      "CustomMesh": {
        "MeshURL": "https://drive.google.com/uc?export=download&id=0B5cOAHdO37fuV3RRS3NMdUJydFE",
        "DiffuseURL": "https://drive.google.com/uc?export=download&id=0B5cOAHdO37fuU3NSdGxyVEUwVTQ",
        "NormalURL": "",
        "ColliderURL": "https://drive.google.com/uc?export=download&id=0B5cOAHdO37fuV3RRS3NMdUJydFE",
        "Convex": false,
        "MaterialIndex": 1,
        "TypeIndex": 0,
        "CastShadows": true
      },
      "LuaScript": "",
      "LuaScriptState": "",
      "XmlUI": "",
      "GUID": "764493"
    },
    {
      "Name": "Custom_Model",
      "Transform": {
        "posX": -9.73891449,
        "posY": -26.6247711,
        "posZ": -308.211426,
        "rotX": 8.537737E-06,
        "rotY": 90.0,
        "rotZ": 340.000031,
        "scaleX": 3.72340536,
        "scaleY": 10.638299,
        "scaleZ": 10.638299
      },
      "Nickname": "",
      "Description": "",
      "GMNotes": "",
      "ColorDiffuse": {
        "r": 1.0,
        "g": 1.0,
        "b": 1.0
      },
      "Locked": true,
      "Grid": true,
      "Snap": true,
      "IgnoreFoW": false,
      "MeasureMovement": false,
      "DragSelectable": true,
      "Autoraise": true,
      "Sticky": true,
      "Tooltip": true,
      "GridProjection": false,
      "CustomMesh": {
        "MeshURL": "https://drive.google.com/uc?export=download&id=0B5cOAHdO37fuV3RRS3NMdUJydFE",
        "DiffuseURL": "https://drive.google.com/uc?export=download&id=0B5cOAHdO37fuU3NSdGxyVEUwVTQ",
        "NormalURL": "",
        "ColliderURL": "https://drive.google.com/uc?export=download&id=0B5cOAHdO37fuV3RRS3NMdUJydFE",
        "Convex": false,
        "MaterialIndex": 1,
        "TypeIndex": 0,
        "CastShadows": true
      },
      "LuaScript": "",
      "LuaScriptState": "",
      "XmlUI": "",
      "GUID": "dd19f2"
    },
    {
      "Name": "Custom_Model",
      "Transform": {
        "posX": 2.357389,
        "posY": -27.093996,
        "posZ": -309.883423,
        "rotX": 8.537737E-06,
        "rotY": 90.0,
        "rotZ": 340.000031,
        "scaleX": 3.72340536,
        "scaleY": 10.638299,
        "scaleZ": 10.638299
      },
      "Nickname": "",
      "Description": "",
      "GMNotes": "",
      "ColorDiffuse": {
        "r": 1.0,
        "g": 1.0,
        "b": 1.0
      },
      "Locked": true,
      "Grid": true,
      "Snap": true,
      "IgnoreFoW": false,
      "MeasureMovement": false,
      "DragSelectable": true,
      "Autoraise": true,
      "Sticky": true,
      "Tooltip": true,
      "GridProjection": false,
      "CustomMesh": {
        "MeshURL": "https://drive.google.com/uc?export=download&id=0B5cOAHdO37fuV3RRS3NMdUJydFE",
        "DiffuseURL": "https://drive.google.com/uc?export=download&id=0B5cOAHdO37fuU3NSdGxyVEUwVTQ",
        "NormalURL": "",
        "ColliderURL": "https://drive.google.com/uc?export=download&id=0B5cOAHdO37fuV3RRS3NMdUJydFE",
        "Convex": false,
        "MaterialIndex": 1,
        "TypeIndex": 0,
        "CastShadows": true
      },
      "LuaScript": "",
      "LuaScriptState": "",
      "XmlUI": "",
      "GUID": "055c80"
    },
    {
      "Name": "Custom_Model",
      "Transform": {
        "posX": 14.40888,
        "posY": -27.517849,
        "posZ": -311.33844,
        "rotX": 8.537737E-06,
        "rotY": 90.0,
        "rotZ": 340.000031,
        "scaleX": 3.72340536,
        "scaleY": 10.638299,
        "scaleZ": 10.638299
      },
      "Nickname": "",
      "Description": "",
      "GMNotes": "",
      "ColorDiffuse": {
        "r": 1.0,
        "g": 1.0,
        "b": 1.0
      },
      "Locked": true,
      "Grid": true,
      "Snap": true,
      "IgnoreFoW": false,
      "MeasureMovement": false,
      "DragSelectable": true,
      "Autoraise": true,
      "Sticky": true,
      "Tooltip": true,
      "GridProjection": false,
      "CustomMesh": {
        "MeshURL": "https://drive.google.com/uc?export=download&id=0B5cOAHdO37fuV3RRS3NMdUJydFE",
        "DiffuseURL": "https://drive.google.com/uc?export=download&id=0B5cOAHdO37fuU3NSdGxyVEUwVTQ",
        "NormalURL": "",
        "ColliderURL": "https://drive.google.com/uc?export=download&id=0B5cOAHdO37fuV3RRS3NMdUJydFE",
        "Convex": false,
        "MaterialIndex": 1,
        "TypeIndex": 0,
        "CastShadows": true
      },
      "LuaScript": "",
      "LuaScriptState": "",
      "XmlUI": "",
      "GUID": "c775f9"
    },
    {
      "Name": "Custom_Board",
      "Transform": {
        "posX": -177.71,
        "posY": 31.1779766,
        "posZ": -205.055527,
        "rotX": 90.0,
        "rotY": 90.0,
        "rotZ": 0.0,
        "scaleX": 3.3,
        "scaleY": 3.3,
        "scaleZ": 3.3
      },
      "Nickname": "",
      "Description": "",
      "GMNotes": "",
      "ColorDiffuse": {
        "r": 0.0,
        "g": 0.0,
        "b": 0.0
      },
      "Locked": true,
      "Grid": true,
      "Snap": true,
      "IgnoreFoW": false,
      "MeasureMovement": false,
      "DragSelectable": true,
      "Autoraise": true,
      "Sticky": true,
      "Tooltip": true,
      "GridProjection": false,
      "CustomImage": {
        "ImageURL": "https://drive.google.com/uc?export=download&id=0B5cOAHdO37fuVTVwNXNLUE0yc0E",
        "ImageSecondaryURL": "",
        "ImageScalar": 1.0,
        "WidthScale": 1.2062726
      },
      "LuaScript": "",
      "LuaScriptState": "",
      "XmlUI": "",
      "GUID": "d78589"
    },
    {
      "Name": "Custom_Board",
      "Transform": {
        "posX": -177.808426,
        "posY": 31.463501,
        "posZ": 30.63633,
        "rotX": 90.0,
        "rotY": 90.0,
        "rotZ": 0.0,
        "scaleX": 3.3,
        "scaleY": 3.3,
        "scaleZ": 3.3
      },
      "Nickname": "",
      "Description": "",
      "GMNotes": "",
      "ColorDiffuse": {
        "r": 0.0,
        "g": 0.0,
        "b": 0.0
      },
      "Locked": true,
      "Grid": true,
      "Snap": true,
      "IgnoreFoW": false,
      "MeasureMovement": false,
      "DragSelectable": true,
      "Autoraise": true,
      "Sticky": true,
      "Tooltip": true,
      "GridProjection": false,
      "CustomImage": {
        "ImageURL": "https://drive.google.com/uc?export=download&id=0B5cOAHdO37fuZ1VHeW9EclRhbGc",
        "ImageSecondaryURL": "",
        "ImageScalar": 1.0,
        "WidthScale": 1.2062726
      },
      "LuaScript": "",
      "LuaScriptState": "",
      "XmlUI": "",
      "GUID": "09eda3"
    },
    {
      "Name": "Custom_Board",
      "Transform": {
        "posX": -177.65,
        "posY": 29.6643467,
        "posZ": -87.2618942,
        "rotX": 90.0,
        "rotY": 90.0,
        "rotZ": 0.0,
        "scaleX": 3.3,
        "scaleY": 3.3,
        "scaleZ": 3.3
      },
      "Nickname": "",
      "Description": "",
      "GMNotes": "",
      "ColorDiffuse": {
        "r": 0.0,
        "g": 0.0,
        "b": 0.0
      },
      "Locked": true,
      "Grid": true,
      "Snap": true,
      "IgnoreFoW": false,
      "MeasureMovement": false,
      "DragSelectable": true,
      "Autoraise": true,
      "Sticky": true,
      "Tooltip": true,
      "GridProjection": false,
      "CustomImage": {
        "ImageURL": "https://drive.google.com/uc?export=download&id=0B5cOAHdO37fuT3BPc0FkMGhaMGs",
        "ImageSecondaryURL": "",
        "ImageScalar": 1.0,
        "WidthScale": 1.8595041
      },
      "LuaScript": "",
      "LuaScriptState": "",
      "XmlUI": "",
      "GUID": "26f84b"
    },
    {
      "Name": "Custom_Model",
      "Transform": {
        "posX": -117.6245,
        "posY": -9.52554,
        "posZ": -262.955475,
        "rotX": 359.956482,
        "rotY": 178.6077,
        "rotZ": 5.16386172E-06,
        "scaleX": 10.6000071,
        "scaleY": 10.6000071,
        "scaleZ": 10.6000071
      },
      "Nickname": "Goat",
      "Description": "",
      "GMNotes": "",
      "ColorDiffuse": {
        "r": 0.9999998,
        "g": 0.992162049,
        "b": 0.9999998
      },
      "Locked": true,
      "Grid": true,
      "Snap": true,
      "IgnoreFoW": false,
      "MeasureMovement": false,
      "DragSelectable": true,
      "Autoraise": true,
      "Sticky": true,
      "Tooltip": true,
      "GridProjection": false,
      "CustomMesh": {
        "MeshURL": "https://drive.google.com/uc?export=download&id=0B5cOAHdO37fucGJublcza0NETmM",
        "DiffuseURL": "https://drive.google.com/uc?export=download&id=0B5cOAHdO37fucnIzdldlaHU4Yjg",
        "NormalURL": "",
        "ColliderURL": "",
        "Convex": true,
        "MaterialIndex": 3,
        "TypeIndex": 1,
        "CastShadows": true
      },
      "LuaScript": "",
      "LuaScriptState": "",
      "XmlUI": "",
      "GUID": "5d5b3f"
    },
    {
      "Name": "Custom_Model",
      "Transform": {
        "posX": 187.903549,
        "posY": -37.5980949,
        "posZ": -269.112183,
        "rotX": 90.0,
        "rotY": 315.0,
        "rotZ": 0.0,
        "scaleX": 18.0,
        "scaleY": 12.6,
        "scaleZ": 12.6
      },
      "Nickname": "Goat",
      "Description": "",
      "GMNotes": "",
      "ColorDiffuse": {
        "r": 0.9999998,
        "g": 0.992162049,
        "b": 0.9999998
      },
      "Locked": true,
      "Grid": true,
      "Snap": true,
      "IgnoreFoW": false,
      "MeasureMovement": false,
      "DragSelectable": true,
      "Autoraise": true,
      "Sticky": true,
      "Tooltip": true,
      "GridProjection": false,
      "CustomMesh": {
        "MeshURL": "https://drive.google.com/uc?export=download&id=0B5cOAHdO37fucGJublcza0NETmM",
        "DiffuseURL": "https://drive.google.com/uc?export=download&id=0B5cOAHdO37fucnIzdldlaHU4Yjg",
        "NormalURL": "",
        "ColliderURL": "",
        "Convex": true,
        "MaterialIndex": 3,
        "TypeIndex": 1,
        "CastShadows": true
      },
      "LuaScript": "",
      "LuaScriptState": "",
      "XmlUI": "",
      "GUID": "8a6dc9"
    },
    {
      "Name": "Custom_Model",
      "Transform": {
        "posX": 54.8979,
        "posY": 0.368623376,
        "posZ": 29.9304848,
        "rotX": 0.00256886985,
        "rotY": 29.99677,
        "rotZ": -0.00443583168,
        "scaleX": 1.44999981,
        "scaleY": 1.44999981,
        "scaleZ": 1.44999981
      },
      "Nickname": "",
      "Description": "",
      "GMNotes": "",
      "ColorDiffuse": {
        "r": 0.4429989,
        "g": 0.2309989,
        "b": 0.08999913
      },
      "Locked": true,
      "Grid": true,
      "Snap": true,
      "IgnoreFoW": false,
      "MeasureMovement": false,
      "DragSelectable": true,
      "Autoraise": true,
      "Sticky": true,
      "Tooltip": true,
      "GridProjection": false,
      "CustomMesh": {
        "MeshURL": "https://drive.google.com/uc?export=download&id=0B5cOAHdO37fuRkJjeW9kX0VIeDg",
        "DiffuseURL": "https://drive.google.com/uc?export=download&id=0B5cOAHdO37fuaTRydW4tMEV6T2s",
        "NormalURL": "",
        "ColliderURL": "",
        "Convex": true,
        "MaterialIndex": 1,
        "TypeIndex": 0,
        "CastShadows": true
      },
      "LuaScript": "",
      "LuaScriptState": "",
      "XmlUI": "",
      "GUID": "8aeff9"
    },
    {
      "Name": "Custom_Model",
      "Transform": {
        "posX": 2.70870964E-06,
        "posY": -58.26738,
        "posZ": 8.79734,
        "rotX": 0.0,
        "rotY": 0.0,
        "rotZ": 2.68336748E-06,
        "scaleX": 7.0,
        "scaleY": 7.0,
        "scaleZ": 7.0
      },
      "Nickname": "",
      "Description": "",
      "GMNotes": "",
      "ColorDiffuse": {
        "r": 1.0,
        "g": 1.0,
        "b": 1.0
      },
      "Locked": true,
      "Grid": true,
      "Snap": true,
      "IgnoreFoW": false,
      "MeasureMovement": false,
      "DragSelectable": true,
      "Autoraise": true,
      "Sticky": true,
      "Tooltip": true,
      "GridProjection": false,
      "CustomMesh": {
        "MeshURL": "https://drive.google.com/uc?export=download&id=0B5cOAHdO37fuVmFpVzdEbkM3Qkk",
        "DiffuseURL": "https://drive.google.com/uc?export=download&id=0B5cOAHdO37fuUU9GSkJKb09GUGM",
        "NormalURL": "https://drive.google.com/uc?export=download&id=0B5cOAHdO37fuUU9GSkJKb09GUGM",
        "ColliderURL": "https://drive.google.com/uc?export=download&id=0B5cOAHdO37fuVmFpVzdEbkM3Qkk",
        "Convex": true,
        "MaterialIndex": 1,
        "TypeIndex": 0,
        "CastShadows": true
      },
      "LuaScript": "",
      "LuaScriptState": "",
      "XmlUI": "",
      "GUID": "7b151c"
    },
    {
      "Name": "Custom_Model",
      "Transform": {
        "posX": 30.5887489,
        "posY": -45.54722,
        "posZ": 38.90425,
        "rotX": 2.5596546E-06,
        "rotY": 359.972534,
        "rotZ": 3.90806872E-06,
        "scaleX": 4.75,
        "scaleY": 5.0,
        "scaleZ": 4.75
      },
      "Nickname": "",
      "Description": "",
      "GMNotes": "",
      "ColorDiffuse": {
        "r": 1.0,
        "g": 1.0,
        "b": 1.0
      },
      "Locked": true,
      "Grid": true,
      "Snap": true,
      "IgnoreFoW": false,
      "MeasureMovement": false,
      "DragSelectable": true,
      "Autoraise": true,
      "Sticky": true,
      "Tooltip": true,
      "GridProjection": false,
      "CustomMesh": {
        "MeshURL": "https://drive.google.com/uc?export=download&id=0B5cOAHdO37fuekszcEcwbWdPTE0",
        "DiffuseURL": "https://drive.google.com/uc?export=download&id=0B5cOAHdO37fuTXpjbjQtekQwQ00",
        "NormalURL": "",
        "ColliderURL": "https://drive.google.com/uc?export=download&id=0B5cOAHdO37fuekszcEcwbWdPTE0",
        "Convex": true,
        "MaterialIndex": 1,
        "TypeIndex": 0,
        "CastShadows": true
      },
      "LuaScript": "",
      "LuaScriptState": "",
      "XmlUI": "",
      "GUID": "1ca56f"
    },
    {
      "Name": "Custom_Model",
      "Transform": {
        "posX": -36.1815033,
        "posY": -45.52485,
        "posZ": 39.1213226,
        "rotX": 0.0,
        "rotY": 0.0,
        "rotZ": 0.0,
        "scaleX": 4.75,
        "scaleY": 5.0,
        "scaleZ": 4.75
      },
      "Nickname": "",
      "Description": "",
      "GMNotes": "",
      "ColorDiffuse": {
        "r": 1.0,
        "g": 1.0,
        "b": 1.0
      },
      "Locked": true,
      "Grid": true,
      "Snap": true,
      "IgnoreFoW": false,
      "MeasureMovement": false,
      "DragSelectable": true,
      "Autoraise": true,
      "Sticky": true,
      "Tooltip": true,
      "GridProjection": false,
      "CustomMesh": {
        "MeshURL": "https://drive.google.com/uc?export=download&id=0B5cOAHdO37fuekszcEcwbWdPTE0",
        "DiffuseURL": "https://drive.google.com/uc?export=download&id=0B5cOAHdO37fuTXpjbjQtekQwQ00",
        "NormalURL": "",
        "ColliderURL": "https://drive.google.com/uc?export=download&id=0B5cOAHdO37fuekszcEcwbWdPTE0",
        "Convex": true,
        "MaterialIndex": 1,
        "TypeIndex": 0,
        "CastShadows": true
      },
      "LuaScript": "",
      "LuaScriptState": "",
      "XmlUI": "",
      "GUID": "dffdd4"
    },
    {
      "Name": "Custom_Model",
      "Transform": {
        "posX": -2.65596247,
        "posY": -45.52485,
        "posZ": 39.25852,
        "rotX": 0.0,
        "rotY": 0.0,
        "rotZ": 0.0,
        "scaleX": 4.75,
        "scaleY": 5.0,
        "scaleZ": 4.75
      },
      "Nickname": "",
      "Description": "",
      "GMNotes": "",
      "ColorDiffuse": {
        "r": 1.0,
        "g": 1.0,
        "b": 1.0
      },
      "Locked": true,
      "Grid": true,
      "Snap": true,
      "IgnoreFoW": false,
      "MeasureMovement": false,
      "DragSelectable": true,
      "Autoraise": true,
      "Sticky": true,
      "Tooltip": true,
      "GridProjection": false,
      "CustomMesh": {
        "MeshURL": "https://drive.google.com/uc?export=download&id=0B5cOAHdO37fuekszcEcwbWdPTE0",
        "DiffuseURL": "https://drive.google.com/uc?export=download&id=0B5cOAHdO37fuTXpjbjQtekQwQ00",
        "NormalURL": "",
        "ColliderURL": "https://drive.google.com/uc?export=download&id=0B5cOAHdO37fuekszcEcwbWdPTE0",
        "Convex": true,
        "MaterialIndex": 1,
        "TypeIndex": 0,
        "CastShadows": true
      },
      "LuaScript": "",
      "LuaScriptState": "",
      "XmlUI": "",
      "GUID": "777cbc"
    },
    {
      "Name": "Custom_Model",
      "Transform": {
        "posX": -36.3113,
        "posY": -45.507576,
        "posZ": -38.7165451,
        "rotX": 0.0,
        "rotY": 180.000031,
        "rotZ": 0.0,
        "scaleX": 4.75,
        "scaleY": 5.0,
        "scaleZ": 4.75
      },
      "Nickname": "",
      "Description": "",
      "GMNotes": "",
      "ColorDiffuse": {
        "r": 1.0,
        "g": 1.0,
        "b": 1.0
      },
      "Locked": true,
      "Grid": true,
      "Snap": true,
      "IgnoreFoW": false,
      "MeasureMovement": false,
      "DragSelectable": true,
      "Autoraise": true,
      "Sticky": true,
      "Tooltip": true,
      "GridProjection": false,
      "CustomMesh": {
        "MeshURL": "https://drive.google.com/uc?export=download&id=0B5cOAHdO37fuekszcEcwbWdPTE0",
        "DiffuseURL": "https://drive.google.com/uc?export=download&id=0B5cOAHdO37fuTXpjbjQtekQwQ00",
        "NormalURL": "",
        "ColliderURL": "https://drive.google.com/uc?export=download&id=0B5cOAHdO37fuekszcEcwbWdPTE0",
        "Convex": true,
        "MaterialIndex": 1,
        "TypeIndex": 0,
        "CastShadows": true
      },
      "LuaScript": "",
      "LuaScriptState": "",
      "XmlUI": "",
      "GUID": "abd587"
    },
    {
      "Name": "Custom_Model",
      "Transform": {
        "posX": -2.69199538,
        "posY": -45.6562233,
        "posZ": -39.4170876,
        "rotX": 0.0,
        "rotY": 180.000046,
        "rotZ": 0.0,
        "scaleX": 4.75,
        "scaleY": 5.0,
        "scaleZ": 4.75
      },
      "Nickname": "",
      "Description": "",
      "GMNotes": "",
      "ColorDiffuse": {
        "r": 1.0,
        "g": 1.0,
        "b": 1.0
      },
      "Locked": true,
      "Grid": true,
      "Snap": true,
      "IgnoreFoW": false,
      "MeasureMovement": false,
      "DragSelectable": true,
      "Autoraise": true,
      "Sticky": true,
      "Tooltip": true,
      "GridProjection": false,
      "CustomMesh": {
        "MeshURL": "https://drive.google.com/uc?export=download&id=0B5cOAHdO37fuekszcEcwbWdPTE0",
        "DiffuseURL": "https://drive.google.com/uc?export=download&id=0B5cOAHdO37fuTXpjbjQtekQwQ00",
        "NormalURL": "",
        "ColliderURL": "https://drive.google.com/uc?export=download&id=0B5cOAHdO37fuekszcEcwbWdPTE0",
        "Convex": true,
        "MaterialIndex": 1,
        "TypeIndex": 0,
        "CastShadows": true
      },
      "LuaScript": "",
      "LuaScriptState": "",
      "XmlUI": "",
      "GUID": "100565"
    },
    {
      "Name": "Custom_Model",
      "Transform": {
        "posX": 30.7699127,
        "posY": -46.0302429,
        "posZ": -39.3965073,
        "rotX": 0.0,
        "rotY": 180.000046,
        "rotZ": 0.0,
        "scaleX": 4.75,
        "scaleY": 5.0,
        "scaleZ": 4.75
      },
      "Nickname": "",
      "Description": "",
      "GMNotes": "",
      "ColorDiffuse": {
        "r": 1.0,
        "g": 1.0,
        "b": 1.0
      },
      "Locked": true,
      "Grid": true,
      "Snap": true,
      "IgnoreFoW": false,
      "MeasureMovement": false,
      "DragSelectable": true,
      "Autoraise": true,
      "Sticky": true,
      "Tooltip": true,
      "GridProjection": false,
      "CustomMesh": {
        "MeshURL": "https://drive.google.com/uc?export=download&id=0B5cOAHdO37fuekszcEcwbWdPTE0",
        "DiffuseURL": "https://drive.google.com/uc?export=download&id=0B5cOAHdO37fuTXpjbjQtekQwQ00",
        "NormalURL": "",
        "ColliderURL": "https://drive.google.com/uc?export=download&id=0B5cOAHdO37fuekszcEcwbWdPTE0",
        "Convex": true,
        "MaterialIndex": 1,
        "TypeIndex": 0,
        "CastShadows": true
      },
      "LuaScript": "",
      "LuaScriptState": "",
      "XmlUI": "",
      "GUID": "cd8462"
    },
    {
      "Name": "Custom_Model",
      "Transform": {
        "posX": 83.1256561,
        "posY": -45.92262,
        "posZ": -3.04856634,
        "rotX": 0.0,
        "rotY": 130.0,
        "rotZ": 0.0,
        "scaleX": 4.75,
        "scaleY": 5.0,
        "scaleZ": 4.75
      },
      "Nickname": "",
      "Description": "",
      "GMNotes": "",
      "ColorDiffuse": {
        "r": 1.0,
        "g": 1.0,
        "b": 1.0
      },
      "Locked": true,
      "Grid": true,
      "Snap": true,
      "IgnoreFoW": false,
      "MeasureMovement": false,
      "DragSelectable": true,
      "Autoraise": true,
      "Sticky": true,
      "Tooltip": true,
      "GridProjection": false,
      "CustomMesh": {
        "MeshURL": "https://drive.google.com/uc?export=download&id=0B5cOAHdO37fuekszcEcwbWdPTE0",
        "DiffuseURL": "https://drive.google.com/uc?export=download&id=0B5cOAHdO37fuTXpjbjQtekQwQ00",
        "NormalURL": "",
        "ColliderURL": "https://drive.google.com/uc?export=download&id=0B5cOAHdO37fuekszcEcwbWdPTE0",
        "Convex": true,
        "MaterialIndex": 1,
        "TypeIndex": 0,
        "CastShadows": true
      },
      "LuaScript": "",
      "LuaScriptState": "",
      "XmlUI": "",
      "GUID": "742ccd"
    },
    {
      "Name": "Custom_Model",
      "Transform": {
        "posX": -66.3915,
        "posY": -45.6370926,
        "posZ": -0.109883517,
        "rotX": 0.0,
        "rotY": 270.0,
        "rotZ": 0.0,
        "scaleX": 4.75,
        "scaleY": 5.0,
        "scaleZ": 4.75
      },
      "Nickname": "",
      "Description": "",
      "GMNotes": "",
      "ColorDiffuse": {
        "r": 1.0,
        "g": 1.0,
        "b": 1.0
      },
      "Locked": true,
      "Grid": true,
      "Snap": true,
      "IgnoreFoW": false,
      "MeasureMovement": false,
      "DragSelectable": true,
      "Autoraise": true,
      "Sticky": true,
      "Tooltip": true,
      "GridProjection": false,
      "CustomMesh": {
        "MeshURL": "https://drive.google.com/uc?export=download&id=0B5cOAHdO37fuekszcEcwbWdPTE0",
        "DiffuseURL": "https://drive.google.com/uc?export=download&id=0B5cOAHdO37fuTXpjbjQtekQwQ00",
        "NormalURL": "",
        "ColliderURL": "https://drive.google.com/uc?export=download&id=0B5cOAHdO37fuekszcEcwbWdPTE0",
        "Convex": true,
        "MaterialIndex": 1,
        "TypeIndex": 0,
        "CastShadows": true
      },
      "LuaScript": "",
      "LuaScriptState": "",
      "XmlUI": "",
      "GUID": "58e8ec"
    },
    {
      "Name": "Custom_Model",
      "Transform": {
        "posX": 55.5209541,
        "posY": 2.90340757,
        "posZ": 28.6380215,
        "rotX": -0.00255954568,
        "rotY": 210.06131,
        "rotZ": 0.00434972532,
        "scaleX": 2.14999962,
        "scaleY": 2.14999962,
        "scaleZ": 2.14999962
      },
      "Nickname": "Forest Hawk",
      "Description": "",
      "GMNotes": "",
      "ColorDiffuse": {
        "r": 0.9999998,
        "g": 0.992160857,
        "b": 0.9999998
      },
      "Locked": true,
      "Grid": true,
      "Snap": true,
      "IgnoreFoW": false,
      "MeasureMovement": false,
      "DragSelectable": true,
      "Autoraise": true,
      "Sticky": true,
      "Tooltip": true,
      "GridProjection": false,
      "CustomMesh": {
        "MeshURL": "https://www.dropbox.com/s/v1k2nc54dw8rn1q/Hawk.obj?dl=1",
        "DiffuseURL": "https://www.dropbox.com/s/35g7dqyy70r3ac3/Hawk_lightbrowneagle.png?dl=1",
        "NormalURL": "",
        "ColliderURL": "",
        "Convex": true,
        "MaterialIndex": 3,
        "TypeIndex": 0,
        "CastShadows": true
      },
      "LuaScript": "",
      "LuaScriptState": "",
      "XmlUI": "",
      "GUID": "2a4314"
    },
    {
      "Name": "Custom_Model",
      "Transform": {
        "posX": 152.005646,
        "posY": -40.915554,
        "posZ": -232.998016,
        "rotX": 0.0,
        "rotY": 140.0,
        "rotZ": 0.0,
        "scaleX": 3.0,
        "scaleY": 3.0,
        "scaleZ": 3.0
      },
      "Nickname": "Bear",
      "Description": "",
      "GMNotes": "",
      "ColorDiffuse": {
        "r": 0.9999998,
        "g": 0.9921611,
        "b": 0.9999998
      },
      "Locked": true,
      "Grid": true,
      "Snap": true,
      "IgnoreFoW": false,
      "MeasureMovement": false,
      "DragSelectable": true,
      "Autoraise": true,
      "Sticky": true,
      "Tooltip": true,
      "GridProjection": false,
      "CustomMesh": {
        "MeshURL": "https://drive.google.com/uc?export=download&id=0B5cOAHdO37fuQnB1djl2bi1abnM",
        "DiffuseURL": "https://drive.google.com/uc?export=download&id=0B5cOAHdO37fuZ1VlNS1xcW1zXzg",
        "NormalURL": "",
        "ColliderURL": "",
        "Convex": true,
        "MaterialIndex": 3,
        "TypeIndex": 1,
        "CastShadows": true
      },
      "LuaScript": "",
      "LuaScriptState": "",
      "XmlUI": "",
      "GUID": "d3d04b"
    },
    {
      "Name": "Custom_Model",
      "Transform": {
        "posX": -118.483452,
        "posY": 13.3242455,
        "posZ": -275.0949,
        "rotX": -0.00283227721,
        "rotY": 179.760941,
        "rotZ": 3.20325057E-06,
        "scaleX": 6.55000734,
        "scaleY": 6.55000734,
        "scaleZ": 6.55000734
      },
      "Nickname": "Goat",
      "Description": "",
      "GMNotes": "",
      "ColorDiffuse": {
        "r": 0.9999998,
        "g": 0.992162049,
        "b": 0.9999998
      },
      "Locked": true,
      "Grid": true,
      "Snap": true,
      "IgnoreFoW": false,
      "MeasureMovement": false,
      "DragSelectable": true,
      "Autoraise": true,
      "Sticky": true,
      "Tooltip": true,
      "GridProjection": false,
      "CustomMesh": {
        "MeshURL": "https://drive.google.com/uc?export=download&id=0B5cOAHdO37fuMjNFU1lhVENiLXc",
        "DiffuseURL": "https://drive.google.com/uc?export=download&id=0B5cOAHdO37fuNUFrbnI4STg3c0E",
        "NormalURL": "",
        "ColliderURL": "",
        "Convex": true,
        "MaterialIndex": 3,
        "TypeIndex": 1,
        "CastShadows": true
      },
      "LuaScript": "",
      "LuaScriptState": "",
      "XmlUI": "",
      "GUID": "6acb48"
    },
    {
      "Name": "Custom_Model",
      "Transform": {
        "posX": -45.0000076,
        "posY": -47.1,
        "posZ": 1.14440918E-05,
        "rotX": 0.0,
        "rotY": 0.0,
        "rotZ": 0.0,
        "scaleX": 5.0,
        "scaleY": 5.0,
        "scaleZ": 5.0
      },
      "Nickname": "",
      "Description": "",
      "GMNotes": "",
      "ColorDiffuse": {
        "r": 1.0,
        "g": 1.0,
        "b": 1.0
      },
      "Locked": true,
      "Grid": true,
      "Snap": true,
      "IgnoreFoW": false,
      "MeasureMovement": false,
      "DragSelectable": true,
      "Autoraise": true,
      "Sticky": true,
      "Tooltip": true,
      "GridProjection": false,
      "CustomMesh": {
        "MeshURL": "https://drive.google.com/uc?export=download&id=0B5cOAHdO37fuQkpaaVFfU0wwblU",
        "DiffuseURL": "https://drive.google.com/uc?export=download&id=0B5cOAHdO37fuYmd5VVNBeWxzams",
        "NormalURL": "",
        "ColliderURL": "https://drive.google.com/uc?export=download&id=0B5cOAHdO37fuQkpaaVFfU0wwblU",
        "Convex": false,
        "MaterialIndex": 1,
        "TypeIndex": 0,
        "CastShadows": true
      },
      "LuaScript": "",
      "LuaScriptState": "",
      "XmlUI": "",
      "GUID": "daf7ec",
      "States": {
        "2": {
          "Name": "Custom_Model",
          "Transform": {
            "posX": -45.0000076,
            "posY": -47.1,
            "posZ": 1.14440918E-05,
            "rotX": 0.0,
            "rotY": 0.0,
            "rotZ": 0.0,
            "scaleX": 5.0,
            "scaleY": 5.0,
            "scaleZ": 5.0
          },
          "Nickname": "",
          "Description": "",
          "GMNotes": "",
          "ColorDiffuse": {
            "r": 1.0,
            "g": 1.0,
            "b": 1.0
          },
          "Locked": true,
          "Grid": true,
          "Snap": true,
          "IgnoreFoW": false,
          "MeasureMovement": false,
          "DragSelectable": true,
          "Autoraise": true,
          "Sticky": true,
          "Tooltip": true,
          "GridProjection": false,
          "CustomMesh": {
            "MeshURL": "https://drive.google.com/uc?export=download&id=0B5cOAHdO37fuQkpaaVFfU0wwblU",
            "DiffuseURL": "https://drive.google.com/uc?export=download&id=0B5cOAHdO37fuaWttS1RnaXdxTDQ",
            "NormalURL": "",
            "ColliderURL": "https://drive.google.com/uc?export=download&id=0B5cOAHdO37fuQkpaaVFfU0wwblU",
            "Convex": false,
            "MaterialIndex": 1,
            "TypeIndex": 0,
            "CastShadows": true
          },
          "LuaScript": "",
          "LuaScriptState": "",
          "XmlUI": "",
          "GUID": "ad17f1"
        }
      }
    }
  ],
  "LuaScript": "--[[ Lua code. See documentation: http://berserk-games.com/knowledgebase/scripting/ --]]\n\n--[[ The OnLoad function. This is called after everything in the game save finishes loading.\nMost of your script code goes here. --]]\nfunction onload()\n    --[[ print('Onload!') --]]\nend\n\n--[[ The Update function. This is called once per frame. --]]\nfunction update ()\n    --[[ print('Update loop!') --]]\nend",
  "LuaScriptState": "",
  "XmlUI": "",
  "VectorLines": [],
  "VersionNumber": ""
}