{
  "SaveName": "Record Player",
  "GameMode": "Record Player",
  "Date": "8/8/2017 3:30:56 PM",
  "Gravity": 0.5,
  "PlayArea": 0.5,
  "GameType": "",
  "GameComplexity": "",
  "Tags": [],
  "Table": "Table_None",
  "Sky": "Sky_Regal",
  "SkyURL": "chry.me/up/black_bg.png",
  "Note": "[ Record Player ]\n\nThis is a \"working\" Unity record player that can play your own custom tunes.\nRefer to the workshop submission for more information on how to create records with your own music on them.\n\nInstructions:\nPlace a record on the turntable (try to put it in the center) and press \"START/STOP\" to play a record. You can use the \"Previous\" and \"Next\" buttons to skip between tracks if the disc contains multiple tracks. Press the \"START/STOP\" button again to stop playback.\n\nRefer to the workshop submission for more information and disclaimers.",
  "Rules": "",
  "Grid": {
    "Type": 0,
    "Lines": false,
    "Color": {
      "r": 0.0,
      "g": 0.0,
      "b": 0.0
    },
    "Opacity": 0.75,
    "ThickLines": false,
    "Snapping": false,
    "Offset": false,
    "BothSnapping": false,
    "xSize": 2.0,
    "ySize": 2.0,
    "PosOffset": {
      "x": 0.0,
      "y": 1.0,
      "z": 0.0
    }
  },
  "Lighting": {
    "LightIntensity": 1.068001,
    "LightColor": {
      "r": 1.0,
      "g": 0.918361366,
      "b": 0.8901961
    },
    "AmbientIntensity": 1.988001,
    "AmbientType": 0,
    "AmbientSkyColor": {
      "r": 0.5,
      "g": 0.5,
      "b": 0.5
    },
    "AmbientEquatorColor": {
      "r": 0.5,
      "g": 0.5,
      "b": 0.5
    },
    "AmbientGroundColor": {
      "r": 0.5,
      "g": 0.5,
      "b": 0.5
    },
    "ReflectionIntensity": 1.0,
    "LutIndex": 0,
    "LutContribution": 1.0,
    "LutURL": ""
  },
  "Hands": {
    "Enable": true,
    "DisableUnused": false,
    "Hiding": 0,
    "HandTransforms": [
      {
        "Color": "White",
        "Transform": {
          "posX": 0.0,
          "posY": 4.506544,
          "posZ": -10.0,
          "rotX": 0.0,
          "rotY": 0.0,
          "rotZ": 0.0,
          "scaleX": 13.4751348,
          "scaleY": 7.0,
          "scaleZ": 3.706769
        }
      }
    ]
  },
  "Turns": {
    "Enable": false,
    "Type": 0,
    "TurnOrder": [],
    "Reverse": false,
    "SkipEmpty": false,
    "DisableInteractions": false,
    "PassTurns": true,
    "TurnColor": ""
  },
  "TabStates": {
    "0": {
      "title": "Rules",
      "body": "",
      "color": "Grey",
      "visibleColor": {
        "r": 0.5,
        "g": 0.5,
        "b": 0.5
      },
      "id": 0
    },
    "1": {
      "title": "White",
      "body": "",
      "color": "White",
      "visibleColor": {
        "r": 1.0,
        "g": 1.0,
        "b": 1.0
      },
      "id": 1
    },
    "2": {
      "title": "Brown",
      "body": "",
      "color": "Brown",
      "visibleColor": {
        "r": 0.443,
        "g": 0.231,
        "b": 0.09
      },
      "id": 2
    },
    "3": {
      "title": "Red",
      "body": "",
      "color": "Red",
      "visibleColor": {
        "r": 0.856,
        "g": 0.1,
        "b": 0.094
      },
      "id": 3
    },
    "4": {
      "title": "Orange",
      "body": "",
      "color": "Orange",
      "visibleColor": {
        "r": 0.956,
        "g": 0.392,
        "b": 0.113
      },
      "id": 4
    },
    "5": {
      "title": "Yellow",
      "body": "",
      "color": "Yellow",
      "visibleColor": {
        "r": 0.905,
        "g": 0.898,
        "b": 0.172
      },
      "id": 5
    },
    "6": {
      "title": "Green",
      "body": "",
      "color": "Green",
      "visibleColor": {
        "r": 0.192,
        "g": 0.701,
        "b": 0.168
      },
      "id": 6
    },
    "7": {
      "title": "Blue",
      "body": "",
      "color": "Blue",
      "visibleColor": {
        "r": 0.118,
        "g": 0.53,
        "b": 1.0
      },
      "id": 7
    },
    "8": {
      "title": "Teal",
      "body": "",
      "color": "Teal",
      "visibleColor": {
        "r": 0.129,
        "g": 0.694,
        "b": 0.607
      },
      "id": 8
    },
    "9": {
      "title": "Purple",
      "body": "",
      "color": "Purple",
      "visibleColor": {
        "r": 0.627,
        "g": 0.125,
        "b": 0.941
      },
      "id": 9
    },
    "10": {
      "title": "Pink",
      "body": "",
      "color": "Pink",
      "visibleColor": {
        "r": 0.96,
        "g": 0.439,
        "b": 0.807
      },
      "id": 10
    },
    "11": {
      "title": "Black",
      "body": "",
      "color": "Black",
      "visibleColor": {
        "r": 0.25,
        "g": 0.25,
        "b": 0.25
      },
      "id": 11
    }
  },
  "DecalPallet": [],
  "ObjectStates": [
    {
      "Name": "Custom_Assetbundle",
      "Transform": {
        "posX": 0.0,
        "posY": 1.81904292,
        "posZ": -0.00175742828,
        "rotX": -1.54925885E-06,
        "rotY": 269.996277,
        "rotZ": -2.60676666E-06,
        "scaleX": 5.0,
        "scaleY": 5.0,
        "scaleZ": 5.0
      },
      "Nickname": "",
      "Description": "",
      "GMNotes": "",
      "ColorDiffuse": {
        "r": 0.06617546,
        "g": 0.06617546,
        "b": 0.06617546
      },
      "Locked": true,
      "Grid": true,
      "Snap": true,
      "IgnoreFoW": false,
      "MeasureMovement": false,
      "DragSelectable": true,
      "Autoraise": true,
      "Sticky": true,
      "Tooltip": false,
      "GridProjection": false,
      "Hands": false,
      "CustomAssetbundle": {
        "AssetbundleURL": "chry.me/tts/record_player/record_player.unity3d",
        "AssetbundleSecondaryURL": "",
        "MaterialIndex": 0,
        "TypeIndex": 1,
        "LoopingEffectIndex": 0
      },
      "LuaScript": "function onload()\r\n  live = 0\r\n  track = 1\r\n  self.createButton({\r\n   label=\"\", click_function=\"queueAnimation\", function_owner=self,\r\n   position={0.8,0.3,1.15}, height=100, width=90, font_size=240, rotation={0,0,0}\r\n })\r\n -- previous btn\r\n self.createButton({\r\n   label=\"\", click_function=\"previousTrack\", function_owner=self,\r\n   position={0.84,0.3,-0.98}, height=100, width=40, font_size=240, rotation={0,0,0}\r\n })\r\n -- next btn\r\n  self.createButton({\r\n   label=\"\", click_function=\"nextTrack\", function_owner=self,\r\n   position={0.84,0.3,-1.175}, height=100, width=40, font_size=240, rotation={0,0,0}\r\n })\r\nend\r\n\r\nfunction queueAnimation()\r\n  self.AssetBundle.playTriggerEffect(2)\r\n  Timer.destroy(\"waitforanimation\")\r\n  Timer.create({identifier=\"waitforanimation\", function_name='armIn', delay=0.6})\r\nend\r\n\r\nfunction armIn()\r\n  if live == 0 then\r\n    self.AssetBundle.playTriggerEffect(0)\r\n    live = 1\r\n    track = 1\r\n    queueMusic()\r\n    print(\"Playing track: \" .. track)\r\n  elseif live == 1 then\r\n    self.AssetBundle.playTriggerEffect(1)\r\n    live = 0\r\n    stopMusic()\r\n  end\r\nend\r\n\r\nfunction queueMusic()\r\n  Timer.destroy(\"waitforanimation\")\r\n  Timer.create({identifier=\"waitforanimation\", function_name='musicOn', delay=2})\r\nend\r\n\r\nfunction musicOn()\r\n    findMusic()\r\n    findObject()\r\nend\r\n\r\nfunction nextTrack()\r\n  self.AssetBundle.playTriggerEffect(4)\r\n  if live == 0 then\r\n    -- don't play!\r\n    print(\"Invalid input - No music is currently playing.\")\r\n  elseif live == 1 then\r\n    track = track + 1\r\n    print(\"Playing track: \" .. track)\r\n    findMusic()\r\n  end\r\nend\r\n\r\nfunction findMusic()\r\n    local allObjects = getAllObjects()\r\n    local toolPos = self.getPosition()\r\n    local toolPosX = toolPos.x\r\n    local toolPosZ = toolPos.z\r\n    for i, v in pairs(allObjects) do\r\n        if v.tag == \"Generic\" then\r\n            local vPos = v.getPosition()\r\n            local vPosX = vPos.x\r\n            local vPosZ = vPos.z\r\n            local dX = toolPosX - vPosX\r\n            local dZ = toolPosZ - vPosZ\r\n            if dX<3 and dX>-3 and dZ<2 and dZ>-2 then\r\n              v.AssetBundle.playTriggerEffect(track)\r\n            end\r\n        end\r\n    end\r\nend\r\n\r\nfunction previousTrack()\r\n  self.AssetBundle.playTriggerEffect(3)\r\n  if live == 0 then\r\n    -- don't play!\r\n    print(\"Invalid input - No music is currently playing.\")\r\n  elseif live == 1 then\r\n    if track <= 1 then\r\n      track = 1\r\n    else\r\n      track = track - 1\r\n      print(\"Playing track: \" .. track)\r\n      findMusic()\r\n    end\r\n  end\r\nend\r\n\r\nfunction stopMusic()\r\n  track = 0\r\n  findMusic()\r\nend\r\n\r\nfunction findObject()\r\n    local allObjects = getAllObjects()\r\n    local toolPos = self.getPosition()\r\n    local toolPosX = toolPos.x\r\n    local toolPosZ = toolPos.z\r\n    for i, v in pairs(allObjects) do\r\n        if v.tag == \"Generic\" then\r\n            local vPos = v.getPosition()\r\n            local vPosX = vPos.x\r\n            local vPosZ = vPos.z\r\n            local dX = toolPosX - vPosX\r\n            local dZ = toolPosZ - vPosZ\r\n            if dX<3 and dX>-3 and dZ<2 and dZ>-2 then\r\n              rotateMe(v)\r\n            end\r\n        end\r\n    end\r\nend\r\n\r\nfunction rotateMe(v)\r\n  rot = v.getRotation()\r\n\t v.setRotation({0,rot['y']+5,0})\r\nend\r\n\r\nfunction update()\r\n  if live == 1 then\r\n    findObject()\r\n  elseif live == 0 then\r\n    -- don't!\r\n  end\r\nend\r\n",
      "LuaScriptState": "",
      "XmlUI": "",
      "GUID": "e96343",
      "AttachedSnapPoints": [
        {
          "Position": {
            "x": -0.0006616102,
            "y": 0.402500063,
            "z": 0.381291449
          }
        }
      ]
    },
    {
      "Name": "Custom_Assetbundle",
      "Transform": {
        "posX": -1.92463088,
        "posY": 3.86385155,
        "posZ": -0.00791638251,
        "rotX": -3.614724E-05,
        "rotY": 119.842484,
        "rotZ": 2.80520453E-06,
        "scaleX": 1.7,
        "scaleY": 1.7,
        "scaleZ": 1.7
      },
      "Nickname": "",
      "Description": "",
      "GMNotes": "",
      "ColorDiffuse": {
        "r": 1.0,
        "g": 1.0,
        "b": 1.0
      },
      "Locked": false,
      "Grid": true,
      "Snap": true,
      "IgnoreFoW": false,
      "MeasureMovement": false,
      "DragSelectable": true,
      "Autoraise": true,
      "Sticky": true,
      "Tooltip": false,
      "GridProjection": false,
      "Hands": false,
      "CustomAssetbundle": {
        "AssetbundleURL": "chry.me/tts/record_player/studio_killers_record.unity3d",
        "AssetbundleSecondaryURL": "",
        "MaterialIndex": 0,
        "TypeIndex": 0,
        "LoopingEffectIndex": 0
      },
      "LuaScript": "",
      "LuaScriptState": "",
      "XmlUI": "",
      "GUID": "61e5bd"
    },
    {
      "Name": "Custom_Assetbundle",
      "Transform": {
        "posX": 7.459306E-09,
        "posY": -11.5692663,
        "posZ": -1.38034011E-08,
        "rotX": 2.147038E-06,
        "rotY": 0.01270398,
        "rotZ": 1.16087256E-06,
        "scaleX": 6.0,
        "scaleY": 5.0,
        "scaleZ": 6.0
      },
      "Nickname": "",
      "Description": "",
      "GMNotes": "",
      "ColorDiffuse": {
        "r": 0.0,
        "g": 0.0,
        "b": 0.0
      },
      "Locked": true,
      "Grid": true,
      "Snap": true,
      "IgnoreFoW": false,
      "MeasureMovement": false,
      "DragSelectable": true,
      "Autoraise": true,
      "Sticky": true,
      "Tooltip": true,
      "GridProjection": false,
      "Hands": false,
      "CustomAssetbundle": {
        "AssetbundleURL": "chry.me/tts/record_player/display_table.unity3d",
        "AssetbundleSecondaryURL": "",
        "MaterialIndex": 0,
        "TypeIndex": 4,
        "LoopingEffectIndex": 0
      },
      "LuaScript": "",
      "LuaScriptState": "",
      "XmlUI": "",
      "GUID": "01f71a"
    },
    {
      "Name": "Custom_Assetbundle",
      "Transform": {
        "posX": 9.406492,
        "posY": 2.76588154,
        "posZ": 1.6940378,
        "rotX": 336.2853,
        "rotY": 286.251953,
        "rotZ": 353.3118,
        "scaleX": 1.7,
        "scaleY": 1.7,
        "scaleZ": 1.7
      },
      "Nickname": "",
      "Description": "",
      "GMNotes": "",
      "ColorDiffuse": {
        "r": 1.0,
        "g": 1.0,
        "b": 1.0
      },
      "Locked": false,
      "Grid": true,
      "Snap": true,
      "IgnoreFoW": false,
      "MeasureMovement": false,
      "DragSelectable": true,
      "Autoraise": true,
      "Sticky": true,
      "Tooltip": false,
      "GridProjection": false,
      "Hands": false,
      "CustomAssetbundle": {
        "AssetbundleURL": "chry.me/tts/record_player/yumi_arai_record.unity3d",
        "AssetbundleSecondaryURL": "",
        "MaterialIndex": 0,
        "TypeIndex": 0,
        "LoopingEffectIndex": 0
      },
      "LuaScript": "",
      "LuaScriptState": "",
      "XmlUI": "",
      "GUID": "56b019"
    }
  ],
  "LuaScript": "--[[ Lua code. See documentation: http://berserk-games.com/knowledgebase/scripting/ --]]\n\n--[[ The OnLoad function. This is called after everything in the game save finishes loading.\nMost of your script code goes here. --]]\nfunction onload()\n    --[[ print('Onload!') --]]\nend\n\n--[[ The Update function. This is called once per frame. --]]\nfunction update ()\n    --[[ print('Update loop!') --]]\nend\n",
  "LuaScriptState": "",
  "XmlUI": "",
  "VectorLines": [],
  "VersionNumber": "v9.6"
}