{
  "SaveName": "Dune Advanced Battlewheel",
  "GameMode": "Backgammon",
  "Date": "3/2/2020 7:56:53 PM",
  "Gravity": 0.5,
  "PlayArea": 0.5,
  "GameType": "",
  "GameComplexity": "",
  "Tags": [],
  "Table": "Table_Octagon",
  "Sky": "Sky_Museum",
  "Note": "",
  "Rules": "",
  "MusicPlayer": {
    "RepeatSong": false,
    "PlaylistEntry": 0,
    "CurrentAudioTitle": "Shadowmoon",
    "CurrentAudioURL": "http://cloud-3.steamusercontent.com/ugc/770601828587055146/B4D229E4C683BC5A6F9712F52DC9DAAE28B0C6AC/",
    "AudioLibrary": [
      {
        "Item1": "http://cloud-3.steamusercontent.com/ugc/770601828587055146/B4D229E4C683BC5A6F9712F52DC9DAAE28B0C6AC/",
        "Item2": "Shadowmoon"
      },
      {
        "Item1": "http://cloud-3.steamusercontent.com/ugc/770601828587132232/7D08630C6F43CB4BDEE63D6EB301443342DFF8EB/",
        "Item2": "Heart of the Deep"
      },
      {
        "Item1": "http://cloud-3.steamusercontent.com/ugc/770601828587290498/CAA33176F269F822862C36B8FC83F925B2F0A840/",
        "Item2": "Relentless"
      }
    ]
  },
  "Grid": {
    "Type": 0,
    "Lines": false,
    "Color": {
      "r": 0.0,
      "g": 0.0,
      "b": 0.0
    },
    "Opacity": 0.75,
    "ThickLines": false,
    "Snapping": false,
    "Offset": false,
    "BothSnapping": false,
    "xSize": 2.0,
    "ySize": 2.0,
    "PosOffset": {
      "x": 0.0,
      "y": 1.0,
      "z": 0.0
    }
  },
  "Lighting": {
    "LightIntensity": 0.54,
    "LightColor": {
      "r": 1.0,
      "g": 0.9804,
      "b": 0.8902
    },
    "AmbientIntensity": 1.3,
    "AmbientType": 0,
    "AmbientSkyColor": {
      "r": 0.5,
      "g": 0.5,
      "b": 0.5
    },
    "AmbientEquatorColor": {
      "r": 0.5,
      "g": 0.5,
      "b": 0.5
    },
    "AmbientGroundColor": {
      "r": 0.5,
      "g": 0.5,
      "b": 0.5
    },
    "ReflectionIntensity": 1.0,
    "LutIndex": 0,
    "LutContribution": 1.0
  },
  "Hands": {
    "Enable": true,
    "DisableUnused": false,
    "Hiding": 0,
    "HandTransforms": [
      {
        "Color": "Red",
        "Transform": {
          "posX": -12.3078938,
          "posY": 3.35260344,
          "posZ": -12.4467239,
          "rotX": 0.0,
          "rotY": 45.0000038,
          "rotZ": 0.0,
          "scaleX": 9.413998,
          "scaleY": 8.96114,
          "scaleZ": 5.465847
        }
      },
      {
        "Color": "Yellow",
        "Transform": {
          "posX": -12.3997478,
          "posY": 3.35261822,
          "posZ": 12.1997013,
          "rotX": 0.0,
          "rotY": 135.000015,
          "rotZ": 0.0,
          "scaleX": 9.417931,
          "scaleY": 8.96114,
          "scaleZ": 5.46818256
        }
      },
      {
        "Color": "Purple",
        "Transform": {
          "posX": 17.3902664,
          "posY": 3.35261726,
          "posZ": 0.04494095,
          "rotX": 0.0,
          "rotY": 270.0,
          "rotZ": 0.0,
          "scaleX": 9.420103,
          "scaleY": 8.96114,
          "scaleZ": 5.468977
        }
      },
      {
        "Color": "Blue",
        "Transform": {
          "posX": 12.36914,
          "posY": 3.35260725,
          "posZ": 12.2303095,
          "rotX": 0.0,
          "rotY": 224.999985,
          "rotZ": 0.0,
          "scaleX": 9.417804,
          "scaleY": 8.96114,
          "scaleZ": 5.46811056
        }
      },
      {
        "Color": "White",
        "Transform": {
          "posX": 9.536743E-06,
          "posY": 3.35260344,
          "posZ": -17.3453941,
          "rotX": 0.0,
          "rotY": 0.0,
          "rotZ": 0.0,
          "scaleX": 9.414002,
          "scaleY": 8.96114,
          "scaleZ": 5.46584272
        }
      },
      {
        "Color": "Green",
        "Transform": {
          "posX": 5.722046E-06,
          "posY": 3.35259676,
          "posZ": 17.1985188,
          "rotX": 0.0,
          "rotY": 179.8,
          "rotZ": 0.0,
          "scaleX": 9.419511,
          "scaleY": 8.96114,
          "scaleZ": 5.471036
        }
      },
      {
        "Color": "Pink",
        "Transform": {
          "posX": 12.3691339,
          "posY": 3.352614,
          "posZ": -12.1405649,
          "rotX": 0.0,
          "rotY": 315.0,
          "rotZ": 0.0,
          "scaleX": 9.414021,
          "scaleY": 8.96114,
          "scaleZ": 5.46587658
        }
      },
      {
        "Color": "Orange",
        "Transform": {
          "posX": -17.420887,
          "posY": 3.352619,
          "posZ": -0.1693964,
          "rotX": 0.0,
          "rotY": 90.0,
          "rotZ": 0.0,
          "scaleX": 9.41963,
          "scaleY": 8.96114,
          "scaleZ": 5.468633
        }
      }
    ]
  },
  "Turns": {
    "Enable": false,
    "Type": 0,
    "TurnOrder": [],
    "Reverse": false,
    "SkipEmpty": false,
    "DisableInteractions": false,
    "PassTurns": true,
    "TurnColor": ""
  },
  "TabStates": {
    "0": {
      "title": "Rules",
      "body": "[u][b]BACKGAMMON:[/b][/u]\n\n[b]STARTING POINT:[/b]\nTo play backgammon, each player sits on the long side of the board. One player will be “brown” and the other “white”. Each player moves in an opposite direction and the point is to get all of your pieces to the other side and then in your home slot (basically off the board). Your “home” area is the area where you have the most pieces.  It’s basically a racing game to see who can get all their pieces off the board first. For example, if you are player “brown”, you have to move all of your pieces to your “home” side. Once all pieces are “home”, then you can start removing them into your slot on the board.\n\n[b]BASIC MOVEMENT:[/b]\nAt their turn, players roll both dice and move their pieces towards their home base. The dice are never added together in backgammon, they remain individual but they can be used in sequence to form a greater number..  For example, if you roll a 4+5, you can either move one piece 4 and then 5, or move two pieces, one 4 and the other 5. It may sound like it doesn’t matter, but the actual count of individual die will matter a lot later.\n\n[b]GETTING BUMPED:[/b]\nIf a player lands on your piece, your piece must go to the middle bar area and eventually back to the starting point. If one of your pieces is on the middle bar, you cannot move any of your other pieces until that one is back on the board. On your next turn, you roll the dice and you can only move your piece to an empty space in the starting area, keeping in mind that this is your opponents “home” area. Each triangle is numbered from 6, 5, 4, 3, 2, 1 in that order in your “starting” or “home” areas.\nOnly pieces that are by themselves can be “bumped”. If you have occupied a space with 2 or more pieces, those pieces are safe and cannot be landed on.\n\n[b]GENERAL PLAY:[/b]\nYou move your pieces from your starting area in opposite directions from your opponent. Get all your pieces “home” and then start removing them off the board into the side bar.\nOnce all your pieces are “home”, you roll the dice. Again, the triangles in your home is numbered 6, 5, 4, 3, 2, 1. If you roll a 6 and a 1, then you’d take off one piece from row 6 and one piece from row 1 and put them in your sidebar. If you roll two 5’s and you don’t have any pieces in that slot, then you need to move another piece 5 spaces. So you’d have to move one of your 6’s 5 spaces. If you can’t move or take off a piece, then it’s your opponents turn. This keeps going until one of the players win.\n\n[b]WINNING THE GAME:[/b]\nWhoever gets all their pieces off the board first, wins!\n\nPlease note that these Notepad are one in many out there, but this is a good starting point for one way to play the game. If you’d like to find other ways to play, you can search online. Have fun!",
      "color": "Grey",
      "visibleColor": {
        "r": 0.5,
        "g": 0.5,
        "b": 0.5
      },
      "id": 0
    },
    "1": {
      "title": "White",
      "body": "",
      "color": "White",
      "visibleColor": {
        "r": 1.0,
        "g": 1.0,
        "b": 1.0
      },
      "id": 1
    },
    "2": {
      "title": "Brown",
      "body": "",
      "color": "Brown",
      "visibleColor": {
        "r": 0.443,
        "g": 0.231,
        "b": 0.09
      },
      "id": 2
    },
    "3": {
      "title": "Red",
      "body": "",
      "color": "Red",
      "visibleColor": {
        "r": 0.856,
        "g": 0.1,
        "b": 0.094
      },
      "id": 3
    },
    "4": {
      "title": "Orange",
      "body": "",
      "color": "Orange",
      "visibleColor": {
        "r": 0.956,
        "g": 0.392,
        "b": 0.113
      },
      "id": 4
    },
    "5": {
      "title": "Yellow",
      "body": "",
      "color": "Yellow",
      "visibleColor": {
        "r": 0.905,
        "g": 0.898,
        "b": 0.172
      },
      "id": 5
    },
    "6": {
      "title": "Green",
      "body": "",
      "color": "Green",
      "visibleColor": {
        "r": 0.192,
        "g": 0.701,
        "b": 0.168
      },
      "id": 6
    },
    "7": {
      "title": "Blue",
      "body": "",
      "color": "Blue",
      "visibleColor": {
        "r": 0.118,
        "g": 0.53,
        "b": 1.0
      },
      "id": 7
    },
    "8": {
      "title": "Teal",
      "body": "",
      "color": "Teal",
      "visibleColor": {
        "r": 0.129,
        "g": 0.694,
        "b": 0.607
      },
      "id": 8
    },
    "9": {
      "title": "Purple",
      "body": "",
      "color": "Purple",
      "visibleColor": {
        "r": 0.627,
        "g": 0.125,
        "b": 0.941
      },
      "id": 9
    },
    "10": {
      "title": "Pink",
      "body": "",
      "color": "Pink",
      "visibleColor": {
        "r": 0.96,
        "g": 0.439,
        "b": 0.807
      },
      "id": 10
    },
    "11": {
      "title": "Black",
      "body": "",
      "color": "Black",
      "visibleColor": {
        "r": 0.25,
        "g": 0.25,
        "b": 0.25
      },
      "id": 11
    }
  },
  "DecalPallet": [],
  "ObjectStates": [
    {
      "Name": "Custom_Tile",
      "Transform": {
        "posX": 0.153327778,
        "posY": 0.9599996,
        "posZ": -0.0913559645,
        "rotX": -1.99012879E-06,
        "rotY": 180.016525,
        "rotZ": 3.28654028E-06,
        "scaleX": 1.69347239,
        "scaleY": 1.0,
        "scaleZ": 1.69347239
      },
      "Nickname": "Advanced Battle Wheel",
      "Description": "Left button to increase\nRight button to decrease",
      "GMNotes": "",
      "ColorDiffuse": {
        "r": 1.0,
        "g": 1.0,
        "b": 1.0
      },
      "Locked": false,
      "Grid": false,
      "Snap": false,
      "IgnoreFoW": false,
      "MeasureMovement": false,
      "DragSelectable": true,
      "Autoraise": true,
      "Sticky": true,
      "Tooltip": true,
      "GridProjection": false,
      "HideWhenFaceDown": false,
      "Hands": false,
      "CustomImage": {
        "ImageURL": "https://steamuserimages-a.akamaihd.net/ugc/771742395412039067/F171CDCC7B57A5B528A80885592C1AF6E1D893D2/",
        "ImageSecondaryURL": "http://cloud-3.steamusercontent.com/ugc/773984225625849900/FFA8BA6324DAE9AE250D8EE2009A114624819D0B/",
        "ImageScalar": 1.0,
        "WidthScale": 0.0,
        "CustomTile": {
          "Type": 2,
          "Thickness": 0.1,
          "Stackable": false,
          "Stretch": true
        }
      },
      "LuaScript": "MIN_VALUE = 0\r\nMAX_VALUE = 20\r\nlocal rot = {0,0,0}\r\nlocal f_color = {128, 255, 96, 255}\r\nlocal bg_color = {0, 0, 0, 0}\r\nlocal diff = 0.8\r\nlocal h = 120\r\nlocal w = 120\r\nlocal f_size = 100\r\nnew_valuefa = 0\nnew_valuesd = 0\n  \r\nfunction updateSave()\r\n    local data_to_save = {valueF, value1, value2, valueS, valuesd, sd}\r\n    saved_data = JSON.encode(data_to_save)\r\n    self.script_state = saved_data\r\nend\r\n\r\nfunction onload(saved_data)\r\n  if saved_data ~= \"\" then\r\n    local loaded_data = JSON.decode(saved_data)\r\n    valueF = loaded_data[1]\r\n    value1 = loaded_data[2]\r\n    value2 = loaded_data[3]\r\n    valueS = loaded_data[4]\r\n    valuesd = loaded_data[5]\n    sd = loaded_data[6]\r\n  else\r\n    valueF = 0\r\n    value1 = 0\r\n    value2 = 0\r\n    valueS = 0\r\n    valuesd = 1\n    sd = \"ON\"\n\n  end\r\n  createBtnsF()\r\n  createBtns1()\r\n  createBtns2()\r\n  createBtnsS()\n  createBtnsSpicedial()\r\nend\r\n\r\nfunction createBtnsF()\r\n  local pos = {0,0.1,-0.75}\r\n  local h = 200\r\n  local w = 200\r\n  local f_size = 120\r\n  self.createButton({\r\n    label=tostring(valueF),\r\n    click_function=\"add_subtractF\",\r\n    function_owner=self,\r\n    position=pos,\r\n    rotation=rot,\r\n    height=h,\r\n    width=w,\r\n    font_size=f_size,\r\n    scale={x=1, y=1, z=1},\r\n    font_color= {0,0,0,255},\r\n    color=bg_color\r\n  })\r\nend\r\n\r\nfunction add_subtractF(_obj, _color, alt_click)\r\n  mod = alt_click and 0 or 0\r\n  new_valueF = math.min(math.max(valueF + mod, MIN_VALUE), MAX_VALUE)\r\n  if valueF ~= new_valueF then\r\n    valueF = new_valueF\r\n    calculateForce()\r\n  end\r\nend\r\n\r\nfunction createBtns1()\r\n  local pos = {-0.65,0.1,0.06}\r\n  self.createButton({\r\n    label=tostring(value1),\r\n    click_function=\"add_subtract1\",\r\n    function_owner=self,\r\n    position=pos,\r\n    rotation=rot,\r\n    height=h,\r\n    width=w,\r\n    font_size=f_size,\r\n    scale={x=1, y=1, z=1},\r\n    font_color= {0,0,0,255},\r\n    color=bg_color\r\n  })\r\nend\r\n\r\nfunction add_subtract1(_obj, _color, alt_click)\r\n  mod = alt_click and -1 or 1\r\n  new_value1 = value1 + mod\n  if new_value1 > 20 then\n    new_value1 = 0\n  elseif new_value1 < 0 then\n    new_value1 = 20\n  end\r\n  if value1 ~= new_value1 then\r\n    value1 = new_value1\r\n    calculateForce()\r\n  end\r\nend\r\n\r\nfunction createBtns2()\r\n  local pos = {-0.39,0.1,0.06}\r\n  self.createButton({\r\n    label=tostring(value2),\r\n    click_function=\"add_subtract2\",\r\n    function_owner=self,\r\n    position=pos,\r\n    rotation=rot,\r\n    height=h,\r\n    width=w,\r\n    font_size=f_size,\r\n    scale={x=1, y=1, z=1},\r\n    font_color= {0,0,0,255},\r\n    color=bg_color\r\n  })\r\nend\r\n\r\nfunction add_subtract2(_obj, _color, alt_click)\r\n  mod = alt_click and -1 or 1\r\n  new_value2 = value2 + mod\n  if new_value2 > 5 then\n    new_value2 = 0\n  elseif new_value2 < 0 then\n    new_value2 = 5\n  end\r\n  if value2 ~= new_value2 then\r\n    value2 = new_value2\r\n    calculateForce()\r\n  end\r\nend\r\n\r\nfunction createBtnsS()\r\n  local pos = {-0.39,0.1,0.39}\r\n  self.createButton({\r\n    label=tostring(valueS),\r\n    click_function=\"add_subtractS\",\r\n    function_owner=self,\r\n    position=pos,\r\n    rotation=rot,\r\n    height=h,\r\n    width=w,\r\n    font_size=f_size,\r\n    scale={x=1, y=1, z=1},\r\n    font_color= {0,0,0,255},\r\n    color=bg_color\r\n  })  \r\nend\r\n\r\nfunction add_subtractS(_obj, _color, alt_click)\r\n  mod = alt_click and -1 or 1\r\n  new_valueS = valueS + mod\n  if new_valueS < valueS then\n    if new_valueS > value1 + value2 then\n      new_valueS = value1 + value2\n    end\n  end\n  if new_valueS > value1 + value2 then\n    new_valueS = 0\n  elseif new_valueS < 0 then\n    new_valueS = value1 + value2\n  end\n\r  valueS = new_valueS\r\n  calculateForce()\nend\n\nfunction createBtnsSpicedial()\r\n  local pos = {-0.18,0.1,0.39}\r\n  self.createButton({\r\n    label=tostring(sd),\r\n    click_function=\"spiceonoff\",\r\n    function_owner=self,\r\n    position=pos,\r\n    rotation=rot,\r\n    height=60,\r\n    width=60,\r\n    font_size=50,\r\n    scale={x=1, y=1, z=1},\r\n    font_color= {0,0,0,255},\r\n    color=bg_color\r\n  })\r\nend\r\n\r\nfunction spiceonoff(_obj, _color, alt_click)\r\n  mod = alt_click and -1 or 1\r\n  new_valuesd = valuesd + mod\r\n  if valuesd ~= new_valuesd then\n    if valuesd == 1 then\n      valuesd = 0\r\n    else\n      valuesd = 1\n    end\n    calculateForce()\n  end\nend\n\r\nfunction calculateForce()\r\n  if valuesd > 0 then\n    if valueS > value2 then\r\n      spiceleft = valueS - value2\r\n      if value1 > spiceleft then\r\n        force = 2 * value2 + value1 / 2 + spiceleft / 2\r\n      else\r\n        force = 2 * value2 + value1\r\n      end\r\n    else\r\n      force = value2 + valueS + value1 / 2\r\n    end\r\n  else\n    force = value1 + value2 * 2\n  end\n  if valueS > value1 + value2 then\r\n    spicefontcolor = {255,0,0,255}\r\n  else\r\n    spicefontcolor = {0,0,0,255}\r\n  end\r\n  if force > MAX_VALUE then\r\n    forcefontcolor = {255,0,0,255}\r\n  else\r\n    forcefontcolor = {000,0,0,255}\r\n  end\n  if valuefa == 2 then\n    factionname = \"EMP\"\n  elseif valuefa == 1 then\n    factionname = \"FRE\"\n  else\n    factionname = \"OFF\"\n  end\n  if valuesd == 1 then\n    sd = \"ON\"\n    valueSstring = valueS\n  else\n    sd = \"OFF\"\n    valueS = 0\n    valueSstring = \"\"\n  end\r\n  valueF = math.min(math.max(force, MIN_VALUE), MAX_VALUE)\r\n  updateDisplay()\r\n  updateSave()\r\nend\r\n\r\nfunction updateDisplay()\r\n  self.editButton({index = 0, label = tostring(valueF)})\r\n  self.editButton({index = 1, label = tostring(value1), font_color = forcefontcolor})\r\n  self.editButton({index = 2, label = tostring(value2), font_color = forcefontcolor})\r\n  self.editButton({index = 3, label = tostring(valueSstring), font_color = spicefontcolor})\r\n  self.editButton({index = 4, label = tostring(sd)})\nend",
      "LuaScriptState": "[0,0,0,0,1,\"ON\"]",
      "XmlUI": "",
      "GUID": "466dc3"
    }
  ],
  "LuaScript": "--[[ Lua code. See documentation: https://api.tabletopsimulator.com/ --]]\n\n--[[ The onLoad event is called after the game save finishes loading. --]]\nfunction onLoad()\n    --[[ print('onLoad!') --]]\nend\n\n--[[ The onUpdate event is called once per frame. --]]\nfunction onUpdate()\n    --[[ print('onUpdate loop!') --]]\nend",
  "LuaScriptState": "",
  "XmlUI": "<!-- Xml UI. See documentation: https://api.tabletopsimulator.com/ui/introUI/ -->",
  "VersionNumber": "v12.2.2"
}