{
  "SaveName": "Adjustable Skysphere",
  "GameMode": "Adjustable Skysphere",
  "Date": "9/30/2020 3:36:54 AM",
  "Gravity": 0.5,
  "PlayArea": 0.5,
  "GameType": "",
  "GameComplexity": "",
  "Tags": [],
  "Table": "Table_Hexagon",
  "Sky": "Sky_Tunnel",
  "Note": "",
  "Rules": "",
  "MusicPlayer": {
    "RepeatSong": false,
    "PlaylistEntry": -1,
    "CurrentAudioTitle": "War sounds",
    "CurrentAudioURL": "http://cloud-3.steamusercontent.com/ugc/786363607819176602/FA0B79F5BAA0908401DE82E8E47C74C36E5E4BE3/",
    "AudioLibrary": []
  },
  "Grid": {
    "Type": 0,
    "Lines": false,
    "Color": {
      "r": 0.0,
      "g": 0.0,
      "b": 0.0
    },
    "Opacity": 0.75,
    "ThickLines": false,
    "Snapping": false,
    "Offset": false,
    "BothSnapping": false,
    "xSize": 2.0,
    "ySize": 2.0,
    "PosOffset": {
      "x": 0.0,
      "y": 1.0,
      "z": 0.0
    }
  },
  "Lighting": {
    "LightIntensity": 0.54,
    "LightColor": {
      "r": 1.0,
      "g": 0.9804,
      "b": 0.8902
    },
    "AmbientIntensity": 1.3,
    "AmbientType": 0,
    "AmbientSkyColor": {
      "r": 0.5,
      "g": 0.5,
      "b": 0.5
    },
    "AmbientEquatorColor": {
      "r": 0.5,
      "g": 0.5,
      "b": 0.5
    },
    "AmbientGroundColor": {
      "r": 0.5,
      "g": 0.5,
      "b": 0.5
    },
    "ReflectionIntensity": 1.0,
    "LutIndex": 0,
    "LutContribution": 1.0
  },
  "Hands": {
    "Enable": true,
    "DisableUnused": false,
    "Hiding": 0,
    "HandTransforms": [
      {
        "Color": "Red",
        "Transform": {
          "posX": -13.6429777,
          "posY": 3.57052517,
          "posZ": -7.489237,
          "rotX": 0.0,
          "rotY": 60.0000038,
          "rotZ": 0.0,
          "scaleX": 10.2695789,
          "scaleY": 6.634849,
          "scaleZ": 4.89407349
        }
      },
      {
        "Color": "Yellow",
        "Transform": {
          "posX": -13.3167419,
          "posY": 3.57056427,
          "posZ": 8.302018,
          "rotX": 0.0,
          "rotY": 120.000015,
          "rotZ": 0.0,
          "scaleX": 10.2717657,
          "scaleY": 6.634849,
          "scaleZ": 4.894113
        }
      },
      {
        "Color": "Blue",
        "Transform": {
          "posX": 13.57333,
          "posY": 3.57166386,
          "posZ": 7.75012255,
          "rotX": -8.93397646E-06,
          "rotY": 240.000031,
          "rotZ": 8.643905E-06,
          "scaleX": 10.27237,
          "scaleY": 6.634849,
          "scaleZ": 4.895206
        }
      },
      {
        "Color": "White",
        "Transform": {
          "posX": -0.000472545624,
          "posY": 3.57109356,
          "posZ": -15.53504,
          "rotX": 2.5444431E-14,
          "rotY": 1.70754709E-06,
          "rotZ": -1.70754709E-06,
          "scaleX": 10.2680635,
          "scaleY": 6.634849,
          "scaleZ": 4.89402676
        }
      },
      {
        "Color": "Green",
        "Transform": {
          "posX": 0.00200939178,
          "posY": 3.57107925,
          "posZ": 15.5964146,
          "rotX": 0.0,
          "rotY": 180.0,
          "rotZ": 0.0,
          "scaleX": 10.2710743,
          "scaleY": 6.634849,
          "scaleZ": 4.895439
        }
      },
      {
        "Color": "Pink",
        "Transform": {
          "posX": 13.6821423,
          "posY": 3.57167721,
          "posZ": -7.408275,
          "rotX": 0.0,
          "rotY": 299.999969,
          "rotZ": 0.0,
          "scaleX": 10.2690067,
          "scaleY": 6.634849,
          "scaleZ": 4.893212
        }
      }
    ]
  },
  "Turns": {
    "Enable": false,
    "Type": 0,
    "TurnOrder": [],
    "Reverse": false,
    "SkipEmpty": false,
    "DisableInteractions": false,
    "PassTurns": true,
    "TurnColor": ""
  },
  "TabStates": {
    "0": {
      "title": "Rules",
      "body": "",
      "color": "Grey",
      "visibleColor": {
        "r": 0.5,
        "g": 0.5,
        "b": 0.5
      },
      "id": 0
    },
    "1": {
      "title": "White",
      "body": "",
      "color": "White",
      "visibleColor": {
        "r": 1.0,
        "g": 1.0,
        "b": 1.0
      },
      "id": 1
    },
    "2": {
      "title": "Brown",
      "body": "",
      "color": "Brown",
      "visibleColor": {
        "r": 0.443,
        "g": 0.231,
        "b": 0.09
      },
      "id": 2
    },
    "3": {
      "title": "Red",
      "body": "",
      "color": "Red",
      "visibleColor": {
        "r": 0.856,
        "g": 0.1,
        "b": 0.094
      },
      "id": 3
    },
    "4": {
      "title": "Orange",
      "body": "",
      "color": "Orange",
      "visibleColor": {
        "r": 0.956,
        "g": 0.392,
        "b": 0.113
      },
      "id": 4
    },
    "5": {
      "title": "Yellow",
      "body": "",
      "color": "Yellow",
      "visibleColor": {
        "r": 0.905,
        "g": 0.898,
        "b": 0.172
      },
      "id": 5
    },
    "6": {
      "title": "Green",
      "body": "",
      "color": "Green",
      "visibleColor": {
        "r": 0.192,
        "g": 0.701,
        "b": 0.168
      },
      "id": 6
    },
    "7": {
      "title": "Blue",
      "body": "",
      "color": "Blue",
      "visibleColor": {
        "r": 0.118,
        "g": 0.53,
        "b": 1.0
      },
      "id": 7
    },
    "8": {
      "title": "Teal",
      "body": "",
      "color": "Teal",
      "visibleColor": {
        "r": 0.129,
        "g": 0.694,
        "b": 0.607
      },
      "id": 8
    },
    "9": {
      "title": "Purple",
      "body": "",
      "color": "Purple",
      "visibleColor": {
        "r": 0.627,
        "g": 0.125,
        "b": 0.941
      },
      "id": 9
    },
    "10": {
      "title": "Pink",
      "body": "",
      "color": "Pink",
      "visibleColor": {
        "r": 0.96,
        "g": 0.439,
        "b": 0.807
      },
      "id": 10
    },
    "11": {
      "title": "Black",
      "body": "",
      "color": "Black",
      "visibleColor": {
        "r": 0.25,
        "g": 0.25,
        "b": 0.25
      },
      "id": 11
    }
  },
  "DecalPallet": [],
  "ObjectStates": [
    {
      "Name": "Bag",
      "Transform": {
        "posX": -2.47031522,
        "posY": 0.774967134,
        "posZ": -8.577016,
        "rotX": 8.05579E-06,
        "rotY": -8.166211E-05,
        "rotZ": -4.22684643E-05,
        "scaleX": 1.0,
        "scaleY": 1.0,
        "scaleZ": 1.0
      },
      "Nickname": "Mirrored Version",
      "Description": "",
      "GMNotes": "",
      "ColorDiffuse": {
        "r": 0.7058823,
        "g": 0.366520882,
        "b": 0.0
      },
      "Locked": false,
      "Grid": true,
      "Snap": true,
      "IgnoreFoW": false,
      "MeasureMovement": false,
      "DragSelectable": true,
      "Autoraise": true,
      "Sticky": true,
      "Tooltip": true,
      "GridProjection": false,
      "HideWhenFaceDown": false,
      "Hands": false,
      "MaterialIndex": -1,
      "MeshIndex": -1,
      "LuaScript": "",
      "LuaScriptState": "",
      "XmlUI": "",
      "ContainedObjects": [
        {
          "Name": "Custom_Model",
          "Transform": {
            "posX": -2.14234757,
            "posY": 2.61055541,
            "posZ": -7.724453,
            "rotX": 358.790771,
            "rotY": 223.636368,
            "rotZ": 357.2989,
            "scaleX": 1.0,
            "scaleY": 1.0,
            "scaleZ": 1.0
          },
          "Nickname": "",
          "Description": "",
          "GMNotes": "",
          "ColorDiffuse": {
            "r": 1.0,
            "g": 1.0,
            "b": 1.0
          },
          "Locked": false,
          "Grid": true,
          "Snap": true,
          "IgnoreFoW": false,
          "MeasureMovement": false,
          "DragSelectable": true,
          "Autoraise": true,
          "Sticky": true,
          "Tooltip": true,
          "GridProjection": false,
          "HideWhenFaceDown": false,
          "Hands": false,
          "CustomMesh": {
            "MeshURL": "http://cloud-3.steamusercontent.com/ugc/785255018856207780/2924C40C6065EBA38F71DBBB53D6FDBEDF4D468C/",
            "DiffuseURL": "https://l13.alamy.com/360/WHA279/full-seamless-spherical-hdri-panorama-360-degrees-angle-view-near-abandoned-ruined-factory-in-equirectangular-projection-vr-ar-virtual-reality-conten-WHA279.jpg",
            "NormalURL": "",
            "ColliderURL": "http://cloud-3.steamusercontent.com/ugc/785255018856208069/7B85AB17D788A12A07A55150D15FC8E7BD7EEC7D/",
            "Convex": true,
            "MaterialIndex": 3,
            "TypeIndex": 4,
            "CustomShader": {
              "SpecularColor": {
                "r": 1.0,
                "g": 1.0,
                "b": 1.0
              },
              "SpecularIntensity": 0.0,
              "SpecularSharpness": 2.0,
              "FresnelStrength": 0.0
            },
            "CastShadows": true
          },
          "LuaScript": "",
          "LuaScriptState": "",
          "XmlUI": "",
          "GUID": "f9a974"
        }
      ],
      "GUID": "62ae64"
    },
    {
      "Name": "Custom_Model",
      "Transform": {
        "posX": 0.08142634,
        "posY": 1.06,
        "posZ": 0.0215610154,
        "rotX": 1.64680787E-05,
        "rotY": 134.99971,
        "rotZ": 1.38894129E-05,
        "scaleX": 1.0,
        "scaleY": 1.0,
        "scaleZ": 1.0
      },
      "Nickname": "",
      "Description": "",
      "GMNotes": "",
      "ColorDiffuse": {
        "r": 1.0,
        "g": 1.0,
        "b": 1.0
      },
      "Locked": false,
      "Grid": true,
      "Snap": true,
      "IgnoreFoW": false,
      "MeasureMovement": false,
      "DragSelectable": true,
      "Autoraise": true,
      "Sticky": true,
      "Tooltip": true,
      "GridProjection": false,
      "HideWhenFaceDown": false,
      "Hands": false,
      "CustomMesh": {
        "MeshURL": "http://cloud-3.steamusercontent.com/ugc/1629698156017158688/AC0CC612599C966F3F80F44A1717EAE2635912E0/",
        "DiffuseURL": "https://l13.alamy.com/360/WHA279/full-seamless-spherical-hdri-panorama-360-degrees-angle-view-near-abandoned-ruined-factory-in-equirectangular-projection-vr-ar-virtual-reality-conten-WHA279.jpg",
        "NormalURL": "",
        "ColliderURL": "http://cloud-3.steamusercontent.com/ugc/785255018856208069/7B85AB17D788A12A07A55150D15FC8E7BD7EEC7D/",
        "Convex": true,
        "MaterialIndex": 3,
        "TypeIndex": 4,
        "CustomShader": {
          "SpecularColor": {
            "r": 1.0,
            "g": 1.0,
            "b": 1.0
          },
          "SpecularIntensity": 0.0,
          "SpecularSharpness": 2.0,
          "FresnelStrength": 0.0
        },
        "CastShadows": true
      },
      "LuaScript": "",
      "LuaScriptState": "",
      "XmlUI": "",
      "GUID": "7af854"
    }
  ],
  "LuaScript": "--[[ Lua code. See documentation: https://api.tabletopsimulator.com/ --]]\n\n--[[ The onLoad event is called after the game save finishes loading. --]]\nfunction onLoad()\n    --[[ print('onLoad!') --]]\nend\n\n--[[ The onUpdate event is called once per frame. --]]\nfunction onUpdate()\n    --[[ print('onUpdate loop!') --]]\nend",
  "LuaScriptState": "",
  "XmlUI": "<!-- Xml UI. See documentation: https://api.tabletopsimulator.com/ui/introUI/ -->",
  "VersionNumber": "v12.4.3"
}