{
  "SaveName": "Cozy Backyard",
  "GameMode": "Cozy Backyard",
  "Date": "8/22/2020 12:47:53 AM",
  "Gravity": 0.5,
  "PlayArea": 0.5,
  "GameType": "Utility",
  "GameComplexity": "",
  "PlayingTime": [
    0,
    0
  ],
  "PlayerCounts": [
    0,
    10
  ],
  "Tags": [
    "Backgrounds",
    "Props",
    "Rooms"
  ],
  "Table": "Table_RPG",
  "Sky": "Sky_Sunset",
  "Note": "",
  "Rules": "",
  "Grid": {
    "Type": 0,
    "Lines": false,
    "Color": {
      "r": 0.0,
      "g": 0.0,
      "b": 0.0
    },
    "Opacity": 0.75,
    "ThickLines": false,
    "Snapping": false,
    "Offset": false,
    "BothSnapping": false,
    "xSize": 2.0,
    "ySize": 2.0,
    "PosOffset": {
      "x": 0.0,
      "y": 1.0,
      "z": 0.0
    }
  },
  "Lighting": {
    "LightIntensity": 0.54,
    "LightColor": {
      "r": 1.0,
      "g": 0.9804,
      "b": 0.8902
    },
    "AmbientIntensity": 1.3,
    "AmbientType": 0,
    "AmbientSkyColor": {
      "r": 0.5,
      "g": 0.5,
      "b": 0.5
    },
    "AmbientEquatorColor": {
      "r": 0.5,
      "g": 0.5,
      "b": 0.5
    },
    "AmbientGroundColor": {
      "r": 0.5,
      "g": 0.5,
      "b": 0.5
    },
    "ReflectionIntensity": 1.0,
    "LutIndex": 0,
    "LutContribution": 1.0
  },
  "Hands": {
    "Enable": true,
    "DisableUnused": false,
    "Hiding": 0,
    "HandTransforms": [
      {
        "Color": "Red",
        "Transform": {
          "posX": -15.1108065,
          "posY": 4.81034231,
          "posZ": -20.1076221,
          "rotX": 0.0,
          "rotY": 0.0,
          "rotZ": 0.0,
          "scaleX": 11.7720652,
          "scaleY": 9.174497,
          "scaleZ": 4.87123871
        }
      },
      {
        "Color": "Yellow",
        "Transform": {
          "posX": -30.2150211,
          "posY": 4.81034231,
          "posZ": 10.17524,
          "rotX": 0.0,
          "rotY": 90.0,
          "rotZ": 0.0,
          "scaleX": 11.65599,
          "scaleY": 9.174497,
          "scaleZ": 4.920266
        }
      },
      {
        "Color": "Purple",
        "Transform": {
          "posX": 30.25128,
          "posY": 4.81034231,
          "posZ": 9.59069252,
          "rotX": 0.0,
          "rotY": 270.0,
          "rotZ": 0.0,
          "scaleX": 11.655983,
          "scaleY": 9.174497,
          "scaleZ": 4.920266
        }
      },
      {
        "Color": "Blue",
        "Transform": {
          "posX": 15.4749184,
          "posY": 4.81034231,
          "posZ": 19.8365288,
          "rotX": 0.0,
          "rotY": 179.8,
          "rotZ": 0.0,
          "scaleX": 11.7726078,
          "scaleY": 9.174497,
          "scaleZ": 4.87156534
        }
      },
      {
        "Color": "White",
        "Transform": {
          "posX": 15.1961479,
          "posY": 4.81034231,
          "posZ": -20.1400986,
          "rotX": 0.0,
          "rotY": 0.0,
          "rotZ": 0.0,
          "scaleX": 11.772048,
          "scaleY": 9.17449951,
          "scaleZ": 4.87123871
        }
      },
      {
        "Color": "Green",
        "Transform": {
          "posX": -15.1927767,
          "posY": 4.81034231,
          "posZ": 19.787817,
          "rotX": 0.0,
          "rotY": 180.0,
          "rotZ": 0.0,
          "scaleX": 11.772048,
          "scaleY": 9.174497,
          "scaleZ": 4.87123871
        }
      },
      {
        "Color": "Pink",
        "Transform": {
          "posX": 30.10358,
          "posY": 4.81034231,
          "posZ": -8.449126,
          "rotX": 0.0,
          "rotY": 270.0,
          "rotZ": 0.0,
          "scaleX": 11.65598,
          "scaleY": 9.174497,
          "scaleZ": 4.920266
        }
      },
      {
        "Color": "Orange",
        "Transform": {
          "posX": -30.247818,
          "posY": 4.81034231,
          "posZ": -8.822588,
          "rotX": 0.0,
          "rotY": 90.0,
          "rotZ": 0.0,
          "scaleX": 11.6559935,
          "scaleY": 9.174497,
          "scaleZ": 4.920266
        }
      }
    ]
  },
  "Turns": {
    "Enable": false,
    "Type": 0,
    "TurnOrder": [],
    "Reverse": false,
    "SkipEmpty": false,
    "DisableInteractions": false,
    "PassTurns": true,
    "TurnColor": ""
  },
  "TabStates": {
    "0": {
      "title": "Rules",
      "body": "",
      "color": "Grey",
      "visibleColor": {
        "r": 0.5,
        "g": 0.5,
        "b": 0.5
      },
      "id": 0
    },
    "1": {
      "title": "White",
      "body": "",
      "color": "White",
      "visibleColor": {
        "r": 1.0,
        "g": 1.0,
        "b": 1.0
      },
      "id": 1
    },
    "2": {
      "title": "Brown",
      "body": "",
      "color": "Brown",
      "visibleColor": {
        "r": 0.443,
        "g": 0.231,
        "b": 0.09
      },
      "id": 2
    },
    "3": {
      "title": "Red",
      "body": "",
      "color": "Red",
      "visibleColor": {
        "r": 0.856,
        "g": 0.1,
        "b": 0.094
      },
      "id": 3
    },
    "4": {
      "title": "Orange",
      "body": "",
      "color": "Orange",
      "visibleColor": {
        "r": 0.956,
        "g": 0.392,
        "b": 0.113
      },
      "id": 4
    },
    "5": {
      "title": "Yellow",
      "body": "",
      "color": "Yellow",
      "visibleColor": {
        "r": 0.905,
        "g": 0.898,
        "b": 0.172
      },
      "id": 5
    },
    "6": {
      "title": "Green",
      "body": "",
      "color": "Green",
      "visibleColor": {
        "r": 0.192,
        "g": 0.701,
        "b": 0.168
      },
      "id": 6
    },
    "7": {
      "title": "Blue",
      "body": "",
      "color": "Blue",
      "visibleColor": {
        "r": 0.118,
        "g": 0.53,
        "b": 1.0
      },
      "id": 7
    },
    "8": {
      "title": "Teal",
      "body": "",
      "color": "Teal",
      "visibleColor": {
        "r": 0.129,
        "g": 0.694,
        "b": 0.607
      },
      "id": 8
    },
    "9": {
      "title": "Purple",
      "body": "",
      "color": "Purple",
      "visibleColor": {
        "r": 0.627,
        "g": 0.125,
        "b": 0.941
      },
      "id": 9
    },
    "10": {
      "title": "Pink",
      "body": "",
      "color": "Pink",
      "visibleColor": {
        "r": 0.96,
        "g": 0.439,
        "b": 0.807
      },
      "id": 10
    },
    "11": {
      "title": "Black",
      "body": "",
      "color": "Black",
      "visibleColor": {
        "r": 0.25,
        "g": 0.25,
        "b": 0.25
      },
      "id": 11
    }
  },
  "DecalPallet": [],
  "ObjectStates": [
    {
      "Name": "Custom_Assetbundle",
      "Transform": {
        "posX": 0.0,
        "posY": -31.0174637,
        "posZ": 0.0,
        "rotX": 3.93381333E-06,
        "rotY": 4.89851918E-05,
        "rotZ": -1.30706439E-06,
        "scaleX": 20.0,
        "scaleY": 1.0,
        "scaleZ": 20.0
      },
      "Nickname": "",
      "Description": "",
      "GMNotes": "",
      "ColorDiffuse": {
        "r": 1.0,
        "g": 1.0,
        "b": 1.0
      },
      "Locked": true,
      "Grid": true,
      "Snap": true,
      "IgnoreFoW": false,
      "MeasureMovement": false,
      "DragSelectable": true,
      "Autoraise": true,
      "Sticky": true,
      "Tooltip": true,
      "GridProjection": false,
      "HideWhenFaceDown": false,
      "Hands": false,
      "CustomAssetbundle": {
        "AssetbundleURL": "http://cloud-3.steamusercontent.com/ugc/1017193127286292803/1CE54CD91790CE3484E6856B394A2FE7D95FB43A/",
        "AssetbundleSecondaryURL": "",
        "MaterialIndex": 0,
        "TypeIndex": 0,
        "LoopingEffectIndex": 0
      },
      "LuaScript": "",
      "LuaScriptState": "",
      "XmlUI": "",
      "GUID": "607a5c"
    },
    {
      "Name": "Custom_Assetbundle",
      "Transform": {
        "posX": -121.572983,
        "posY": -30.81021,
        "posZ": 0.08754367,
        "rotX": 359.842865,
        "rotY": -0.000170058571,
        "rotZ": 0.04171082,
        "scaleX": 40.0,
        "scaleY": 30.0,
        "scaleZ": 53.0
      },
      "Nickname": "",
      "Description": "",
      "GMNotes": "",
      "ColorDiffuse": {
        "r": 1.0,
        "g": 1.0,
        "b": 1.0
      },
      "Locked": true,
      "Grid": true,
      "Snap": true,
      "IgnoreFoW": false,
      "MeasureMovement": false,
      "DragSelectable": true,
      "Autoraise": true,
      "Sticky": true,
      "Tooltip": true,
      "GridProjection": false,
      "HideWhenFaceDown": false,
      "Hands": false,
      "CustomAssetbundle": {
        "AssetbundleURL": "http://cloud-3.steamusercontent.com/ugc/1017193127286294825/351D02B0B4ABC67F497DFDA13ABF4BCA6DAE167C/",
        "AssetbundleSecondaryURL": "",
        "MaterialIndex": 1,
        "TypeIndex": 0,
        "LoopingEffectIndex": 0
      },
      "LuaScript": "",
      "LuaScriptState": "",
      "XmlUI": "",
      "GUID": "257ea9"
    },
    {
      "Name": "Custom_Assetbundle",
      "Transform": {
        "posX": -64.68684,
        "posY": -31.01357,
        "posZ": 107.243706,
        "rotX": 359.72702,
        "rotY": 0.00587853324,
        "rotZ": 0.106136255,
        "scaleX": 32.0,
        "scaleY": 24.5,
        "scaleZ": 20.0
      },
      "Nickname": "",
      "Description": "",
      "GMNotes": "",
      "ColorDiffuse": {
        "r": 1.0,
        "g": 1.0,
        "b": 1.0
      },
      "Locked": true,
      "Grid": true,
      "Snap": true,
      "IgnoreFoW": false,
      "MeasureMovement": false,
      "DragSelectable": true,
      "Autoraise": true,
      "Sticky": true,
      "Tooltip": true,
      "GridProjection": false,
      "HideWhenFaceDown": false,
      "Hands": false,
      "CustomAssetbundle": {
        "AssetbundleURL": "http://cloud-3.steamusercontent.com/ugc/1017193127286295987/57FEB91AF7ADC5C311C830C8A2FA4F42CB43EDB9/",
        "AssetbundleSecondaryURL": "",
        "MaterialIndex": 1,
        "TypeIndex": 0,
        "LoopingEffectIndex": 0
      },
      "LuaScript": "",
      "LuaScriptState": "",
      "XmlUI": "",
      "GUID": "3bb650"
    },
    {
      "Name": "Custom_Assetbundle",
      "Transform": {
        "posX": -17.2309742,
        "posY": -30.92221,
        "posZ": 107.187309,
        "rotX": 359.72702,
        "rotY": 0.0058785337,
        "rotZ": 0.106136255,
        "scaleX": 32.0,
        "scaleY": 24.5,
        "scaleZ": 20.0
      },
      "Nickname": "",
      "Description": "",
      "GMNotes": "",
      "ColorDiffuse": {
        "r": 1.0,
        "g": 1.0,
        "b": 1.0
      },
      "Locked": true,
      "Grid": true,
      "Snap": true,
      "IgnoreFoW": false,
      "MeasureMovement": false,
      "DragSelectable": true,
      "Autoraise": true,
      "Sticky": true,
      "Tooltip": true,
      "GridProjection": false,
      "HideWhenFaceDown": false,
      "Hands": false,
      "CustomAssetbundle": {
        "AssetbundleURL": "http://cloud-3.steamusercontent.com/ugc/1017193127286295987/57FEB91AF7ADC5C311C830C8A2FA4F42CB43EDB9/",
        "AssetbundleSecondaryURL": "",
        "MaterialIndex": 1,
        "TypeIndex": 0,
        "LoopingEffectIndex": 0
      },
      "LuaScript": "",
      "LuaScriptState": "",
      "XmlUI": "",
      "GUID": "bd03f7"
    },
    {
      "Name": "Custom_Assetbundle",
      "Transform": {
        "posX": 89.3854446,
        "posY": -30.7198982,
        "posZ": 108.188164,
        "rotX": 359.72702,
        "rotY": 0.0058785337,
        "rotZ": 0.106136255,
        "scaleX": 34.0,
        "scaleY": 24.5,
        "scaleZ": 20.0
      },
      "Nickname": "",
      "Description": "",
      "GMNotes": "",
      "ColorDiffuse": {
        "r": 1.0,
        "g": 1.0,
        "b": 1.0
      },
      "Locked": true,
      "Grid": true,
      "Snap": true,
      "IgnoreFoW": false,
      "MeasureMovement": false,
      "DragSelectable": true,
      "Autoraise": true,
      "Sticky": true,
      "Tooltip": true,
      "GridProjection": false,
      "HideWhenFaceDown": false,
      "Hands": false,
      "CustomAssetbundle": {
        "AssetbundleURL": "http://cloud-3.steamusercontent.com/ugc/1017193127286295987/57FEB91AF7ADC5C311C830C8A2FA4F42CB43EDB9/",
        "AssetbundleSecondaryURL": "",
        "MaterialIndex": 1,
        "TypeIndex": 0,
        "LoopingEffectIndex": 0
      },
      "LuaScript": "",
      "LuaScriptState": "",
      "XmlUI": "",
      "GUID": "5642be"
    },
    {
      "Name": "Custom_Assetbundle",
      "Transform": {
        "posX": 89.91961,
        "posY": -31.0099411,
        "posZ": -113.517616,
        "rotX": 359.72702,
        "rotY": 0.00587853324,
        "rotZ": 0.106136255,
        "scaleX": 35.0,
        "scaleY": 24.5,
        "scaleZ": 20.0
      },
      "Nickname": "",
      "Description": "",
      "GMNotes": "",
      "ColorDiffuse": {
        "r": 1.0,
        "g": 1.0,
        "b": 1.0
      },
      "Locked": true,
      "Grid": true,
      "Snap": true,
      "IgnoreFoW": false,
      "MeasureMovement": false,
      "DragSelectable": true,
      "Autoraise": true,
      "Sticky": true,
      "Tooltip": true,
      "GridProjection": false,
      "HideWhenFaceDown": false,
      "Hands": false,
      "CustomAssetbundle": {
        "AssetbundleURL": "http://cloud-3.steamusercontent.com/ugc/1017193127286295987/57FEB91AF7ADC5C311C830C8A2FA4F42CB43EDB9/",
        "AssetbundleSecondaryURL": "",
        "MaterialIndex": 1,
        "TypeIndex": 0,
        "LoopingEffectIndex": 0
      },
      "LuaScript": "",
      "LuaScriptState": "",
      "XmlUI": "",
      "GUID": "c44954"
    },
    {
      "Name": "Custom_Assetbundle",
      "Transform": {
        "posX": 38.50325,
        "posY": -30.8105927,
        "posZ": 107.736237,
        "rotX": 0.0219415464,
        "rotY": 0.0041917786,
        "rotZ": -0.00406453852,
        "scaleX": 34.0,
        "scaleY": 24.5,
        "scaleZ": 20.0
      },
      "Nickname": "",
      "Description": "",
      "GMNotes": "",
      "ColorDiffuse": {
        "r": 1.0,
        "g": 1.0,
        "b": 1.0
      },
      "Locked": true,
      "Grid": true,
      "Snap": true,
      "IgnoreFoW": false,
      "MeasureMovement": false,
      "DragSelectable": true,
      "Autoraise": true,
      "Sticky": true,
      "Tooltip": true,
      "GridProjection": false,
      "HideWhenFaceDown": false,
      "Hands": false,
      "CustomAssetbundle": {
        "AssetbundleURL": "http://cloud-3.steamusercontent.com/ugc/1017193127286295987/57FEB91AF7ADC5C311C830C8A2FA4F42CB43EDB9/",
        "AssetbundleSecondaryURL": "",
        "MaterialIndex": 1,
        "TypeIndex": 0,
        "LoopingEffectIndex": 0
      },
      "LuaScript": "",
      "LuaScriptState": "",
      "XmlUI": "",
      "GUID": "dac79b"
    },
    {
      "Name": "Custom_Assetbundle",
      "Transform": {
        "posX": 59.08767,
        "posY": -30.7651024,
        "posZ": -101.365074,
        "rotX": 359.9537,
        "rotY": 0.00428211,
        "rotZ": 359.9805,
        "scaleX": 30.0,
        "scaleY": 33.0,
        "scaleZ": 30.0
      },
      "Nickname": "",
      "Description": "",
      "GMNotes": "",
      "ColorDiffuse": {
        "r": 1.0,
        "g": 1.0,
        "b": 1.0
      },
      "Locked": true,
      "Grid": true,
      "Snap": true,
      "IgnoreFoW": false,
      "MeasureMovement": false,
      "DragSelectable": true,
      "Autoraise": true,
      "Sticky": true,
      "Tooltip": true,
      "GridProjection": false,
      "HideWhenFaceDown": false,
      "Hands": false,
      "CustomAssetbundle": {
        "AssetbundleURL": "http://cloud-3.steamusercontent.com/ugc/1017193127286128604/93A701E7B073B6E0934F8E947E62E6492E9E2C63/",
        "AssetbundleSecondaryURL": "",
        "MaterialIndex": 1,
        "TypeIndex": 0,
        "LoopingEffectIndex": 0
      },
      "LuaScript": "",
      "LuaScriptState": "",
      "XmlUI": "",
      "GUID": "97ca97"
    },
    {
      "Name": "Custom_Assetbundle",
      "Transform": {
        "posX": 43.13881,
        "posY": -30.32837,
        "posZ": -112.50071,
        "rotX": 0.0195045713,
        "rotY": 90.00486,
        "rotZ": 359.9537,
        "scaleX": 26.0,
        "scaleY": 27.0,
        "scaleZ": 28.0
      },
      "Nickname": "",
      "Description": "",
      "GMNotes": "",
      "ColorDiffuse": {
        "r": 1.0,
        "g": 1.0,
        "b": 1.0
      },
      "Locked": true,
      "Grid": true,
      "Snap": true,
      "IgnoreFoW": false,
      "MeasureMovement": false,
      "DragSelectable": true,
      "Autoraise": true,
      "Sticky": true,
      "Tooltip": true,
      "GridProjection": false,
      "HideWhenFaceDown": false,
      "Hands": false,
      "CustomAssetbundle": {
        "AssetbundleURL": "http://cloud-3.steamusercontent.com/ugc/1017193127286116789/375D2BD283AA9E7546DB58F5CB4AA09CEB219B5B/",
        "AssetbundleSecondaryURL": "",
        "MaterialIndex": 1,
        "TypeIndex": 0,
        "LoopingEffectIndex": 0
      },
      "LuaScript": "",
      "LuaScriptState": "",
      "XmlUI": "",
      "GUID": "b9a350"
    },
    {
      "Name": "Custom_Assetbundle",
      "Transform": {
        "posX": -18.0296078,
        "posY": -30.4501362,
        "posZ": -111.766609,
        "rotX": 359.978973,
        "rotY": 91.2257,
        "rotZ": 359.94693,
        "scaleX": 25.0,
        "scaleY": 27.0,
        "scaleZ": 28.0
      },
      "Nickname": "",
      "Description": "",
      "GMNotes": "",
      "ColorDiffuse": {
        "r": 1.0,
        "g": 1.0,
        "b": 1.0
      },
      "Locked": true,
      "Grid": true,
      "Snap": true,
      "IgnoreFoW": false,
      "MeasureMovement": false,
      "DragSelectable": true,
      "Autoraise": true,
      "Sticky": true,
      "Tooltip": true,
      "GridProjection": false,
      "HideWhenFaceDown": false,
      "Hands": false,
      "CustomAssetbundle": {
        "AssetbundleURL": "http://cloud-3.steamusercontent.com/ugc/1017193127286118164/47F93833BEB612108BF5673D172AB07A98DC9FC3/",
        "AssetbundleSecondaryURL": "",
        "MaterialIndex": 1,
        "TypeIndex": 0,
        "LoopingEffectIndex": 0
      },
      "LuaScript": "",
      "LuaScriptState": "",
      "XmlUI": "",
      "GUID": "80c0cd"
    },
    {
      "Name": "Custom_Assetbundle",
      "Transform": {
        "posX": -91.37435,
        "posY": -30.6816216,
        "posZ": -98.84905,
        "rotX": 0.0143904565,
        "rotY": 315.000549,
        "rotZ": 0.04744739,
        "scaleX": 30.0,
        "scaleY": 30.0,
        "scaleZ": 30.0
      },
      "Nickname": "",
      "Description": "",
      "GMNotes": "",
      "ColorDiffuse": {
        "r": 1.0,
        "g": 1.0,
        "b": 1.0
      },
      "Locked": true,
      "Grid": true,
      "Snap": true,
      "IgnoreFoW": false,
      "MeasureMovement": false,
      "DragSelectable": true,
      "Autoraise": true,
      "Sticky": true,
      "Tooltip": true,
      "GridProjection": false,
      "HideWhenFaceDown": false,
      "Hands": false,
      "CustomAssetbundle": {
        "AssetbundleURL": "http://cloud-3.steamusercontent.com/ugc/1017193127286123553/670CE273455432EF77299551F9C4BDBBE5D295EA/",
        "AssetbundleSecondaryURL": "",
        "MaterialIndex": 1,
        "TypeIndex": 0,
        "LoopingEffectIndex": 0
      },
      "LuaScript": "",
      "LuaScriptState": "",
      "XmlUI": "",
      "GUID": "65c32b"
    },
    {
      "Name": "Custom_Assetbundle",
      "Transform": {
        "posX": -175.84848,
        "posY": -30.5967884,
        "posZ": 42.31862,
        "rotX": 359.944855,
        "rotY": 130.0,
        "rotZ": 0.008097868,
        "scaleX": 30.0,
        "scaleY": 30.0,
        "scaleZ": 35.0
      },
      "Nickname": "",
      "Description": "",
      "GMNotes": "",
      "ColorDiffuse": {
        "r": 1.0,
        "g": 1.0,
        "b": 1.0
      },
      "Locked": true,
      "Grid": true,
      "Snap": true,
      "IgnoreFoW": false,
      "MeasureMovement": false,
      "DragSelectable": true,
      "Autoraise": true,
      "Sticky": true,
      "Tooltip": true,
      "GridProjection": false,
      "HideWhenFaceDown": false,
      "Hands": false,
      "CustomAssetbundle": {
        "AssetbundleURL": "http://cloud-3.steamusercontent.com/ugc/1017193127286113368/C5E639B1B9526F585661E83BCAEB769ABC80F3EB/",
        "AssetbundleSecondaryURL": "",
        "MaterialIndex": 1,
        "TypeIndex": 0,
        "LoopingEffectIndex": 0
      },
      "LuaScript": "",
      "LuaScriptState": "",
      "XmlUI": "",
      "GUID": "d27b56"
    },
    {
      "Name": "Custom_Assetbundle",
      "Transform": {
        "posX": -117.218689,
        "posY": -30.7767963,
        "posZ": 98.52005,
        "rotX": 359.947,
        "rotY": 180.0,
        "rotZ": 359.979828,
        "scaleX": 30.0,
        "scaleY": 30.0,
        "scaleZ": 35.0
      },
      "Nickname": "",
      "Description": "",
      "GMNotes": "",
      "ColorDiffuse": {
        "r": 1.0,
        "g": 1.0,
        "b": 1.0
      },
      "Locked": true,
      "Grid": true,
      "Snap": true,
      "IgnoreFoW": false,
      "MeasureMovement": false,
      "DragSelectable": true,
      "Autoraise": true,
      "Sticky": true,
      "Tooltip": true,
      "GridProjection": false,
      "HideWhenFaceDown": false,
      "Hands": false,
      "CustomAssetbundle": {
        "AssetbundleURL": "http://cloud-3.steamusercontent.com/ugc/1017193127286114303/FCEE975871A7250D2E280D783412F073951A959E/",
        "AssetbundleSecondaryURL": "",
        "MaterialIndex": 1,
        "TypeIndex": 0,
        "LoopingEffectIndex": 0
      },
      "LuaScript": "",
      "LuaScriptState": "",
      "XmlUI": "",
      "GUID": "796d2a"
    },
    {
      "Name": "Custom_Assetbundle",
      "Transform": {
        "posX": -97.18027,
        "posY": -30.7140884,
        "posZ": 23.0738487,
        "rotX": 0.007175571,
        "rotY": 1.04272449,
        "rotZ": 0.05526815,
        "scaleX": 20.0,
        "scaleY": 20.0,
        "scaleZ": 20.0
      },
      "Nickname": "",
      "Description": "",
      "GMNotes": "",
      "ColorDiffuse": {
        "r": 1.0,
        "g": 1.0,
        "b": 1.0
      },
      "Locked": true,
      "Grid": true,
      "Snap": true,
      "IgnoreFoW": false,
      "MeasureMovement": false,
      "DragSelectable": true,
      "Autoraise": true,
      "Sticky": true,
      "Tooltip": true,
      "GridProjection": false,
      "HideWhenFaceDown": false,
      "Hands": false,
      "CustomAssetbundle": {
        "AssetbundleURL": "http://cloud-3.steamusercontent.com/ugc/1017193127286120661/46C8AA0E37819B5A0AFD5081B589BBC19013F97C/",
        "AssetbundleSecondaryURL": "",
        "MaterialIndex": 2,
        "TypeIndex": 0,
        "LoopingEffectIndex": 0
      },
      "LuaScript": "",
      "LuaScriptState": "",
      "XmlUI": "",
      "GUID": "87d9ef"
    },
    {
      "Name": "Custom_Assetbundle",
      "Transform": {
        "posX": -97.37163,
        "posY": -27.14249,
        "posZ": 22.4912453,
        "rotX": 359.2215,
        "rotY": 0.0309927166,
        "rotZ": 359.946075,
        "scaleX": 20.0,
        "scaleY": 20.0,
        "scaleZ": 20.0
      },
      "Nickname": "",
      "Description": "",
      "GMNotes": "",
      "ColorDiffuse": {
        "r": 1.0,
        "g": 1.0,
        "b": 1.0
      },
      "Locked": true,
      "Grid": true,
      "Snap": true,
      "IgnoreFoW": false,
      "MeasureMovement": false,
      "DragSelectable": true,
      "Autoraise": true,
      "Sticky": true,
      "Tooltip": true,
      "GridProjection": false,
      "HideWhenFaceDown": false,
      "Hands": false,
      "CustomAssetbundle": {
        "AssetbundleURL": "http://cloud-3.steamusercontent.com/ugc/1017193127286119905/7993AC3781EAECCEE3FA07A2A5795D69384D86D7/",
        "AssetbundleSecondaryURL": "",
        "MaterialIndex": 1,
        "TypeIndex": 0,
        "LoopingEffectIndex": 0
      },
      "LuaScript": "",
      "LuaScriptState": "",
      "XmlUI": "",
      "GUID": "dc5550"
    },
    {
      "Name": "Custom_Assetbundle",
      "Transform": {
        "posX": 81.99818,
        "posY": -30.902544,
        "posZ": 92.22177,
        "rotX": 359.9002,
        "rotY": 125.000015,
        "rotZ": 0.0439718962,
        "scaleX": 25.0,
        "scaleY": 40.0,
        "scaleZ": 25.0
      },
      "Nickname": "",
      "Description": "",
      "GMNotes": "",
      "ColorDiffuse": {
        "r": 1.0,
        "g": 1.0,
        "b": 1.0,
        "a": 0.0
      },
      "Locked": true,
      "Grid": true,
      "Snap": true,
      "IgnoreFoW": false,
      "MeasureMovement": false,
      "DragSelectable": true,
      "Autoraise": true,
      "Sticky": true,
      "Tooltip": true,
      "GridProjection": false,
      "HideWhenFaceDown": false,
      "Hands": false,
      "CustomAssetbundle": {
        "AssetbundleURL": "http://cloud-3.steamusercontent.com/ugc/1017193127286121451/4EF5B81F33CB7739535AAD024DEC0FF279FA5383/",
        "AssetbundleSecondaryURL": "",
        "MaterialIndex": 4,
        "TypeIndex": 0,
        "LoopingEffectIndex": 0
      },
      "LuaScript": "",
      "LuaScriptState": "",
      "XmlUI": "",
      "GUID": "51b4b0"
    },
    {
      "Name": "Custom_Assetbundle",
      "Transform": {
        "posX": 98.2374344,
        "posY": -32.2896233,
        "posZ": 88.70148,
        "rotX": 359.9002,
        "rotY": 165.0,
        "rotZ": 0.04397189,
        "scaleX": 15.0,
        "scaleY": 15.0,
        "scaleZ": 15.0
      },
      "Nickname": "",
      "Description": "",
      "GMNotes": "",
      "ColorDiffuse": {
        "r": 1.0,
        "g": 1.0,
        "b": 1.0,
        "a": 0.0
      },
      "Locked": true,
      "Grid": true,
      "Snap": true,
      "IgnoreFoW": false,
      "MeasureMovement": false,
      "DragSelectable": true,
      "Autoraise": true,
      "Sticky": true,
      "Tooltip": true,
      "GridProjection": false,
      "HideWhenFaceDown": false,
      "Hands": false,
      "CustomAssetbundle": {
        "AssetbundleURL": "http://cloud-3.steamusercontent.com/ugc/1017193127286121451/4EF5B81F33CB7739535AAD024DEC0FF279FA5383/",
        "AssetbundleSecondaryURL": "",
        "MaterialIndex": 4,
        "TypeIndex": 0,
        "LoopingEffectIndex": 0
      },
      "LuaScript": "",
      "LuaScriptState": "",
      "XmlUI": "",
      "GUID": "fa5cbe"
    },
    {
      "Name": "Custom_Assetbundle",
      "Transform": {
        "posX": 103.449631,
        "posY": -30.5922146,
        "posZ": 103.700264,
        "rotX": 359.9002,
        "rotY": 345.0,
        "rotZ": 0.0439718962,
        "scaleX": 25.0,
        "scaleY": 25.0,
        "scaleZ": 25.0
      },
      "Nickname": "",
      "Description": "",
      "GMNotes": "",
      "ColorDiffuse": {
        "r": 1.0,
        "g": 1.0,
        "b": 1.0,
        "a": 0.0
      },
      "Locked": true,
      "Grid": true,
      "Snap": true,
      "IgnoreFoW": false,
      "MeasureMovement": false,
      "DragSelectable": true,
      "Autoraise": true,
      "Sticky": true,
      "Tooltip": true,
      "GridProjection": false,
      "HideWhenFaceDown": false,
      "Hands": false,
      "CustomAssetbundle": {
        "AssetbundleURL": "http://cloud-3.steamusercontent.com/ugc/1017193127286121451/4EF5B81F33CB7739535AAD024DEC0FF279FA5383/",
        "AssetbundleSecondaryURL": "",
        "MaterialIndex": 4,
        "TypeIndex": 0,
        "LoopingEffectIndex": 0
      },
      "LuaScript": "",
      "LuaScriptState": "",
      "XmlUI": "",
      "GUID": "e24e23"
    },
    {
      "Name": "Custom_Assetbundle",
      "Transform": {
        "posX": -0.000364407431,
        "posY": 7.69342327,
        "posZ": 107.347458,
        "rotX": 90.0,
        "rotY": 180.0,
        "rotZ": 0.0,
        "scaleX": 7.0,
        "scaleY": 7.0,
        "scaleZ": 7.0
      },
      "Nickname": "",
      "Description": "",
      "GMNotes": "",
      "ColorDiffuse": {
        "r": 1.0,
        "g": 1.0,
        "b": 1.0
      },
      "Locked": true,
      "Grid": true,
      "Snap": true,
      "IgnoreFoW": false,
      "MeasureMovement": false,
      "DragSelectable": true,
      "Autoraise": true,
      "Sticky": true,
      "Tooltip": true,
      "GridProjection": false,
      "HideWhenFaceDown": false,
      "Hands": false,
      "CustomAssetbundle": {
        "AssetbundleURL": "http://cloud-3.steamusercontent.com/ugc/1017193127286775399/942C6926F33E85F0B753F2BAECF3BCB0BFBE23CF/",
        "AssetbundleSecondaryURL": "",
        "MaterialIndex": 1,
        "TypeIndex": 0,
        "LoopingEffectIndex": 0
      },
      "LuaScript": "",
      "LuaScriptState": "",
      "XmlUI": "",
      "GUID": "1f5694"
    },
    {
      "Name": "Custom_Assetbundle",
      "Transform": {
        "posX": 342.897675,
        "posY": -24.6569347,
        "posZ": 95.54732,
        "rotX": 1.10011033E-05,
        "rotY": -6.80091834E-13,
        "rotZ": -1.21047617E-06,
        "scaleX": 20.0,
        "scaleY": 15.0,
        "scaleZ": 20.0
      },
      "Nickname": "",
      "Description": "",
      "GMNotes": "",
      "ColorDiffuse": {
        "r": 1.0,
        "g": 1.0,
        "b": 1.0
      },
      "Locked": true,
      "Grid": true,
      "Snap": true,
      "IgnoreFoW": false,
      "MeasureMovement": false,
      "DragSelectable": true,
      "Autoraise": true,
      "Sticky": true,
      "Tooltip": true,
      "GridProjection": false,
      "HideWhenFaceDown": false,
      "Hands": false,
      "CustomAssetbundle": {
        "AssetbundleURL": "http://cloud-3.steamusercontent.com/ugc/1017192914404587811/F1A73D479D42391469CABE0C311238C3EBAC6A8C/",
        "AssetbundleSecondaryURL": "",
        "MaterialIndex": 1,
        "TypeIndex": 0,
        "LoopingEffectIndex": 0
      },
      "LuaScript": "",
      "LuaScriptState": "",
      "XmlUI": "",
      "GUID": "8c25d6"
    },
    {
      "Name": "Custom_Assetbundle",
      "Transform": {
        "posX": 253.435791,
        "posY": -23.1156559,
        "posZ": 136.198135,
        "rotX": 1.10011051E-05,
        "rotY": 70.0,
        "rotZ": -1.21047663E-06,
        "scaleX": 18.0,
        "scaleY": 15.0,
        "scaleZ": 20.0
      },
      "Nickname": "",
      "Description": "",
      "GMNotes": "",
      "ColorDiffuse": {
        "r": 1.0,
        "g": 1.0,
        "b": 1.0
      },
      "Locked": true,
      "Grid": true,
      "Snap": true,
      "IgnoreFoW": false,
      "MeasureMovement": false,
      "DragSelectable": true,
      "Autoraise": true,
      "Sticky": true,
      "Tooltip": true,
      "GridProjection": false,
      "HideWhenFaceDown": false,
      "Hands": false,
      "CustomAssetbundle": {
        "AssetbundleURL": "http://cloud-3.steamusercontent.com/ugc/1017192914404587811/F1A73D479D42391469CABE0C311238C3EBAC6A8C/",
        "AssetbundleSecondaryURL": "",
        "MaterialIndex": 1,
        "TypeIndex": 0,
        "LoopingEffectIndex": 0
      },
      "LuaScript": "",
      "LuaScriptState": "",
      "XmlUI": "",
      "GUID": "19d41a"
    },
    {
      "Name": "Custom_Assetbundle",
      "Transform": {
        "posX": 166.8365,
        "posY": -31.9768238,
        "posZ": -221.98143,
        "rotX": 1.10011033E-05,
        "rotY": -6.80091834E-13,
        "rotZ": -1.21047617E-06,
        "scaleX": 15.0,
        "scaleY": 13.0,
        "scaleZ": 18.0
      },
      "Nickname": "",
      "Description": "",
      "GMNotes": "",
      "ColorDiffuse": {
        "r": 1.0,
        "g": 1.0,
        "b": 1.0
      },
      "Locked": true,
      "Grid": true,
      "Snap": true,
      "IgnoreFoW": false,
      "MeasureMovement": false,
      "DragSelectable": true,
      "Autoraise": true,
      "Sticky": true,
      "Tooltip": true,
      "GridProjection": false,
      "HideWhenFaceDown": false,
      "Hands": false,
      "CustomAssetbundle": {
        "AssetbundleURL": "http://cloud-3.steamusercontent.com/ugc/1017192914404587811/F1A73D479D42391469CABE0C311238C3EBAC6A8C/",
        "AssetbundleSecondaryURL": "",
        "MaterialIndex": 1,
        "TypeIndex": 0,
        "LoopingEffectIndex": 0
      },
      "LuaScript": "",
      "LuaScriptState": "",
      "XmlUI": "",
      "GUID": "43a921"
    },
    {
      "Name": "Custom_Assetbundle",
      "Transform": {
        "posX": 100.765808,
        "posY": -29.32797,
        "posZ": -266.171448,
        "rotX": 1.10011542E-05,
        "rotY": 80.0,
        "rotZ": -1.21047481E-06,
        "scaleX": 14.0,
        "scaleY": 12.0,
        "scaleZ": 15.0
      },
      "Nickname": "",
      "Description": "",
      "GMNotes": "",
      "ColorDiffuse": {
        "r": 1.0,
        "g": 1.0,
        "b": 1.0
      },
      "Locked": true,
      "Grid": true,
      "Snap": true,
      "IgnoreFoW": false,
      "MeasureMovement": false,
      "DragSelectable": true,
      "Autoraise": true,
      "Sticky": true,
      "Tooltip": true,
      "GridProjection": false,
      "HideWhenFaceDown": false,
      "Hands": false,
      "CustomAssetbundle": {
        "AssetbundleURL": "http://cloud-3.steamusercontent.com/ugc/1017192914404587811/F1A73D479D42391469CABE0C311238C3EBAC6A8C/",
        "AssetbundleSecondaryURL": "",
        "MaterialIndex": 1,
        "TypeIndex": 0,
        "LoopingEffectIndex": 0
      },
      "LuaScript": "",
      "LuaScriptState": "",
      "XmlUI": "",
      "GUID": "f6d6d1"
    },
    {
      "Name": "Custom_Assetbundle",
      "Transform": {
        "posX": -60.07126,
        "posY": -31.28797,
        "posZ": -276.3575,
        "rotX": 1.10011079E-05,
        "rotY": 0.0,
        "rotZ": -1.21047572E-06,
        "scaleX": 18.0,
        "scaleY": 12.0,
        "scaleZ": 15.0
      },
      "Nickname": "",
      "Description": "",
      "GMNotes": "",
      "ColorDiffuse": {
        "r": 1.0,
        "g": 1.0,
        "b": 1.0
      },
      "Locked": true,
      "Grid": true,
      "Snap": true,
      "IgnoreFoW": false,
      "MeasureMovement": false,
      "DragSelectable": true,
      "Autoraise": true,
      "Sticky": true,
      "Tooltip": true,
      "GridProjection": false,
      "HideWhenFaceDown": false,
      "Hands": false,
      "CustomAssetbundle": {
        "AssetbundleURL": "http://cloud-3.steamusercontent.com/ugc/1017192914404587811/F1A73D479D42391469CABE0C311238C3EBAC6A8C/",
        "AssetbundleSecondaryURL": "",
        "MaterialIndex": 1,
        "TypeIndex": 0,
        "LoopingEffectIndex": 0
      },
      "LuaScript": "",
      "LuaScriptState": "",
      "XmlUI": "",
      "GUID": "cfb456"
    },
    {
      "Name": "Custom_Assetbundle",
      "Transform": {
        "posX": 149.32048,
        "posY": -26.9775524,
        "posZ": 232.511749,
        "rotX": 1.10011079E-05,
        "rotY": 0.0,
        "rotZ": -1.21047572E-06,
        "scaleX": 18.0,
        "scaleY": 12.0,
        "scaleZ": 15.0
      },
      "Nickname": "",
      "Description": "",
      "GMNotes": "",
      "ColorDiffuse": {
        "r": 1.0,
        "g": 1.0,
        "b": 1.0
      },
      "Locked": true,
      "Grid": true,
      "Snap": true,
      "IgnoreFoW": false,
      "MeasureMovement": false,
      "DragSelectable": true,
      "Autoraise": true,
      "Sticky": true,
      "Tooltip": true,
      "GridProjection": false,
      "HideWhenFaceDown": false,
      "Hands": false,
      "CustomAssetbundle": {
        "AssetbundleURL": "http://cloud-3.steamusercontent.com/ugc/1017192914404587811/F1A73D479D42391469CABE0C311238C3EBAC6A8C/",
        "AssetbundleSecondaryURL": "",
        "MaterialIndex": 1,
        "TypeIndex": 0,
        "LoopingEffectIndex": 0
      },
      "LuaScript": "",
      "LuaScriptState": "",
      "XmlUI": "",
      "GUID": "08166c"
    },
    {
      "Name": "Custom_Assetbundle",
      "Transform": {
        "posX": 34.1650848,
        "posY": -22.0619736,
        "posZ": 104.610474,
        "rotX": 0.05588212,
        "rotY": 0.264015615,
        "rotZ": 359.9867,
        "scaleX": 20.0,
        "scaleY": 20.0,
        "scaleZ": 20.0
      },
      "Nickname": "",
      "Description": "",
      "GMNotes": "",
      "ColorDiffuse": {
        "r": 1.0,
        "g": 1.0,
        "b": 1.0,
        "a": 0.0
      },
      "Locked": true,
      "Grid": true,
      "Snap": true,
      "IgnoreFoW": false,
      "MeasureMovement": false,
      "DragSelectable": true,
      "Autoraise": true,
      "Sticky": true,
      "Tooltip": true,
      "GridProjection": false,
      "HideWhenFaceDown": false,
      "Hands": false,
      "CustomAssetbundle": {
        "AssetbundleURL": "http://cloud-3.steamusercontent.com/ugc/1017193127286777710/A5D7B50756A2778B6475DEB705172F559A73B338/",
        "AssetbundleSecondaryURL": "",
        "MaterialIndex": 1,
        "TypeIndex": 0,
        "LoopingEffectIndex": 0
      },
      "LuaScript": "",
      "LuaScriptState": "",
      "XmlUI": "",
      "GUID": "1ba1a3"
    },
    {
      "Name": "Custom_Assetbundle",
      "Transform": {
        "posX": 83.54484,
        "posY": -30.5965748,
        "posZ": 125.315811,
        "rotX": -4.36576829E-06,
        "rotY": 0.000338845421,
        "rotZ": 0.193119511,
        "scaleX": 18.0,
        "scaleY": 20.0,
        "scaleZ": 18.0
      },
      "Nickname": "",
      "Description": "",
      "GMNotes": "",
      "ColorDiffuse": {
        "r": 0.301103055,
        "g": 1.0,
        "b": 0.277999073,
        "a": 0.0
      },
      "Locked": true,
      "Grid": true,
      "Snap": true,
      "IgnoreFoW": false,
      "MeasureMovement": false,
      "DragSelectable": true,
      "Autoraise": true,
      "Sticky": true,
      "Tooltip": true,
      "GridProjection": false,
      "HideWhenFaceDown": false,
      "Hands": false,
      "CustomAssetbundle": {
        "AssetbundleURL": "http://cloud-3.steamusercontent.com/ugc/1017193127286778596/C3CB6F83F7DF99D0E545B680C6EC3C932B064060/",
        "AssetbundleSecondaryURL": "",
        "MaterialIndex": 2,
        "TypeIndex": 0,
        "LoopingEffectIndex": 0
      },
      "LuaScript": "",
      "LuaScriptState": "",
      "XmlUI": "",
      "GUID": "ed6ca3"
    },
    {
      "Name": "Custom_Assetbundle",
      "Transform": {
        "posX": -111.099426,
        "posY": -30.3891144,
        "posZ": 123.932785,
        "rotX": -4.36577E-06,
        "rotY": 180.0,
        "rotZ": 0.193119511,
        "scaleX": 18.0,
        "scaleY": 20.0,
        "scaleZ": 18.0
      },
      "Nickname": "",
      "Description": "",
      "GMNotes": "",
      "ColorDiffuse": {
        "r": 0.301102966,
        "g": 1.0,
        "b": 0.277999,
        "a": 0.0
      },
      "Locked": true,
      "Grid": true,
      "Snap": true,
      "IgnoreFoW": false,
      "MeasureMovement": false,
      "DragSelectable": true,
      "Autoraise": true,
      "Sticky": true,
      "Tooltip": true,
      "GridProjection": false,
      "HideWhenFaceDown": false,
      "Hands": false,
      "CustomAssetbundle": {
        "AssetbundleURL": "http://cloud-3.steamusercontent.com/ugc/1017193127286778596/C3CB6F83F7DF99D0E545B680C6EC3C932B064060/",
        "AssetbundleSecondaryURL": "",
        "MaterialIndex": 2,
        "TypeIndex": 0,
        "LoopingEffectIndex": 0
      },
      "LuaScript": "",
      "LuaScriptState": "",
      "XmlUI": "",
      "GUID": "282f15"
    },
    {
      "Name": "Custom_Assetbundle",
      "Transform": {
        "posX": -92.3648758,
        "posY": -1.6670022,
        "posZ": 83.69642,
        "rotX": 25.3549252,
        "rotY": 188.638092,
        "rotZ": 3.70392323,
        "scaleX": 20.0,
        "scaleY": 20.0,
        "scaleZ": 20.0
      },
      "Nickname": "",
      "Description": "",
      "GMNotes": "",
      "ColorDiffuse": {
        "r": 1.0,
        "g": 1.0,
        "b": 1.0
      },
      "Locked": false,
      "Grid": true,
      "Snap": true,
      "IgnoreFoW": false,
      "MeasureMovement": false,
      "DragSelectable": true,
      "Autoraise": true,
      "Sticky": true,
      "Tooltip": true,
      "GridProjection": false,
      "HideWhenFaceDown": false,
      "Hands": false,
      "CustomAssetbundle": {
        "AssetbundleURL": "http://cloud-3.steamusercontent.com/ugc/1017193127286777013/8465D47BBE842A7FF17110059C58401F9EE2A375/",
        "AssetbundleSecondaryURL": "",
        "MaterialIndex": 3,
        "TypeIndex": 0,
        "LoopingEffectIndex": 0
      },
      "LuaScript": "",
      "LuaScriptState": "",
      "XmlUI": "",
      "GUID": "39d29b"
    },
    {
      "Name": "Custom_Assetbundle",
      "Transform": {
        "posX": -74.08929,
        "posY": -4.563985,
        "posZ": 77.63606,
        "rotX": 334.393524,
        "rotY": 358.658875,
        "rotZ": 0.5973703,
        "scaleX": 20.0,
        "scaleY": 20.0,
        "scaleZ": 20.0
      },
      "Nickname": "",
      "Description": "",
      "GMNotes": "",
      "ColorDiffuse": {
        "r": 1.0,
        "g": 1.0,
        "b": 1.0
      },
      "Locked": false,
      "Grid": true,
      "Snap": true,
      "IgnoreFoW": false,
      "MeasureMovement": false,
      "DragSelectable": true,
      "Autoraise": true,
      "Sticky": true,
      "Tooltip": true,
      "GridProjection": false,
      "HideWhenFaceDown": false,
      "Hands": false,
      "CustomAssetbundle": {
        "AssetbundleURL": "http://cloud-3.steamusercontent.com/ugc/1017193127286777013/8465D47BBE842A7FF17110059C58401F9EE2A375/",
        "AssetbundleSecondaryURL": "",
        "MaterialIndex": 3,
        "TypeIndex": 0,
        "LoopingEffectIndex": 0
      },
      "LuaScript": "",
      "LuaScriptState": "",
      "XmlUI": "",
      "GUID": "39c4ff"
    },
    {
      "Name": "Custom_Assetbundle",
      "Transform": {
        "posX": -46.8292923,
        "posY": -5.875657,
        "posZ": 82.42841,
        "rotX": 0.0645278,
        "rotY": 6.423628,
        "rotZ": 334.5205,
        "scaleX": 30.0,
        "scaleY": 20.0,
        "scaleZ": 40.0
      },
      "Nickname": "",
      "Description": "",
      "GMNotes": "",
      "ColorDiffuse": {
        "r": 1.0,
        "g": 1.0,
        "b": 1.0
      },
      "Locked": false,
      "Grid": true,
      "Snap": true,
      "IgnoreFoW": false,
      "MeasureMovement": false,
      "DragSelectable": true,
      "Autoraise": true,
      "Sticky": true,
      "Tooltip": true,
      "GridProjection": false,
      "HideWhenFaceDown": false,
      "Hands": false,
      "CustomAssetbundle": {
        "AssetbundleURL": "http://cloud-3.steamusercontent.com/ugc/1017193127286777013/8465D47BBE842A7FF17110059C58401F9EE2A375/",
        "AssetbundleSecondaryURL": "",
        "MaterialIndex": 3,
        "TypeIndex": 0,
        "LoopingEffectIndex": 0
      },
      "LuaScript": "",
      "LuaScriptState": "",
      "XmlUI": "",
      "GUID": "585935"
    },
    {
      "Name": "Custom_Assetbundle",
      "Transform": {
        "posX": -43.06605,
        "posY": -25.5262318,
        "posZ": 73.93787,
        "rotX": 0.0179362856,
        "rotY": 267.98172,
        "rotZ": 179.9541,
        "scaleX": 30.0,
        "scaleY": 20.0,
        "scaleZ": 40.0
      },
      "Nickname": "",
      "Description": "",
      "GMNotes": "",
      "ColorDiffuse": {
        "r": 1.0,
        "g": 1.0,
        "b": 1.0
      },
      "Locked": false,
      "Grid": true,
      "Snap": true,
      "IgnoreFoW": false,
      "MeasureMovement": false,
      "DragSelectable": true,
      "Autoraise": true,
      "Sticky": true,
      "Tooltip": true,
      "GridProjection": false,
      "HideWhenFaceDown": false,
      "Hands": false,
      "CustomAssetbundle": {
        "AssetbundleURL": "http://cloud-3.steamusercontent.com/ugc/1017193127286777013/8465D47BBE842A7FF17110059C58401F9EE2A375/",
        "AssetbundleSecondaryURL": "",
        "MaterialIndex": 3,
        "TypeIndex": 0,
        "LoopingEffectIndex": 0
      },
      "LuaScript": "",
      "LuaScriptState": "",
      "XmlUI": "",
      "GUID": "cdae8a"
    },
    {
      "Name": "Custom_Assetbundle",
      "Transform": {
        "posX": -35.0600662,
        "posY": -26.2299557,
        "posZ": 88.95086,
        "rotX": 0.0491832122,
        "rotY": 23.8163338,
        "rotZ": 0.0159971174,
        "scaleX": 30.0,
        "scaleY": 20.0,
        "scaleZ": 40.0
      },
      "Nickname": "",
      "Description": "",
      "GMNotes": "",
      "ColorDiffuse": {
        "r": 1.0,
        "g": 1.0,
        "b": 1.0
      },
      "Locked": false,
      "Grid": true,
      "Snap": true,
      "IgnoreFoW": false,
      "MeasureMovement": false,
      "DragSelectable": true,
      "Autoraise": true,
      "Sticky": true,
      "Tooltip": true,
      "GridProjection": false,
      "HideWhenFaceDown": false,
      "Hands": false,
      "CustomAssetbundle": {
        "AssetbundleURL": "http://cloud-3.steamusercontent.com/ugc/1017193127286777013/8465D47BBE842A7FF17110059C58401F9EE2A375/",
        "AssetbundleSecondaryURL": "",
        "MaterialIndex": 3,
        "TypeIndex": 0,
        "LoopingEffectIndex": 0
      },
      "LuaScript": "",
      "LuaScriptState": "",
      "XmlUI": "",
      "GUID": "08f2ed"
    },
    {
      "Name": "Custom_Assetbundle",
      "Transform": {
        "posX": -43.08397,
        "posY": -16.6062775,
        "posZ": 86.70064,
        "rotX": 0.013009239,
        "rotY": 91.45337,
        "rotZ": 0.0631977841,
        "scaleX": 30.0,
        "scaleY": 20.0,
        "scaleZ": 40.0
      },
      "Nickname": "",
      "Description": "",
      "GMNotes": "",
      "ColorDiffuse": {
        "r": 1.0,
        "g": 1.0,
        "b": 1.0
      },
      "Locked": false,
      "Grid": true,
      "Snap": true,
      "IgnoreFoW": false,
      "MeasureMovement": false,
      "DragSelectable": true,
      "Autoraise": true,
      "Sticky": true,
      "Tooltip": true,
      "GridProjection": false,
      "HideWhenFaceDown": false,
      "Hands": false,
      "CustomAssetbundle": {
        "AssetbundleURL": "http://cloud-3.steamusercontent.com/ugc/1017193127286777013/8465D47BBE842A7FF17110059C58401F9EE2A375/",
        "AssetbundleSecondaryURL": "",
        "MaterialIndex": 3,
        "TypeIndex": 0,
        "LoopingEffectIndex": 0
      },
      "LuaScript": "",
      "LuaScriptState": "",
      "XmlUI": "",
      "GUID": "67dda4"
    },
    {
      "Name": "Custom_Assetbundle",
      "Transform": {
        "posX": -37.868084,
        "posY": -15.9050961,
        "posZ": 77.4290161,
        "rotX": 0.05380316,
        "rotY": 29.21681,
        "rotZ": 180.024918,
        "scaleX": 30.0,
        "scaleY": 20.0,
        "scaleZ": 40.0
      },
      "Nickname": "",
      "Description": "",
      "GMNotes": "",
      "ColorDiffuse": {
        "r": 1.0,
        "g": 1.0,
        "b": 1.0
      },
      "Locked": false,
      "Grid": true,
      "Snap": true,
      "IgnoreFoW": false,
      "MeasureMovement": false,
      "DragSelectable": true,
      "Autoraise": true,
      "Sticky": true,
      "Tooltip": true,
      "GridProjection": false,
      "HideWhenFaceDown": false,
      "Hands": false,
      "CustomAssetbundle": {
        "AssetbundleURL": "http://cloud-3.steamusercontent.com/ugc/1017193127286777013/8465D47BBE842A7FF17110059C58401F9EE2A375/",
        "AssetbundleSecondaryURL": "",
        "MaterialIndex": 3,
        "TypeIndex": 0,
        "LoopingEffectIndex": 0
      },
      "LuaScript": "",
      "LuaScriptState": "",
      "XmlUI": "",
      "GUID": "a26056"
    },
    {
      "Name": "Custom_Assetbundle",
      "Transform": {
        "posX": 6.509023,
        "posY": -3.31560326,
        "posZ": -91.59883,
        "rotX": 359.9539,
        "rotY": 0.617756546,
        "rotZ": 359.97998,
        "scaleX": 20.0,
        "scaleY": 20.0,
        "scaleZ": 20.0
      },
      "Nickname": "",
      "Description": "",
      "GMNotes": "",
      "ColorDiffuse": {
        "r": 1.0,
        "g": 1.0,
        "b": 1.0
      },
      "Locked": false,
      "Grid": true,
      "Snap": true,
      "IgnoreFoW": false,
      "MeasureMovement": false,
      "DragSelectable": true,
      "Autoraise": true,
      "Sticky": true,
      "Tooltip": true,
      "GridProjection": false,
      "HideWhenFaceDown": false,
      "Hands": false,
      "CustomAssetbundle": {
        "AssetbundleURL": "http://cloud-3.steamusercontent.com/ugc/1017193127286782219/5B59DB559E652A70620CD214384B9E0D1C5D0077/",
        "AssetbundleSecondaryURL": "",
        "MaterialIndex": 3,
        "TypeIndex": 0,
        "LoopingEffectIndex": 0
      },
      "LuaScript": "",
      "LuaScriptState": "",
      "XmlUI": "",
      "GUID": "03458c"
    },
    {
      "Name": "Custom_Assetbundle",
      "Transform": {
        "posX": 19.5037346,
        "posY": -1.22124577,
        "posZ": -94.85596,
        "rotX": 22.4657478,
        "rotY": 299.988983,
        "rotZ": 2.114198,
        "scaleX": 20.0,
        "scaleY": 20.0,
        "scaleZ": 20.0
      },
      "Nickname": "",
      "Description": "",
      "GMNotes": "",
      "ColorDiffuse": {
        "r": 1.0,
        "g": 1.0,
        "b": 1.0
      },
      "Locked": false,
      "Grid": true,
      "Snap": true,
      "IgnoreFoW": false,
      "MeasureMovement": false,
      "DragSelectable": true,
      "Autoraise": true,
      "Sticky": true,
      "Tooltip": true,
      "GridProjection": false,
      "HideWhenFaceDown": false,
      "Hands": false,
      "CustomAssetbundle": {
        "AssetbundleURL": "http://cloud-3.steamusercontent.com/ugc/1017193127286782219/5B59DB559E652A70620CD214384B9E0D1C5D0077/",
        "AssetbundleSecondaryURL": "",
        "MaterialIndex": 3,
        "TypeIndex": 0,
        "LoopingEffectIndex": 0
      },
      "LuaScript": "",
      "LuaScriptState": "",
      "XmlUI": "",
      "GUID": "dc315e"
    },
    {
      "Name": "Custom_Assetbundle",
      "Transform": {
        "posX": 16.8801041,
        "posY": -2.10217118,
        "posZ": -91.539,
        "rotX": 0.0191996619,
        "rotY": 89.6200943,
        "rotZ": 89.95351,
        "scaleX": 20.0,
        "scaleY": 20.0,
        "scaleZ": 20.0
      },
      "Nickname": "",
      "Description": "",
      "GMNotes": "",
      "ColorDiffuse": {
        "r": 1.0,
        "g": 1.0,
        "b": 1.0
      },
      "Locked": false,
      "Grid": true,
      "Snap": true,
      "IgnoreFoW": false,
      "MeasureMovement": false,
      "DragSelectable": true,
      "Autoraise": true,
      "Sticky": true,
      "Tooltip": true,
      "GridProjection": false,
      "HideWhenFaceDown": false,
      "Hands": false,
      "CustomAssetbundle": {
        "AssetbundleURL": "http://cloud-3.steamusercontent.com/ugc/1017193127286782219/5B59DB559E652A70620CD214384B9E0D1C5D0077/",
        "AssetbundleSecondaryURL": "",
        "MaterialIndex": 3,
        "TypeIndex": 0,
        "LoopingEffectIndex": 0
      },
      "LuaScript": "",
      "LuaScriptState": "",
      "XmlUI": "",
      "GUID": "4d9caa"
    },
    {
      "Name": "Custom_Assetbundle",
      "Transform": {
        "posX": 23.5174389,
        "posY": -3.32660723,
        "posZ": -98.0527344,
        "rotX": 359.953674,
        "rotY": 0.00141122832,
        "rotZ": 359.980469,
        "scaleX": 20.0,
        "scaleY": 20.0,
        "scaleZ": 20.0
      },
      "Nickname": "",
      "Description": "",
      "GMNotes": "",
      "ColorDiffuse": {
        "r": 1.0,
        "g": 1.0,
        "b": 1.0
      },
      "Locked": false,
      "Grid": true,
      "Snap": true,
      "IgnoreFoW": false,
      "MeasureMovement": false,
      "DragSelectable": true,
      "Autoraise": true,
      "Sticky": true,
      "Tooltip": true,
      "GridProjection": false,
      "HideWhenFaceDown": false,
      "Hands": false,
      "CustomAssetbundle": {
        "AssetbundleURL": "http://cloud-3.steamusercontent.com/ugc/1017193127286782219/5B59DB559E652A70620CD214384B9E0D1C5D0077/",
        "AssetbundleSecondaryURL": "",
        "MaterialIndex": 3,
        "TypeIndex": 0,
        "LoopingEffectIndex": 0
      },
      "LuaScript": "",
      "LuaScriptState": "",
      "XmlUI": "",
      "GUID": "94dbfc"
    },
    {
      "Name": "Custom_Assetbundle",
      "Transform": {
        "posX": 25.85699,
        "posY": -3.32150817,
        "posZ": -90.75719,
        "rotX": 359.9539,
        "rotY": 0.6183179,
        "rotZ": 359.98,
        "scaleX": 20.0,
        "scaleY": 20.0,
        "scaleZ": 20.0
      },
      "Nickname": "",
      "Description": "",
      "GMNotes": "",
      "ColorDiffuse": {
        "r": 1.0,
        "g": 1.0,
        "b": 1.0
      },
      "Locked": false,
      "Grid": true,
      "Snap": true,
      "IgnoreFoW": false,
      "MeasureMovement": false,
      "DragSelectable": true,
      "Autoraise": true,
      "Sticky": true,
      "Tooltip": true,
      "GridProjection": false,
      "HideWhenFaceDown": false,
      "Hands": false,
      "CustomAssetbundle": {
        "AssetbundleURL": "http://cloud-3.steamusercontent.com/ugc/1017193127286782219/5B59DB559E652A70620CD214384B9E0D1C5D0077/",
        "AssetbundleSecondaryURL": "",
        "MaterialIndex": 3,
        "TypeIndex": 0,
        "LoopingEffectIndex": 0
      },
      "LuaScript": "",
      "LuaScriptState": "",
      "XmlUI": "",
      "GUID": "547bb6"
    },
    {
      "Name": "Custom_Assetbundle",
      "Transform": {
        "posX": 21.7793522,
        "posY": -2.19290972,
        "posZ": -90.9544144,
        "rotX": 0.029610578,
        "rotY": 103.252937,
        "rotZ": 269.959351,
        "scaleX": 20.0,
        "scaleY": 20.0,
        "scaleZ": 20.0
      },
      "Nickname": "",
      "Description": "",
      "GMNotes": "",
      "ColorDiffuse": {
        "r": 1.0,
        "g": 1.0,
        "b": 1.0
      },
      "Locked": false,
      "Grid": true,
      "Snap": true,
      "IgnoreFoW": false,
      "MeasureMovement": false,
      "DragSelectable": true,
      "Autoraise": true,
      "Sticky": true,
      "Tooltip": true,
      "GridProjection": false,
      "HideWhenFaceDown": false,
      "Hands": false,
      "CustomAssetbundle": {
        "AssetbundleURL": "http://cloud-3.steamusercontent.com/ugc/1017193127286782219/5B59DB559E652A70620CD214384B9E0D1C5D0077/",
        "AssetbundleSecondaryURL": "",
        "MaterialIndex": 3,
        "TypeIndex": 0,
        "LoopingEffectIndex": 0
      },
      "LuaScript": "",
      "LuaScriptState": "",
      "XmlUI": "",
      "GUID": "1725d9"
    },
    {
      "Name": "Custom_Assetbundle",
      "Transform": {
        "posX": 17.7604656,
        "posY": -3.32227755,
        "posZ": -95.07479,
        "rotX": 359.953766,
        "rotY": 0.298569143,
        "rotZ": 359.98175,
        "scaleX": 20.0,
        "scaleY": 20.0,
        "scaleZ": 20.0
      },
      "Nickname": "",
      "Description": "",
      "GMNotes": "",
      "ColorDiffuse": {
        "r": 1.0,
        "g": 1.0,
        "b": 1.0
      },
      "Locked": false,
      "Grid": true,
      "Snap": true,
      "IgnoreFoW": false,
      "MeasureMovement": false,
      "DragSelectable": true,
      "Autoraise": true,
      "Sticky": true,
      "Tooltip": true,
      "GridProjection": false,
      "HideWhenFaceDown": false,
      "Hands": false,
      "CustomAssetbundle": {
        "AssetbundleURL": "http://cloud-3.steamusercontent.com/ugc/1017193127286782219/5B59DB559E652A70620CD214384B9E0D1C5D0077/",
        "AssetbundleSecondaryURL": "",
        "MaterialIndex": 3,
        "TypeIndex": 0,
        "LoopingEffectIndex": 0
      },
      "LuaScript": "",
      "LuaScriptState": "",
      "XmlUI": "",
      "GUID": "665cdc"
    },
    {
      "Name": "Custom_Assetbundle",
      "Transform": {
        "posX": 20.2888317,
        "posY": -2.10553312,
        "posZ": -94.300415,
        "rotX": 0.0326244,
        "rotY": 204.537643,
        "rotZ": 90.03928,
        "scaleX": 20.0,
        "scaleY": 20.0,
        "scaleZ": 20.0
      },
      "Nickname": "",
      "Description": "",
      "GMNotes": "",
      "ColorDiffuse": {
        "r": 1.0,
        "g": 1.0,
        "b": 1.0
      },
      "Locked": false,
      "Grid": true,
      "Snap": true,
      "IgnoreFoW": false,
      "MeasureMovement": false,
      "DragSelectable": true,
      "Autoraise": true,
      "Sticky": true,
      "Tooltip": true,
      "GridProjection": false,
      "HideWhenFaceDown": false,
      "Hands": false,
      "CustomAssetbundle": {
        "AssetbundleURL": "http://cloud-3.steamusercontent.com/ugc/1017193127286782219/5B59DB559E652A70620CD214384B9E0D1C5D0077/",
        "AssetbundleSecondaryURL": "",
        "MaterialIndex": 3,
        "TypeIndex": 0,
        "LoopingEffectIndex": 0
      },
      "LuaScript": "",
      "LuaScriptState": "",
      "XmlUI": "",
      "GUID": "24a157"
    },
    {
      "Name": "Custom_Assetbundle",
      "Transform": {
        "posX": 18.2277355,
        "posY": -1.8754878,
        "posZ": -98.41115,
        "rotX": 0.0450664237,
        "rotY": 183.432419,
        "rotZ": 180.022247,
        "scaleX": 20.0,
        "scaleY": 20.0,
        "scaleZ": 20.0
      },
      "Nickname": "",
      "Description": "",
      "GMNotes": "",
      "ColorDiffuse": {
        "r": 1.0,
        "g": 1.0,
        "b": 1.0
      },
      "Locked": false,
      "Grid": true,
      "Snap": true,
      "IgnoreFoW": false,
      "MeasureMovement": false,
      "DragSelectable": true,
      "Autoraise": true,
      "Sticky": true,
      "Tooltip": true,
      "GridProjection": false,
      "HideWhenFaceDown": false,
      "Hands": false,
      "CustomAssetbundle": {
        "AssetbundleURL": "http://cloud-3.steamusercontent.com/ugc/1017193127286782219/5B59DB559E652A70620CD214384B9E0D1C5D0077/",
        "AssetbundleSecondaryURL": "",
        "MaterialIndex": 3,
        "TypeIndex": 0,
        "LoopingEffectIndex": 0
      },
      "LuaScript": "",
      "LuaScriptState": "",
      "XmlUI": "",
      "GUID": "cec4d0"
    },
    {
      "Name": "Custom_Assetbundle",
      "Transform": {
        "posX": 23.4868183,
        "posY": -1.62642062,
        "posZ": -95.53233,
        "rotX": 89.9515457,
        "rotY": 1.71190786,
        "rotZ": 0.0,
        "scaleX": 20.0,
        "scaleY": 20.0,
        "scaleZ": 20.0
      },
      "Nickname": "",
      "Description": "",
      "GMNotes": "",
      "ColorDiffuse": {
        "r": 1.0,
        "g": 1.0,
        "b": 1.0
      },
      "Locked": false,
      "Grid": true,
      "Snap": true,
      "IgnoreFoW": false,
      "MeasureMovement": false,
      "DragSelectable": true,
      "Autoraise": true,
      "Sticky": true,
      "Tooltip": true,
      "GridProjection": false,
      "HideWhenFaceDown": false,
      "Hands": false,
      "CustomAssetbundle": {
        "AssetbundleURL": "http://cloud-3.steamusercontent.com/ugc/1017193127286782219/5B59DB559E652A70620CD214384B9E0D1C5D0077/",
        "AssetbundleSecondaryURL": "",
        "MaterialIndex": 3,
        "TypeIndex": 0,
        "LoopingEffectIndex": 0
      },
      "LuaScript": "",
      "LuaScriptState": "",
      "XmlUI": "",
      "GUID": "4a1afa"
    },
    {
      "Name": "Custom_Assetbundle",
      "Transform": {
        "posX": 20.7875729,
        "posY": -3.326332,
        "posZ": -98.8607559,
        "rotX": 359.953674,
        "rotY": 359.988434,
        "rotZ": 359.980469,
        "scaleX": 20.0,
        "scaleY": 20.0,
        "scaleZ": 20.0
      },
      "Nickname": "",
      "Description": "",
      "GMNotes": "",
      "ColorDiffuse": {
        "r": 1.0,
        "g": 1.0,
        "b": 1.0
      },
      "Locked": false,
      "Grid": true,
      "Snap": true,
      "IgnoreFoW": false,
      "MeasureMovement": false,
      "DragSelectable": true,
      "Autoraise": true,
      "Sticky": true,
      "Tooltip": true,
      "GridProjection": false,
      "HideWhenFaceDown": false,
      "Hands": false,
      "CustomAssetbundle": {
        "AssetbundleURL": "http://cloud-3.steamusercontent.com/ugc/1017193127286782219/5B59DB559E652A70620CD214384B9E0D1C5D0077/",
        "AssetbundleSecondaryURL": "",
        "MaterialIndex": 3,
        "TypeIndex": 0,
        "LoopingEffectIndex": 0
      },
      "LuaScript": "",
      "LuaScriptState": "",
      "XmlUI": "",
      "GUID": "90ffc7"
    },
    {
      "Name": "Custom_Assetbundle",
      "Transform": {
        "posX": -106.854538,
        "posY": -10.7507,
        "posZ": 29.5715542,
        "rotX": 359.7339,
        "rotY": 285.6325,
        "rotZ": 180.73909,
        "scaleX": 1.0,
        "scaleY": 1.0,
        "scaleZ": 1.0
      },
      "Nickname": "",
      "Description": "",
      "GMNotes": "",
      "ColorDiffuse": {
        "r": 1.0,
        "g": 1.0,
        "b": 1.0
      },
      "Locked": false,
      "Grid": true,
      "Snap": true,
      "IgnoreFoW": false,
      "MeasureMovement": false,
      "DragSelectable": true,
      "Autoraise": true,
      "Sticky": true,
      "Tooltip": true,
      "GridProjection": false,
      "HideWhenFaceDown": false,
      "Hands": false,
      "CustomAssetbundle": {
        "AssetbundleURL": "http://cloud-3.steamusercontent.com/ugc/1017193127286869046/F51ED402D0E5B42C06B8581A8074F6E77933FE8D/",
        "AssetbundleSecondaryURL": "",
        "MaterialIndex": 1,
        "TypeIndex": 0,
        "LoopingEffectIndex": 0
      },
      "LuaScript": "",
      "LuaScriptState": "",
      "XmlUI": "",
      "GUID": "05934a"
    },
    {
      "Name": "Custom_Assetbundle",
      "Transform": {
        "posX": -10.0954542,
        "posY": -3.295235,
        "posZ": -93.9359,
        "rotX": 359.953583,
        "rotY": 359.785339,
        "rotZ": 359.980682,
        "scaleX": 20.0,
        "scaleY": 20.0,
        "scaleZ": 20.0
      },
      "Nickname": "",
      "Description": "",
      "GMNotes": "",
      "ColorDiffuse": {
        "r": 1.0,
        "g": 1.0,
        "b": 1.0
      },
      "Locked": false,
      "Grid": true,
      "Snap": true,
      "IgnoreFoW": false,
      "MeasureMovement": false,
      "DragSelectable": true,
      "Autoraise": true,
      "Sticky": true,
      "Tooltip": true,
      "GridProjection": false,
      "HideWhenFaceDown": false,
      "Hands": false,
      "CustomAssetbundle": {
        "AssetbundleURL": "http://cloud-3.steamusercontent.com/ugc/1017193127286869046/F51ED402D0E5B42C06B8581A8074F6E77933FE8D/",
        "AssetbundleSecondaryURL": "",
        "MaterialIndex": 3,
        "TypeIndex": 0,
        "LoopingEffectIndex": 0
      },
      "LuaScript": "",
      "LuaScriptState": "",
      "XmlUI": "",
      "GUID": "79348d"
    },
    {
      "Name": "Custom_Assetbundle",
      "Transform": {
        "posX": 51.80426,
        "posY": -6.78072071,
        "posZ": -106.599022,
        "rotX": 359.981018,
        "rotY": 44.9996948,
        "rotZ": 359.953461,
        "scaleX": 20.0,
        "scaleY": 20.0,
        "scaleZ": 20.0
      },
      "Nickname": "",
      "Description": "",
      "GMNotes": "",
      "ColorDiffuse": {
        "r": 1.0,
        "g": 1.0,
        "b": 1.0
      },
      "Locked": false,
      "Grid": true,
      "Snap": true,
      "IgnoreFoW": false,
      "MeasureMovement": false,
      "DragSelectable": true,
      "Autoraise": true,
      "Sticky": true,
      "Tooltip": true,
      "GridProjection": false,
      "HideWhenFaceDown": false,
      "Hands": false,
      "CustomAssetbundle": {
        "AssetbundleURL": "http://cloud-3.steamusercontent.com/ugc/1017193127286869046/F51ED402D0E5B42C06B8581A8074F6E77933FE8D/",
        "AssetbundleSecondaryURL": "",
        "MaterialIndex": 3,
        "TypeIndex": 0,
        "LoopingEffectIndex": 0
      },
      "LuaScript": "",
      "LuaScriptState": "",
      "XmlUI": "",
      "GUID": "fd27f3"
    },
    {
      "Name": "Custom_Assetbundle",
      "Transform": {
        "posX": -60.96698,
        "posY": -3.44573641,
        "posZ": -88.9016342,
        "rotX": 359.9468,
        "rotY": 1.41067791,
        "rotZ": 0.0208587833,
        "scaleX": 20.0,
        "scaleY": 20.0,
        "scaleZ": 20.0
      },
      "Nickname": "",
      "Description": "",
      "GMNotes": "",
      "ColorDiffuse": {
        "r": 1.0,
        "g": 1.0,
        "b": 1.0
      },
      "Locked": false,
      "Grid": true,
      "Snap": true,
      "IgnoreFoW": false,
      "MeasureMovement": false,
      "DragSelectable": true,
      "Autoraise": true,
      "Sticky": true,
      "Tooltip": true,
      "GridProjection": false,
      "HideWhenFaceDown": false,
      "Hands": false,
      "CustomAssetbundle": {
        "AssetbundleURL": "http://cloud-3.steamusercontent.com/ugc/1017193127286869046/F51ED402D0E5B42C06B8581A8074F6E77933FE8D/",
        "AssetbundleSecondaryURL": "",
        "MaterialIndex": 3,
        "TypeIndex": 0,
        "LoopingEffectIndex": 0
      },
      "LuaScript": "",
      "LuaScriptState": "",
      "XmlUI": "",
      "GUID": "2ef1ae"
    },
    {
      "Name": "Custom_Assetbundle",
      "Transform": {
        "posX": -79.19279,
        "posY": -1.24468136,
        "posZ": -79.0605,
        "rotX": 359.983826,
        "rotY": 350.924316,
        "rotZ": 0.0468781069,
        "scaleX": 20.0,
        "scaleY": 20.0,
        "scaleZ": 20.0
      },
      "Nickname": "",
      "Description": "",
      "GMNotes": "",
      "ColorDiffuse": {
        "r": 1.0,
        "g": 1.0,
        "b": 1.0
      },
      "Locked": false,
      "Grid": true,
      "Snap": true,
      "IgnoreFoW": false,
      "MeasureMovement": false,
      "DragSelectable": true,
      "Autoraise": true,
      "Sticky": true,
      "Tooltip": true,
      "GridProjection": false,
      "HideWhenFaceDown": false,
      "Hands": false,
      "CustomAssetbundle": {
        "AssetbundleURL": "http://cloud-3.steamusercontent.com/ugc/1017193127286869046/F51ED402D0E5B42C06B8581A8074F6E77933FE8D/",
        "AssetbundleSecondaryURL": "",
        "MaterialIndex": 3,
        "TypeIndex": 0,
        "LoopingEffectIndex": 0
      },
      "LuaScript": "",
      "LuaScriptState": "",
      "XmlUI": "",
      "GUID": "a386ff"
    },
    {
      "Name": "Custom_Assetbundle",
      "Transform": {
        "posX": -121.105453,
        "posY": -30.8129234,
        "posZ": -88.39462,
        "rotX": 359.893219,
        "rotY": 49.9980354,
        "rotZ": 0.0224581975,
        "scaleX": 15.0,
        "scaleY": 15.0,
        "scaleZ": 15.0
      },
      "Nickname": "",
      "Description": "",
      "GMNotes": "",
      "ColorDiffuse": {
        "r": 1.0,
        "g": 1.0,
        "b": 1.0
      },
      "Locked": false,
      "Grid": true,
      "Snap": true,
      "IgnoreFoW": false,
      "MeasureMovement": false,
      "DragSelectable": true,
      "Autoraise": true,
      "Sticky": true,
      "Tooltip": true,
      "GridProjection": false,
      "HideWhenFaceDown": false,
      "Hands": false,
      "CustomAssetbundle": {
        "AssetbundleURL": "http://cloud-3.steamusercontent.com/ugc/1017193127286879435/B4022F8AE0FB84F42E9663D6889C7D4159EC7D2E/",
        "AssetbundleSecondaryURL": "",
        "MaterialIndex": 1,
        "TypeIndex": 0,
        "LoopingEffectIndex": 0
      },
      "LuaScript": "",
      "LuaScriptState": "",
      "XmlUI": "",
      "GUID": "0ca2a6"
    },
    {
      "Name": "Custom_Assetbundle",
      "Transform": {
        "posX": 331.540375,
        "posY": -33.424984,
        "posZ": 22.19239,
        "rotX": 0.962014139,
        "rotY": 120.732666,
        "rotZ": 358.448456,
        "scaleX": 35.0,
        "scaleY": 30.0,
        "scaleZ": 30.0
      },
      "Nickname": "",
      "Description": "",
      "GMNotes": "",
      "ColorDiffuse": {
        "r": 1.0,
        "g": 1.0,
        "b": 1.0
      },
      "Locked": true,
      "Grid": true,
      "Snap": true,
      "IgnoreFoW": false,
      "MeasureMovement": false,
      "DragSelectable": true,
      "Autoraise": true,
      "Sticky": true,
      "Tooltip": true,
      "GridProjection": false,
      "HideWhenFaceDown": false,
      "Hands": false,
      "CustomAssetbundle": {
        "AssetbundleURL": "http://cloud-3.steamusercontent.com/ugc/1017192914408256663/0EBECA89BEAC30F23F976EF9FAA0E8EE3B6BFAE7/",
        "AssetbundleSecondaryURL": "",
        "MaterialIndex": 1,
        "TypeIndex": 0,
        "LoopingEffectIndex": 0
      },
      "LuaScript": "",
      "LuaScriptState": "",
      "XmlUI": "",
      "GUID": "639021"
    },
    {
      "Name": "Custom_Assetbundle",
      "Transform": {
        "posX": 66.76015,
        "posY": -6.789007,
        "posZ": -95.0666656,
        "rotX": 0.006605058,
        "rotY": 74.6260452,
        "rotZ": 359.950043,
        "scaleX": 1.0,
        "scaleY": 1.0,
        "scaleZ": 1.0
      },
      "Nickname": "",
      "Description": "",
      "GMNotes": "",
      "ColorDiffuse": {
        "r": 0.8,
        "g": 0.8,
        "b": 0.8
      },
      "Locked": false,
      "Grid": true,
      "Snap": true,
      "IgnoreFoW": false,
      "MeasureMovement": false,
      "DragSelectable": true,
      "Autoraise": true,
      "Sticky": true,
      "Tooltip": true,
      "GridProjection": false,
      "HideWhenFaceDown": false,
      "Hands": false,
      "CustomAssetbundle": {
        "AssetbundleURL": "http://cloud-3.steamusercontent.com/ugc/821188897159732589/F46BB67A19FEE31DEC277CFD9CFE955FCA32B078/",
        "AssetbundleSecondaryURL": "",
        "MaterialIndex": 0,
        "TypeIndex": 0,
        "LoopingEffectIndex": 0
      },
      "LuaScript": "",
      "LuaScriptState": "",
      "XmlUI": "",
      "GUID": "960239"
    },
    {
      "Name": "Custom_Assetbundle",
      "Transform": {
        "posX": 0.0,
        "posY": -8.0,
        "posZ": 0.0,
        "rotX": 0.0,
        "rotY": 0.0,
        "rotZ": 0.0,
        "scaleX": 1.0,
        "scaleY": 1.0,
        "scaleZ": 1.0
      },
      "Nickname": "",
      "Description": "",
      "GMNotes": "",
      "ColorDiffuse": {
        "r": 1.0,
        "g": 1.0,
        "b": 1.0
      },
      "Locked": true,
      "Grid": true,
      "Snap": true,
      "IgnoreFoW": false,
      "MeasureMovement": false,
      "DragSelectable": true,
      "Autoraise": true,
      "Sticky": true,
      "Tooltip": true,
      "GridProjection": false,
      "HideWhenFaceDown": false,
      "Hands": false,
      "CustomAssetbundle": {
        "AssetbundleURL": "http://cloud-3.steamusercontent.com/ugc/821188897159756557/546F20B835DEE7181F2D4440D828D97D0B88CD0A/",
        "AssetbundleSecondaryURL": "",
        "MaterialIndex": 0,
        "TypeIndex": 0,
        "LoopingEffectIndex": 0
      },
      "LuaScript": "",
      "LuaScriptState": "",
      "XmlUI": "",
      "GUID": "8ce490"
    },
    {
      "Name": "Custom_Assetbundle",
      "Transform": {
        "posX": -97.3885,
        "posY": -20.5461674,
        "posZ": 21.8058147,
        "rotX": 2.08825455E-07,
        "rotY": 359.974182,
        "rotZ": 6.69971769E-07,
        "scaleX": 10.0,
        "scaleY": 10.0,
        "scaleZ": 10.0
      },
      "Nickname": "",
      "Description": "",
      "GMNotes": "",
      "ColorDiffuse": {
        "r": 1.0,
        "g": 1.0,
        "b": 1.0
      },
      "Locked": true,
      "Grid": true,
      "Snap": true,
      "IgnoreFoW": false,
      "MeasureMovement": false,
      "DragSelectable": true,
      "Autoraise": true,
      "Sticky": true,
      "Tooltip": true,
      "GridProjection": false,
      "HideWhenFaceDown": false,
      "Hands": false,
      "CustomAssetbundle": {
        "AssetbundleURL": "https://www.dropbox.com/s/dcflzsa87zlj6do/tomos%20flame%20effect%20with%20collider.unity3d?dl=1",
        "AssetbundleSecondaryURL": "",
        "MaterialIndex": 0,
        "TypeIndex": 0,
        "LoopingEffectIndex": 0
      },
      "LuaScript": "",
      "LuaScriptState": "",
      "XmlUI": "",
      "GUID": "7a5a2b"
    },
    {
      "Name": "Custom_Assetbundle",
      "Transform": {
        "posX": 251.853149,
        "posY": -69.99017,
        "posZ": 34.8816338,
        "rotX": -0.000221607159,
        "rotY": 75.754715,
        "rotZ": 0.00148623483,
        "scaleX": 20.0,
        "scaleY": 20.0,
        "scaleZ": 20.0
      },
      "Nickname": "",
      "Description": "",
      "GMNotes": "",
      "ColorDiffuse": {
        "r": 1.0,
        "g": 1.0,
        "b": 1.0
      },
      "Locked": true,
      "Grid": true,
      "Snap": true,
      "IgnoreFoW": false,
      "MeasureMovement": false,
      "DragSelectable": true,
      "Autoraise": true,
      "Sticky": true,
      "Tooltip": true,
      "GridProjection": false,
      "HideWhenFaceDown": false,
      "Hands": false,
      "CustomAssetbundle": {
        "AssetbundleURL": "http://cloud-3.steamusercontent.com/ugc/1017192751255337496/A04A4235F8998701C2D59AE7EFA2F555A6B32D47/",
        "AssetbundleSecondaryURL": "",
        "MaterialIndex": 1,
        "TypeIndex": 0,
        "LoopingEffectIndex": 0
      },
      "LuaScript": "",
      "LuaScriptState": "",
      "XmlUI": "",
      "GUID": "07f825"
    },
    {
      "Name": "Custom_Assetbundle",
      "Transform": {
        "posX": 147.244949,
        "posY": -70.27118,
        "posZ": -290.237061,
        "rotX": 0.00138600322,
        "rotY": -5.80489468E-05,
        "rotZ": 0.000580514548,
        "scaleX": 20.0,
        "scaleY": 20.0,
        "scaleZ": 20.0
      },
      "Nickname": "",
      "Description": "",
      "GMNotes": "",
      "ColorDiffuse": {
        "r": 1.0,
        "g": 1.0,
        "b": 1.0
      },
      "Locked": true,
      "Grid": true,
      "Snap": true,
      "IgnoreFoW": false,
      "MeasureMovement": false,
      "DragSelectable": true,
      "Autoraise": true,
      "Sticky": true,
      "Tooltip": true,
      "GridProjection": false,
      "HideWhenFaceDown": false,
      "Hands": false,
      "CustomAssetbundle": {
        "AssetbundleURL": "http://cloud-3.steamusercontent.com/ugc/1017192751255337496/A04A4235F8998701C2D59AE7EFA2F555A6B32D47/",
        "AssetbundleSecondaryURL": "",
        "MaterialIndex": 1,
        "TypeIndex": 0,
        "LoopingEffectIndex": 0
      },
      "LuaScript": "",
      "LuaScriptState": "",
      "XmlUI": "",
      "GUID": "6a1307"
    },
    {
      "Name": "Custom_Assetbundle",
      "Transform": {
        "posX": 250.4803,
        "posY": -82.08374,
        "posZ": -86.67147,
        "rotX": -6.37206758E-05,
        "rotY": 244.843658,
        "rotZ": -0.00150131423,
        "scaleX": 20.0,
        "scaleY": 20.0,
        "scaleZ": 20.0
      },
      "Nickname": "",
      "Description": "",
      "GMNotes": "",
      "ColorDiffuse": {
        "r": 1.0,
        "g": 1.0,
        "b": 1.0
      },
      "Locked": true,
      "Grid": true,
      "Snap": true,
      "IgnoreFoW": false,
      "MeasureMovement": false,
      "DragSelectable": true,
      "Autoraise": true,
      "Sticky": true,
      "Tooltip": true,
      "GridProjection": false,
      "HideWhenFaceDown": false,
      "Hands": false,
      "CustomAssetbundle": {
        "AssetbundleURL": "http://cloud-3.steamusercontent.com/ugc/1017192751255337496/A04A4235F8998701C2D59AE7EFA2F555A6B32D47/",
        "AssetbundleSecondaryURL": "",
        "MaterialIndex": 1,
        "TypeIndex": 0,
        "LoopingEffectIndex": 0
      },
      "LuaScript": "",
      "LuaScriptState": "",
      "XmlUI": "",
      "GUID": "ae5902"
    },
    {
      "Name": "Custom_Assetbundle",
      "Transform": {
        "posX": 257.544067,
        "posY": -68.3944855,
        "posZ": -25.098875,
        "rotX": 0.0821608,
        "rotY": 278.7106,
        "rotZ": 352.2014,
        "scaleX": 20.0,
        "scaleY": 20.0,
        "scaleZ": 20.0
      },
      "Nickname": "",
      "Description": "",
      "GMNotes": "",
      "ColorDiffuse": {
        "r": 1.0,
        "g": 1.0,
        "b": 1.0
      },
      "Locked": true,
      "Grid": true,
      "Snap": true,
      "IgnoreFoW": false,
      "MeasureMovement": false,
      "DragSelectable": true,
      "Autoraise": true,
      "Sticky": true,
      "Tooltip": true,
      "GridProjection": false,
      "HideWhenFaceDown": false,
      "Hands": false,
      "CustomAssetbundle": {
        "AssetbundleURL": "http://cloud-3.steamusercontent.com/ugc/1017192751255337496/A04A4235F8998701C2D59AE7EFA2F555A6B32D47/",
        "AssetbundleSecondaryURL": "",
        "MaterialIndex": 1,
        "TypeIndex": 0,
        "LoopingEffectIndex": 0
      },
      "LuaScript": "",
      "LuaScriptState": "",
      "XmlUI": "",
      "GUID": "90d4db"
    }
  ],
  "LuaScript": "--[[ Lua code. See documentation: https://api.tabletopsimulator.com/ --]]\n\n--[[ The onLoad event is called after the game save finishes loading. --]]\nfunction onLoad()\n    --[[ print('onLoad!') --]]\nend\n\n--[[ The onUpdate event is called once per frame. --]]\nfunction onUpdate()\n    --[[ print('onUpdate loop!') --]]\nend",
  "LuaScriptState": "",
  "XmlUI": "<!-- Xml UI. See documentation: https://api.tabletopsimulator.com/ui/introUI/ -->",
  "VersionNumber": "v12.4.3"
}