{
  "SaveName": "Custom Background - \"Star Trek (2009)\" USS Enterprise (NCC-1701) Bridge",
  "GameMode": "None",
  "Date": "3/24/2016 1:00:04 PM",
  "Gravity": 0.5,
  "PlayArea": 0.5,
  "GameType": "",
  "GameComplexity": "",
  "Tags": [],
  "Table": "Table_Glass",
  "Sky": "Sky_Cathedral",
  "SkyURL": "http://i.imgur.com/UueNESR.jpg",
  "Note": "",
  "Rules": "",
  "Grid": {
    "Type": 0,
    "Lines": false,
    "Color": {
      "r": 0.0,
      "g": 0.0,
      "b": 0.0
    },
    "Opacity": 0.75,
    "ThickLines": false,
    "Snapping": false,
    "Offset": false,
    "BothSnapping": false,
    "xSize": 0.0,
    "ySize": 0.0,
    "PosOffset": {
      "x": 0.0,
      "y": 1.0,
      "z": 0.0
    }
  },
  "Hands": {
    "Enable": true,
    "DisableUnused": false,
    "Hiding": 0,
    "HandTransforms": [
      {
        "Color": "Red",
        "Transform": {
          "posX": -17.73776,
          "posY": 3.544465,
          "posZ": -17.3959637,
          "rotX": 6.701449E-07,
          "rotY": 45.0000076,
          "rotZ": -1.004373E-06,
          "scaleX": 11.655427,
          "scaleY": 9.17449951,
          "scaleZ": 4.871236
        }
      },
      {
        "Color": "Yellow",
        "Transform": {
          "posX": -17.3967667,
          "posY": 3.54445648,
          "posZ": 17.5957565,
          "rotX": 1.004373E-06,
          "rotY": 135.0,
          "rotZ": 6.701448E-07,
          "scaleX": 11.6554213,
          "scaleY": 9.17449951,
          "scaleZ": 4.87123537
        }
      },
      {
        "Color": "Purple",
        "Transform": {
          "posX": 24.9180317,
          "posY": 3.54448175,
          "posZ": 0.0593040176,
          "rotX": -1.184063E-06,
          "rotY": 270.0,
          "rotZ": 2.363347E-07,
          "scaleX": 11.6554155,
          "scaleY": 9.17449951,
          "scaleZ": 4.87123632
        }
      },
      {
        "Color": "Blue",
        "Transform": {
          "posX": 17.6923676,
          "posY": 3.544465,
          "posZ": 17.4496212,
          "rotX": -6.701449E-07,
          "rotY": 225.000015,
          "rotZ": 1.004373E-06,
          "scaleX": 11.6554146,
          "scaleY": 9.17449951,
          "scaleZ": 4.87123775
        }
      },
      {
        "Color": "White",
        "Transform": {
          "posX": -0.006463955,
          "posY": 3.54446459,
          "posZ": -24.76777,
          "rotX": -2.36334856E-07,
          "rotY": 3.55218845E-06,
          "rotZ": -1.18406285E-06,
          "scaleX": 11.6554117,
          "scaleY": 9.174501,
          "scaleZ": 4.871237
        }
      },
      {
        "Color": "Green",
        "Transform": {
          "posX": -0.00645902846,
          "posY": 3.54446459,
          "posZ": 24.8376713,
          "rotX": 2.36334756E-07,
          "rotY": 180.000015,
          "rotZ": 1.18406285E-06,
          "scaleX": 11.6554117,
          "scaleY": 9.17449951,
          "scaleZ": 4.871237
        }
      },
      {
        "Color": "Pink",
        "Transform": {
          "posX": 17.64364,
          "posY": 3.54448223,
          "posZ": -17.5908165,
          "rotX": -1.004373E-06,
          "rotY": 315.000031,
          "rotZ": -6.701448E-07,
          "scaleX": 11.6554136,
          "scaleY": 9.17449951,
          "scaleZ": 4.871228
        }
      },
      {
        "Color": "Orange",
        "Transform": {
          "posX": -24.8172874,
          "posY": 3.544456,
          "posZ": 0.01058907,
          "rotX": 1.184063E-06,
          "rotY": 90.00002,
          "rotZ": -2.363347E-07,
          "scaleX": 11.655427,
          "scaleY": 9.17449951,
          "scaleZ": 4.87123632
        }
      }
    ]
  },
  "TabStates": {
    "0": {
      "title": "Rules",
      "body": "",
      "visibleColor": {
        "r": 0.5,
        "g": 0.5,
        "b": 0.5
      },
      "id": 0
    },
    "1": {
      "title": "White",
      "body": "",
      "visibleColor": {
        "r": 1.0,
        "g": 1.0,
        "b": 1.0
      },
      "id": 1
    },
    "2": {
      "title": "Brown",
      "body": "",
      "visibleColor": {
        "r": 0.443,
        "g": 0.231,
        "b": 0.09
      },
      "id": 2
    },
    "3": {
      "title": "Red",
      "body": "",
      "visibleColor": {
        "r": 0.856,
        "g": 0.1,
        "b": 0.094
      },
      "id": 3
    },
    "4": {
      "title": "Orange",
      "body": "",
      "visibleColor": {
        "r": 0.956,
        "g": 0.392,
        "b": 0.113
      },
      "id": 4
    },
    "5": {
      "title": "Yellow",
      "body": "",
      "visibleColor": {
        "r": 0.905,
        "g": 0.898,
        "b": 0.172
      },
      "id": 5
    },
    "6": {
      "title": "Green",
      "body": "",
      "visibleColor": {
        "r": 0.192,
        "g": 0.701,
        "b": 0.168
      },
      "id": 6
    },
    "7": {
      "title": "Blue",
      "body": "",
      "visibleColor": {
        "r": 0.118,
        "g": 0.53,
        "b": 1.0
      },
      "id": 7
    },
    "8": {
      "title": "Teal",
      "body": "",
      "visibleColor": {
        "r": 0.129,
        "g": 0.694,
        "b": 0.607
      },
      "id": 8
    },
    "9": {
      "title": "Purple",
      "body": "",
      "visibleColor": {
        "r": 0.627,
        "g": 0.125,
        "b": 0.941
      },
      "id": 9
    },
    "10": {
      "title": "Pink",
      "body": "",
      "visibleColor": {
        "r": 0.96,
        "g": 0.439,
        "b": 0.807
      },
      "id": 10
    },
    "11": {
      "title": "Black",
      "body": "",
      "visibleColor": {
        "r": 0.1,
        "g": 0.1,
        "b": 0.1
      },
      "id": 11
    }
  },
  "ObjectStates": [],
  "LuaScript": "--[[ Lua code. See documentation: http://berserk-games.com/knowledgebase/scripting/ --]]\n\n--[[ The OnLoad function. This is called after everything in the game save finishes loading.\nMost of your script code goes here. --]]\nfunction onload()\n    --[[ print('Onload!') --]]\nend\n\n--[[ The Update function. This is called once per frame. --]]\nfunction update ()\n    --[[ print('Update loop!') --]]\nend\n\n--[[ The OnPlayerChangedColor function. This is mostly used when a player joins the game and chooses a color. --]]\nfunction onPlayerChangedColor(color)\n    --[[ print('Player changed color! ' .. color .. ' ' .. colorToPlayerName(color)) --]]\nend",
  "LuaScriptState": "",
  "XmlUI": "",
  "VectorLines": [],
  "VersionNumber": ""
}