{
  "SaveName": "Holodeck Background",
  "GameMode": "Holodeck Background",
  "Date": "1/11/2016 9:42:20 AM",
  "Gravity": 0.5,
  "PlayArea": 0.5,
  "GameType": "",
  "GameComplexity": "",
  "Tags": [],
  "Table": "Table_Square",
  "Sky": "Sky_Museum",
  "SkyURL": "https://www.dropbox.com/s/v0k7noqq94vmixw/holodeck_hdri.jpg?dl=1",
  "Note": "",
  "Rules": "",
  "Grid": {
    "Type": 0,
    "Lines": false,
    "Color": {
      "r": 0.0,
      "g": 0.0,
      "b": 0.0
    },
    "Opacity": 0.75,
    "ThickLines": false,
    "Snapping": false,
    "Offset": false,
    "BothSnapping": false,
    "xSize": 0.5,
    "ySize": 0.5,
    "PosOffset": {
      "x": 0.0,
      "y": 1.0,
      "z": 0.0
    }
  },
  "Hands": {
    "Enable": true,
    "DisableUnused": false,
    "Hiding": 0,
    "HandTransforms": [
      {
        "Color": "Purple",
        "Transform": {
          "posX": 14.3612509,
          "posY": 2.971531,
          "posZ": 0.05295018,
          "rotX": 2.93381777E-06,
          "rotY": 270.3376,
          "rotZ": 5.91912831E-05,
          "scaleX": 9.392751,
          "scaleY": 6.63386965,
          "scaleZ": 3.52227855
        }
      },
      {
        "Color": "White",
        "Transform": {
          "posX": -0.0714229047,
          "posY": 2.97153854,
          "posZ": -14.37433,
          "rotX": -4.832132E-05,
          "rotY": 0.3375894,
          "rotZ": 6.861478E-06,
          "scaleX": 9.392815,
          "scaleY": 6.6338706,
          "scaleZ": 3.52227879
        }
      },
      {
        "Color": "Green",
        "Transform": {
          "posX": 0.0973711,
          "posY": 2.97156143,
          "posZ": 14.2735367,
          "rotX": 4.83212643E-05,
          "rotY": 180.337616,
          "rotZ": -6.842598E-06,
          "scaleX": 9.392756,
          "scaleY": 6.63386965,
          "scaleZ": 3.52229667
        }
      },
      {
        "Color": "Orange",
        "Transform": {
          "posX": -14.3107777,
          "posY": 2.971531,
          "posZ": 0.0222691335,
          "rotX": -1.32092391E-05,
          "rotY": 90.33758,
          "rotZ": -4.89762242E-05,
          "scaleX": 9.39275,
          "scaleY": 6.63386965,
          "scaleZ": 3.52227855
        }
      }
    ]
  },
  "TabStates": {
    "0": {
      "title": "Rules",
      "body": "",
      "visibleColor": {
        "r": 0.5,
        "g": 0.5,
        "b": 0.5
      },
      "id": 0
    },
    "1": {
      "title": "White",
      "body": "",
      "visibleColor": {
        "r": 1.0,
        "g": 1.0,
        "b": 1.0
      },
      "id": 1
    },
    "2": {
      "title": "Red",
      "body": "",
      "visibleColor": {
        "r": 0.856,
        "g": 0.1,
        "b": 0.094
      },
      "id": 2
    },
    "3": {
      "title": "Orange",
      "body": "",
      "visibleColor": {
        "r": 0.882,
        "g": 0.517,
        "b": 0.219
      },
      "id": 3
    },
    "4": {
      "title": "Yellow",
      "body": "",
      "visibleColor": {
        "r": 0.905,
        "g": 0.898,
        "b": 0.172
      },
      "id": 4
    },
    "5": {
      "title": "Green",
      "body": "",
      "visibleColor": {
        "r": 0.192,
        "g": 0.701,
        "b": 0.168
      },
      "id": 5
    },
    "6": {
      "title": "Blue",
      "body": "",
      "visibleColor": {
        "r": 0.118,
        "g": 0.53,
        "b": 1.0
      },
      "id": 6
    },
    "7": {
      "title": "Purple",
      "body": "",
      "visibleColor": {
        "r": 0.627,
        "g": 0.125,
        "b": 0.941
      },
      "id": 7
    },
    "8": {
      "title": "Pink",
      "body": "",
      "visibleColor": {
        "r": 0.96,
        "g": 0.439,
        "b": 0.807
      },
      "id": 8
    },
    "9": {
      "title": "Black",
      "body": "",
      "visibleColor": {
        "r": 0.1,
        "g": 0.1,
        "b": 0.1
      },
      "id": 9
    }
  },
  "ObjectStates": [],
  "LuaScript": "",
  "LuaScriptState": "",
  "XmlUI": "",
  "VectorLines": [],
  "VersionNumber": ""
}