{
  "SaveName": "Skyrim Winking Skeever Background",
  "GameMode": "None",
  "Date": "3/23/2015 10:55:15 AM",
  "Gravity": 0.5,
  "PlayArea": 0.5,
  "GameType": "",
  "GameComplexity": "",
  "Tags": [],
  "Table": "Table_Circular",
  "Sky": "Sky_Forest",
  "SkyURL": "http://i.imgur.com/pwCwKw8.jpg",
  "Note": "http://i.imgur.com/pwCwKw8.jpg",
  "Rules": "",
  "Grid": {
    "Type": 0,
    "Lines": false,
    "Color": {
      "r": 0.0,
      "g": 0.0,
      "b": 0.0
    },
    "Opacity": 0.75,
    "ThickLines": false,
    "Snapping": false,
    "Offset": false,
    "BothSnapping": false,
    "xSize": 2.0,
    "ySize": 2.0,
    "PosOffset": {
      "x": 0.0,
      "y": 1.0,
      "z": 0.0
    }
  },
  "TabStates": {},
  "ObjectStates": [],
  "LuaScript": "",
  "LuaScriptState": "",
  "XmlUI": "",
  "VersionNumber": ""
}