{
  "SaveName": "Portal Background",
  "GameMode": "None",
  "Date": "3/26/2015 8:38:16 PM",
  "Gravity": 0.5,
  "PlayArea": 0.5,
  "GameType": "",
  "GameComplexity": "",
  "Tags": [],
  "Table": "Table_Circular",
  "Sky": "Sky_Cathedral",
  "SkyURL": "http://orig06.deviantart.net/6e4d/f/2015/082/d/5/portal_360_panorama_by_wasted49-d8mvodr.jpg",
  "Note": "",
  "Rules": "",
  "Grid": {
    "Type": 0,
    "Lines": false,
    "Color": {
      "r": 0.0,
      "g": 0.0,
      "b": 0.0
    },
    "Opacity": 0.75,
    "ThickLines": false,
    "Snapping": false,
    "Offset": false,
    "BothSnapping": false,
    "xSize": 0.5,
    "ySize": 0.5,
    "PosOffset": {
      "x": 0.0,
      "y": 1.0,
      "z": 0.0
    }
  },
  "TabStates": {},
  "ObjectStates": [],
  "LuaScript": "",
  "LuaScriptState": "",
  "XmlUI": "",
  "VersionNumber": ""
}