{
  "SaveName": "Minecraft Background",
  "GameMode": "None",
  "Date": "3/26/2015 8:44:38 PM",
  "Gravity": 0.5,
  "PlayArea": 0.5,
  "GameType": "",
  "GameComplexity": "",
  "Tags": [],
  "Table": "Table_Hexagon",
  "Sky": "Sky_Forest",
  "SkyURL": "http://orig05.deviantart.net/fbcf/f/2015/085/e/3/minecraft_360_panoramra_by_wasted49-d8n7cdp.jpg",
  "Note": "",
  "Rules": "",
  "Grid": {
    "Type": 0,
    "Lines": false,
    "Color": {
      "r": 0.0,
      "g": 0.0,
      "b": 0.0
    },
    "Opacity": 0.75,
    "ThickLines": false,
    "Snapping": false,
    "Offset": false,
    "BothSnapping": false,
    "xSize": 2.0,
    "ySize": 2.0,
    "PosOffset": {
      "x": 0.0,
      "y": 1.0,
      "z": 0.0
    }
  },
  "TabStates": {},
  "ObjectStates": [],
  "LuaScript": "",
  "LuaScriptState": "",
  "XmlUI": "",
  "VersionNumber": ""
}