{
  "SaveName": "Skyrim coins (ripped)",
  "GameMode": "Dominoes",
  "Date": "9/20/2015 5:45:35 PM",
  "Gravity": 0.5,
  "PlayArea": 0.5,
  "GameType": "",
  "GameComplexity": "",
  "Tags": [],
  "Table": "Table_Octagon",
  "Sky": "Sky_Museum",
  "Note": "",
  "Rules": "[u][b]DOMINOES:[/b][/u]\n\nThis is a basic ruleset for dominoes of 28 and up to double sixes. You can spawn additional dominoes if you need them and can search online for other ways to play dominoes as there are many variations out there!\n\n[b]GAME OBJECTIVE:[/b]\nUp to four people can play dominoes. If Four are playing, each person can play individually or you can group into two teams.\n\n[b]HOW TO PLAY:[/b]\nThe 28 tiles are shuffled face down. Each player draws seven tiles. The middle of the table is the playing area, so you may need to move the rest of the pieces aside after drawing. Move your pieces into your playing hand so that they remain hidden to everyone but yourself.  Every player can see how many tiles remain in the other players' hands at all times during gameplay. One player begins by playing the first tile. You can choose how to begin, but usually the person with the highest doubles (ie. double sixes), goes first. \n\nThe second player tries to put a domino on the table that matches one side of what's already there. If a player cannot go, the player picks one domino from the pile and skips that turn. The chain of the played dominoes develops randomly, and can look a lot like a snake.\nContinue taking turns putting dominoes on the board (or picking one from the pile if you cannot go) until someone wins. In regular dominoes, the best strategy is to get rid of doubles first.\n\n[b]WINNING:[/b]\nThe winner is the first person to get rid of all of their dominoes. But if no one can go out, then the person with the fewest dominos left is the winner.\n\nPlease note that these rules are one in many out there, but this is a good starting point for one way to play the game. If you’d like to find other ways to play, you can search online. [b]Have fun![/b]\n",
  "Grid": {
    "Type": 0,
    "Lines": false,
    "Color": {
      "r": 0.0,
      "g": 0.0,
      "b": 0.0
    },
    "Opacity": 0.75,
    "ThickLines": false,
    "Snapping": false,
    "Offset": false,
    "BothSnapping": false,
    "xSize": 2.0,
    "ySize": 2.0,
    "PosOffset": {
      "x": 0.0,
      "y": 1.0,
      "z": 0.0
    }
  },
  "Hands": {
    "Enable": true,
    "DisableUnused": false,
    "Hiding": 0
  },
  "TabStates": {},
  "ObjectStates": [
    {
      "Name": "Custom_Model",
      "Transform": {
        "posX": 12.97646,
        "posY": 1.07332969,
        "posZ": 4.180366,
        "rotX": 5.517118E-06,
        "rotY": 180.1012,
        "rotZ": 180.0,
        "scaleX": 0.375,
        "scaleY": 0.375,
        "scaleZ": 0.375
      },
      "Nickname": "",
      "Description": "",
      "GMNotes": "",
      "ColorDiffuse": {
        "r": 0.9999999,
        "g": 0.9921704,
        "b": 0.9999999
      },
      "Locked": false,
      "Grid": true,
      "Snap": true,
      "IgnoreFoW": false,
      "MeasureMovement": false,
      "DragSelectable": true,
      "Autoraise": true,
      "Sticky": true,
      "Tooltip": true,
      "GridProjection": false,
      "CustomMesh": {
        "MeshURL": "https://www.dropbox.com/s/lmqp093uy8iacq3/coin.obj?dl=1",
        "DiffuseURL": "https://www.dropbox.com/s/8d0f3pkmg4ezj7r/coin.png?dl=1",
        "NormalURL": "https://www.dropbox.com/s/jtxw31jkvnp08vg/bump.png?dl=1",
        "ColliderURL": "",
        "Convex": true,
        "MaterialIndex": 2,
        "TypeIndex": 3,
        "CustomShader": {
          "SpecularColor": {
            "r": 0.9254902,
            "g": 0.854901969,
            "b": 0.5254902
          },
          "SpecularIntensity": 0.9,
          "SpecularSharpness": 5.000002,
          "FresnelStrength": 0.5
        },
        "CastShadows": true
      },
      "LuaScript": "",
      "LuaScriptState": "",
      "XmlUI": "",
      "PhysicsMaterial": {
        "StaticFriction": 0.4,
        "DynamicFriction": 0.4,
        "Bounciness": 0.0,
        "FrictionCombine": 0,
        "BounceCombine": 0
      },
      "Rigidbody": {
        "Mass": 0.1,
        "Drag": 0.1,
        "AngularDrag": 0.1,
        "UseGravity": true
      },
      "GUID": "897f75"
    },
    {
      "Name": "Custom_Model",
      "Transform": {
        "posX": 10.48325,
        "posY": 1.07332957,
        "posZ": 1.7893157,
        "rotX": 1.19524532E-06,
        "rotY": 270.0154,
        "rotZ": 180.000015,
        "scaleX": 0.375,
        "scaleY": 0.375,
        "scaleZ": 0.375
      },
      "Nickname": "",
      "Description": "",
      "GMNotes": "",
      "ColorDiffuse": {
        "r": 0.9999999,
        "g": 0.992170632,
        "b": 0.9999999
      },
      "Locked": false,
      "Grid": true,
      "Snap": true,
      "IgnoreFoW": false,
      "MeasureMovement": false,
      "DragSelectable": true,
      "Autoraise": true,
      "Sticky": true,
      "Tooltip": true,
      "GridProjection": false,
      "CustomMesh": {
        "MeshURL": "https://www.dropbox.com/s/lmqp093uy8iacq3/coin.obj?dl=1",
        "DiffuseURL": "https://www.dropbox.com/s/8d0f3pkmg4ezj7r/coin.png?dl=1",
        "NormalURL": "https://www.dropbox.com/s/jtxw31jkvnp08vg/bump.png?dl=1",
        "ColliderURL": "",
        "Convex": true,
        "MaterialIndex": 2,
        "TypeIndex": 3,
        "CustomShader": {
          "SpecularColor": {
            "r": 0.9254902,
            "g": 0.854901969,
            "b": 0.5254902
          },
          "SpecularIntensity": 0.9,
          "SpecularSharpness": 5.000002,
          "FresnelStrength": 0.5
        },
        "CastShadows": true
      },
      "LuaScript": "",
      "LuaScriptState": "",
      "XmlUI": "",
      "PhysicsMaterial": {
        "StaticFriction": 0.4,
        "DynamicFriction": 0.4,
        "Bounciness": 0.0,
        "FrictionCombine": 0,
        "BounceCombine": 0
      },
      "Rigidbody": {
        "Mass": 0.1,
        "Drag": 0.1,
        "AngularDrag": 0.1,
        "UseGravity": true
      },
      "GUID": "f982d8"
    },
    {
      "Name": "Custom_Model",
      "Transform": {
        "posX": 8.217188,
        "posY": 0.956999958,
        "posZ": 3.98079872,
        "rotX": -7.05211369E-06,
        "rotY": 355.25116,
        "rotZ": -5.490346E-06,
        "scaleX": 0.375,
        "scaleY": 0.375,
        "scaleZ": 0.375
      },
      "Nickname": "",
      "Description": "",
      "GMNotes": "",
      "ColorDiffuse": {
        "r": 0.9999999,
        "g": 0.992170632,
        "b": 0.9999999
      },
      "Locked": false,
      "Grid": true,
      "Snap": true,
      "IgnoreFoW": false,
      "MeasureMovement": false,
      "DragSelectable": true,
      "Autoraise": true,
      "Sticky": true,
      "Tooltip": true,
      "GridProjection": false,
      "CustomMesh": {
        "MeshURL": "https://www.dropbox.com/s/lmqp093uy8iacq3/coin.obj?dl=1",
        "DiffuseURL": "https://www.dropbox.com/s/8d0f3pkmg4ezj7r/coin.png?dl=1",
        "NormalURL": "https://www.dropbox.com/s/jtxw31jkvnp08vg/bump.png?dl=1",
        "ColliderURL": "",
        "Convex": true,
        "MaterialIndex": 2,
        "TypeIndex": 3,
        "CustomShader": {
          "SpecularColor": {
            "r": 0.9254902,
            "g": 0.854901969,
            "b": 0.5254902
          },
          "SpecularIntensity": 0.9,
          "SpecularSharpness": 5.000002,
          "FresnelStrength": 0.5
        },
        "CastShadows": true
      },
      "LuaScript": "",
      "LuaScriptState": "",
      "XmlUI": "",
      "PhysicsMaterial": {
        "StaticFriction": 0.4,
        "DynamicFriction": 0.4,
        "Bounciness": 0.0,
        "FrictionCombine": 0,
        "BounceCombine": 0
      },
      "Rigidbody": {
        "Mass": 0.1,
        "Drag": 0.1,
        "AngularDrag": 0.1,
        "UseGravity": true
      },
      "GUID": "898b87"
    },
    {
      "Name": "Custom_Model",
      "Transform": {
        "posX": 4.87190866,
        "posY": 0.957000732,
        "posZ": 2.98422623,
        "rotX": -3.119328E-05,
        "rotY": 0.07489036,
        "rotZ": -4.845607E-06,
        "scaleX": 0.375,
        "scaleY": 0.375,
        "scaleZ": 0.375
      },
      "Nickname": "",
      "Description": "",
      "GMNotes": "",
      "ColorDiffuse": {
        "r": 0.9999999,
        "g": 0.992170632,
        "b": 0.9999999
      },
      "Locked": false,
      "Grid": true,
      "Snap": true,
      "IgnoreFoW": false,
      "MeasureMovement": false,
      "DragSelectable": true,
      "Autoraise": true,
      "Sticky": true,
      "Tooltip": true,
      "GridProjection": false,
      "CustomMesh": {
        "MeshURL": "https://www.dropbox.com/s/lmqp093uy8iacq3/coin.obj?dl=1",
        "DiffuseURL": "https://www.dropbox.com/s/8d0f3pkmg4ezj7r/coin.png?dl=1",
        "NormalURL": "https://www.dropbox.com/s/jtxw31jkvnp08vg/bump.png?dl=1",
        "ColliderURL": "",
        "Convex": true,
        "MaterialIndex": 2,
        "TypeIndex": 3,
        "CustomShader": {
          "SpecularColor": {
            "r": 0.9254902,
            "g": 0.854901969,
            "b": 0.5254902
          },
          "SpecularIntensity": 0.9,
          "SpecularSharpness": 5.000002,
          "FresnelStrength": 0.5
        },
        "CastShadows": true
      },
      "LuaScript": "",
      "LuaScriptState": "",
      "XmlUI": "",
      "PhysicsMaterial": {
        "StaticFriction": 0.4,
        "DynamicFriction": 0.4,
        "Bounciness": 0.0,
        "FrictionCombine": 0,
        "BounceCombine": 0
      },
      "Rigidbody": {
        "Mass": 0.1,
        "Drag": 0.1,
        "AngularDrag": 0.1,
        "UseGravity": true
      },
      "GUID": "57e24f"
    },
    {
      "Name": "Custom_Model",
      "Transform": {
        "posX": 11.9690256,
        "posY": 0.9573281,
        "posZ": -1.85857975,
        "rotX": 0.00547670433,
        "rotY": 284.974579,
        "rotZ": 359.986938,
        "scaleX": 0.375,
        "scaleY": 0.375,
        "scaleZ": 0.375
      },
      "Nickname": "",
      "Description": "",
      "GMNotes": "",
      "ColorDiffuse": {
        "r": 0.9999999,
        "g": 0.992170632,
        "b": 0.9999999
      },
      "Locked": false,
      "Grid": true,
      "Snap": true,
      "IgnoreFoW": false,
      "MeasureMovement": false,
      "DragSelectable": true,
      "Autoraise": true,
      "Sticky": true,
      "Tooltip": true,
      "GridProjection": false,
      "CustomMesh": {
        "MeshURL": "https://www.dropbox.com/s/lmqp093uy8iacq3/coin.obj?dl=1",
        "DiffuseURL": "https://www.dropbox.com/s/8d0f3pkmg4ezj7r/coin.png?dl=1",
        "NormalURL": "https://www.dropbox.com/s/jtxw31jkvnp08vg/bump.png?dl=1",
        "ColliderURL": "",
        "Convex": true,
        "MaterialIndex": 2,
        "TypeIndex": 3,
        "CustomShader": {
          "SpecularColor": {
            "r": 0.9254902,
            "g": 0.854901969,
            "b": 0.5254902
          },
          "SpecularIntensity": 0.9,
          "SpecularSharpness": 5.000002,
          "FresnelStrength": 0.5
        },
        "CastShadows": true
      },
      "LuaScript": "",
      "LuaScriptState": "",
      "XmlUI": "",
      "PhysicsMaterial": {
        "StaticFriction": 0.4,
        "DynamicFriction": 0.4,
        "Bounciness": 0.0,
        "FrictionCombine": 0,
        "BounceCombine": 0
      },
      "Rigidbody": {
        "Mass": 0.1,
        "Drag": 0.1,
        "AngularDrag": 0.1,
        "UseGravity": true
      },
      "GUID": "d160d2"
    },
    {
      "Name": "Custom_Model",
      "Transform": {
        "posX": 9.323961,
        "posY": 0.9570007,
        "posZ": -0.9018571,
        "rotX": 1.46598347E-06,
        "rotY": 195.010025,
        "rotZ": -5.694145E-05,
        "scaleX": 0.375,
        "scaleY": 0.375,
        "scaleZ": 0.375
      },
      "Nickname": "",
      "Description": "",
      "GMNotes": "",
      "ColorDiffuse": {
        "r": 0.9999999,
        "g": 0.992170632,
        "b": 0.9999999
      },
      "Locked": false,
      "Grid": true,
      "Snap": true,
      "IgnoreFoW": false,
      "MeasureMovement": false,
      "DragSelectable": true,
      "Autoraise": true,
      "Sticky": true,
      "Tooltip": true,
      "GridProjection": false,
      "CustomMesh": {
        "MeshURL": "https://www.dropbox.com/s/lmqp093uy8iacq3/coin.obj?dl=1",
        "DiffuseURL": "https://www.dropbox.com/s/8d0f3pkmg4ezj7r/coin.png?dl=1",
        "NormalURL": "https://www.dropbox.com/s/jtxw31jkvnp08vg/bump.png?dl=1",
        "ColliderURL": "",
        "Convex": true,
        "MaterialIndex": 2,
        "TypeIndex": 3,
        "CustomShader": {
          "SpecularColor": {
            "r": 0.9254902,
            "g": 0.854901969,
            "b": 0.5254902
          },
          "SpecularIntensity": 0.9,
          "SpecularSharpness": 5.000002,
          "FresnelStrength": 0.5
        },
        "CastShadows": true
      },
      "LuaScript": "",
      "LuaScriptState": "",
      "XmlUI": "",
      "PhysicsMaterial": {
        "StaticFriction": 0.4,
        "DynamicFriction": 0.4,
        "Bounciness": 0.0,
        "FrictionCombine": 0,
        "BounceCombine": 0
      },
      "Rigidbody": {
        "Mass": 0.1,
        "Drag": 0.1,
        "AngularDrag": 0.1,
        "UseGravity": true
      },
      "GUID": "cd79e5"
    },
    {
      "Name": "Custom_Model",
      "Transform": {
        "posX": 6.879093,
        "posY": 1.0733304,
        "posZ": 0.7126322,
        "rotX": 1.26731015E-06,
        "rotY": 179.999969,
        "rotZ": 179.999954,
        "scaleX": 0.375,
        "scaleY": 0.375,
        "scaleZ": 0.375
      },
      "Nickname": "",
      "Description": "",
      "GMNotes": "",
      "ColorDiffuse": {
        "r": 0.9999999,
        "g": 0.992170632,
        "b": 0.9999999
      },
      "Locked": false,
      "Grid": true,
      "Snap": true,
      "IgnoreFoW": false,
      "MeasureMovement": false,
      "DragSelectable": true,
      "Autoraise": true,
      "Sticky": true,
      "Tooltip": true,
      "GridProjection": false,
      "CustomMesh": {
        "MeshURL": "https://www.dropbox.com/s/lmqp093uy8iacq3/coin.obj?dl=1",
        "DiffuseURL": "https://www.dropbox.com/s/8d0f3pkmg4ezj7r/coin.png?dl=1",
        "NormalURL": "https://www.dropbox.com/s/jtxw31jkvnp08vg/bump.png?dl=1",
        "ColliderURL": "",
        "Convex": true,
        "MaterialIndex": 2,
        "TypeIndex": 3,
        "CustomShader": {
          "SpecularColor": {
            "r": 0.9254902,
            "g": 0.854901969,
            "b": 0.5254902
          },
          "SpecularIntensity": 0.9,
          "SpecularSharpness": 5.000002,
          "FresnelStrength": 0.5
        },
        "CastShadows": true
      },
      "LuaScript": "",
      "LuaScriptState": "",
      "XmlUI": "",
      "PhysicsMaterial": {
        "StaticFriction": 0.4,
        "DynamicFriction": 0.4,
        "Bounciness": 0.0,
        "FrictionCombine": 0,
        "BounceCombine": 0
      },
      "Rigidbody": {
        "Mass": 0.1,
        "Drag": 0.1,
        "AngularDrag": 0.1,
        "UseGravity": true
      },
      "GUID": "f544f3"
    },
    {
      "Name": "Custom_Model_Stack",
      "Transform": {
        "posX": 5.796781,
        "posY": 3.69075227,
        "posZ": 6.27967262,
        "rotX": -1.40873253E-05,
        "rotY": 164.996567,
        "rotZ": 180.000046,
        "scaleX": 0.375,
        "scaleY": 0.375,
        "scaleZ": 0.375
      },
      "Nickname": "",
      "Description": "",
      "GMNotes": "",
      "ColorDiffuse": {
        "r": 0.9999999,
        "g": 0.9921714,
        "b": 0.9999999
      },
      "Locked": false,
      "Grid": true,
      "Snap": true,
      "IgnoreFoW": false,
      "MeasureMovement": false,
      "DragSelectable": true,
      "Autoraise": true,
      "Sticky": true,
      "Tooltip": true,
      "GridProjection": false,
      "MaterialIndex": -1,
      "MeshIndex": -1,
      "Number": 24,
      "CustomMesh": {
        "MeshURL": "https://www.dropbox.com/s/lmqp093uy8iacq3/coin.obj?dl=1",
        "DiffuseURL": "https://www.dropbox.com/s/8d0f3pkmg4ezj7r/coin.png?dl=1",
        "NormalURL": "https://www.dropbox.com/s/jtxw31jkvnp08vg/bump.png?dl=1",
        "ColliderURL": "",
        "Convex": true,
        "MaterialIndex": 2,
        "TypeIndex": 5,
        "CustomShader": {
          "SpecularColor": {
            "r": 0.9254902,
            "g": 0.854901969,
            "b": 0.5254902
          },
          "SpecularIntensity": 0.9,
          "SpecularSharpness": 5.000002,
          "FresnelStrength": 0.5
        },
        "CastShadows": true
      },
      "LuaScript": "",
      "LuaScriptState": "",
      "XmlUI": "",
      "PhysicsMaterial": {
        "StaticFriction": 0.4,
        "DynamicFriction": 0.4,
        "Bounciness": 0.0,
        "FrictionCombine": 0,
        "BounceCombine": 0
      },
      "Rigidbody": {
        "Mass": 1.6,
        "Drag": 0.1,
        "AngularDrag": 0.1,
        "UseGravity": true
      },
      "GUID": "554c86"
    },
    {
      "Name": "Custom_Model_Stack",
      "Transform": {
        "posX": 9.592051,
        "posY": 3.45808983,
        "posZ": 7.32493,
        "rotX": -4.91472065E-06,
        "rotY": 255.340485,
        "rotZ": 180.000015,
        "scaleX": 0.375,
        "scaleY": 0.375,
        "scaleZ": 0.375
      },
      "Nickname": "",
      "Description": "",
      "GMNotes": "",
      "ColorDiffuse": {
        "r": 0.9999999,
        "g": 0.992171645,
        "b": 0.9999999
      },
      "Locked": false,
      "Grid": true,
      "Snap": true,
      "IgnoreFoW": false,
      "MeasureMovement": false,
      "DragSelectable": true,
      "Autoraise": true,
      "Sticky": true,
      "Tooltip": true,
      "GridProjection": false,
      "MaterialIndex": -1,
      "MeshIndex": -1,
      "Number": 22,
      "CustomMesh": {
        "MeshURL": "https://www.dropbox.com/s/lmqp093uy8iacq3/coin.obj?dl=1",
        "DiffuseURL": "https://www.dropbox.com/s/8d0f3pkmg4ezj7r/coin.png?dl=1",
        "NormalURL": "https://www.dropbox.com/s/jtxw31jkvnp08vg/bump.png?dl=1",
        "ColliderURL": "",
        "Convex": true,
        "MaterialIndex": 2,
        "TypeIndex": 5,
        "CustomShader": {
          "SpecularColor": {
            "r": 0.9254902,
            "g": 0.854901969,
            "b": 0.5254902
          },
          "SpecularIntensity": 0.9,
          "SpecularSharpness": 5.000002,
          "FresnelStrength": 0.5
        },
        "CastShadows": true
      },
      "LuaScript": "",
      "LuaScriptState": "",
      "XmlUI": "",
      "PhysicsMaterial": {
        "StaticFriction": 0.4,
        "DynamicFriction": 0.4,
        "Bounciness": 0.0,
        "FrictionCombine": 0,
        "BounceCombine": 0
      },
      "Rigidbody": {
        "Mass": 1.55,
        "Drag": 0.1,
        "AngularDrag": 0.1,
        "UseGravity": true
      },
      "GUID": "c05db9"
    },
    {
      "Name": "Custom_Model",
      "Transform": {
        "posX": -12.6738148,
        "posY": 0.956999958,
        "posZ": 2.13350177,
        "rotX": 1.21877692E-05,
        "rotY": 149.730621,
        "rotZ": 2.25376471E-06,
        "scaleX": 0.375,
        "scaleY": 0.375,
        "scaleZ": 0.375
      },
      "Nickname": "",
      "Description": "",
      "GMNotes": "",
      "ColorDiffuse": {
        "r": 0.9999999,
        "g": 0.9921714,
        "b": 0.9999999
      },
      "Locked": false,
      "Grid": true,
      "Snap": true,
      "IgnoreFoW": false,
      "MeasureMovement": false,
      "DragSelectable": true,
      "Autoraise": true,
      "Sticky": true,
      "Tooltip": true,
      "GridProjection": false,
      "CustomMesh": {
        "MeshURL": "https://www.dropbox.com/s/lmqp093uy8iacq3/coin.obj?dl=1",
        "DiffuseURL": "https://www.dropbox.com/s/8d0f3pkmg4ezj7r/coin.png?dl=1",
        "NormalURL": "https://www.dropbox.com/s/jtxw31jkvnp08vg/bump.png?dl=1",
        "ColliderURL": "https://www.dropbox.com/s/lmqp093uy8iacq3/coin.obj?dl=1",
        "Convex": true,
        "MaterialIndex": 2,
        "TypeIndex": 3,
        "CustomShader": {
          "SpecularColor": {
            "r": 0.9254902,
            "g": 0.854901969,
            "b": 0.5254902
          },
          "SpecularIntensity": 0.9,
          "SpecularSharpness": 5.000002,
          "FresnelStrength": 0.5
        },
        "CastShadows": true
      },
      "LuaScript": "",
      "LuaScriptState": "",
      "XmlUI": "",
      "PhysicsMaterial": {
        "StaticFriction": 0.4,
        "DynamicFriction": 0.4,
        "Bounciness": 0.0,
        "FrictionCombine": 0,
        "BounceCombine": 0
      },
      "Rigidbody": {
        "Mass": 0.1,
        "Drag": 0.1,
        "AngularDrag": 0.1,
        "UseGravity": true
      },
      "GUID": "629fff"
    },
    {
      "Name": "Custom_Model",
      "Transform": {
        "posX": -10.4419708,
        "posY": 1.07332969,
        "posZ": 2.72469974,
        "rotX": 1.594728E-05,
        "rotY": 161.201645,
        "rotZ": 180.000061,
        "scaleX": 0.375,
        "scaleY": 0.375,
        "scaleZ": 0.375
      },
      "Nickname": "",
      "Description": "",
      "GMNotes": "",
      "ColorDiffuse": {
        "r": 0.9999999,
        "g": 0.9921714,
        "b": 0.9999999
      },
      "Locked": false,
      "Grid": true,
      "Snap": true,
      "IgnoreFoW": false,
      "MeasureMovement": false,
      "DragSelectable": true,
      "Autoraise": true,
      "Sticky": true,
      "Tooltip": true,
      "GridProjection": false,
      "CustomMesh": {
        "MeshURL": "https://www.dropbox.com/s/lmqp093uy8iacq3/coin.obj?dl=1",
        "DiffuseURL": "https://www.dropbox.com/s/8d0f3pkmg4ezj7r/coin.png?dl=1",
        "NormalURL": "https://www.dropbox.com/s/jtxw31jkvnp08vg/bump.png?dl=1",
        "ColliderURL": "https://www.dropbox.com/s/lmqp093uy8iacq3/coin.obj?dl=1",
        "Convex": true,
        "MaterialIndex": 2,
        "TypeIndex": 3,
        "CustomShader": {
          "SpecularColor": {
            "r": 0.9254902,
            "g": 0.854901969,
            "b": 0.5254902
          },
          "SpecularIntensity": 0.9,
          "SpecularSharpness": 5.000002,
          "FresnelStrength": 0.5
        },
        "CastShadows": true
      },
      "LuaScript": "",
      "LuaScriptState": "",
      "XmlUI": "",
      "PhysicsMaterial": {
        "StaticFriction": 0.4,
        "DynamicFriction": 0.4,
        "Bounciness": 0.0,
        "FrictionCombine": 0,
        "BounceCombine": 0
      },
      "Rigidbody": {
        "Mass": 0.1,
        "Drag": 0.1,
        "AngularDrag": 0.1,
        "UseGravity": true
      },
      "GUID": "7a5912"
    },
    {
      "Name": "Custom_Model",
      "Transform": {
        "posX": -6.25365829,
        "posY": 0.9570008,
        "posZ": 2.37125564,
        "rotX": 3.94356757E-05,
        "rotY": 210.445343,
        "rotZ": 1.6951135E-05,
        "scaleX": 0.375,
        "scaleY": 0.375,
        "scaleZ": 0.375
      },
      "Nickname": "",
      "Description": "",
      "GMNotes": "",
      "ColorDiffuse": {
        "r": 0.9999999,
        "g": 0.9921714,
        "b": 0.9999999
      },
      "Locked": false,
      "Grid": true,
      "Snap": true,
      "IgnoreFoW": false,
      "MeasureMovement": false,
      "DragSelectable": true,
      "Autoraise": true,
      "Sticky": true,
      "Tooltip": true,
      "GridProjection": false,
      "CustomMesh": {
        "MeshURL": "https://www.dropbox.com/s/lmqp093uy8iacq3/coin.obj?dl=1",
        "DiffuseURL": "https://www.dropbox.com/s/8d0f3pkmg4ezj7r/coin.png?dl=1",
        "NormalURL": "https://www.dropbox.com/s/jtxw31jkvnp08vg/bump.png?dl=1",
        "ColliderURL": "https://www.dropbox.com/s/lmqp093uy8iacq3/coin.obj?dl=1",
        "Convex": true,
        "MaterialIndex": 2,
        "TypeIndex": 3,
        "CustomShader": {
          "SpecularColor": {
            "r": 0.9254902,
            "g": 0.854901969,
            "b": 0.5254902
          },
          "SpecularIntensity": 0.9,
          "SpecularSharpness": 5.000002,
          "FresnelStrength": 0.5
        },
        "CastShadows": true
      },
      "LuaScript": "",
      "LuaScriptState": "",
      "XmlUI": "",
      "PhysicsMaterial": {
        "StaticFriction": 0.4,
        "DynamicFriction": 0.4,
        "Bounciness": 0.0,
        "FrictionCombine": 0,
        "BounceCombine": 0
      },
      "Rigidbody": {
        "Mass": 0.1,
        "Drag": 0.1,
        "AngularDrag": 0.1,
        "UseGravity": true
      },
      "GUID": "c63860"
    },
    {
      "Name": "Custom_Model",
      "Transform": {
        "posX": -8.496624,
        "posY": 1.07333016,
        "posZ": 1.75353777,
        "rotX": 2.71007539E-05,
        "rotY": 111.326942,
        "rotZ": 180.000015,
        "scaleX": 0.375,
        "scaleY": 0.375,
        "scaleZ": 0.375
      },
      "Nickname": "",
      "Description": "",
      "GMNotes": "",
      "ColorDiffuse": {
        "r": 0.9999999,
        "g": 0.9921714,
        "b": 0.9999999
      },
      "Locked": false,
      "Grid": true,
      "Snap": true,
      "IgnoreFoW": false,
      "MeasureMovement": false,
      "DragSelectable": true,
      "Autoraise": true,
      "Sticky": true,
      "Tooltip": true,
      "GridProjection": false,
      "CustomMesh": {
        "MeshURL": "https://www.dropbox.com/s/lmqp093uy8iacq3/coin.obj?dl=1",
        "DiffuseURL": "https://www.dropbox.com/s/8d0f3pkmg4ezj7r/coin.png?dl=1",
        "NormalURL": "https://www.dropbox.com/s/jtxw31jkvnp08vg/bump.png?dl=1",
        "ColliderURL": "https://www.dropbox.com/s/lmqp093uy8iacq3/coin.obj?dl=1",
        "Convex": true,
        "MaterialIndex": 2,
        "TypeIndex": 3,
        "CustomShader": {
          "SpecularColor": {
            "r": 0.9254902,
            "g": 0.854901969,
            "b": 0.5254902
          },
          "SpecularIntensity": 0.9,
          "SpecularSharpness": 5.000002,
          "FresnelStrength": 0.5
        },
        "CastShadows": true
      },
      "LuaScript": "",
      "LuaScriptState": "",
      "XmlUI": "",
      "PhysicsMaterial": {
        "StaticFriction": 0.4,
        "DynamicFriction": 0.4,
        "Bounciness": 0.0,
        "FrictionCombine": 0,
        "BounceCombine": 0
      },
      "Rigidbody": {
        "Mass": 0.1,
        "Drag": 0.1,
        "AngularDrag": 0.1,
        "UseGravity": true
      },
      "GUID": "489064"
    },
    {
      "Name": "Custom_Model",
      "Transform": {
        "posX": -10.736042,
        "posY": 1.07332981,
        "posZ": -0.369357944,
        "rotX": 6.73678E-06,
        "rotY": 179.93718,
        "rotZ": 180.0,
        "scaleX": 0.375,
        "scaleY": 0.375,
        "scaleZ": 0.375
      },
      "Nickname": "",
      "Description": "",
      "GMNotes": "",
      "ColorDiffuse": {
        "r": 0.9999999,
        "g": 0.9921714,
        "b": 0.9999999
      },
      "Locked": false,
      "Grid": true,
      "Snap": true,
      "IgnoreFoW": false,
      "MeasureMovement": false,
      "DragSelectable": true,
      "Autoraise": true,
      "Sticky": true,
      "Tooltip": true,
      "GridProjection": false,
      "CustomMesh": {
        "MeshURL": "https://www.dropbox.com/s/lmqp093uy8iacq3/coin.obj?dl=1",
        "DiffuseURL": "https://www.dropbox.com/s/8d0f3pkmg4ezj7r/coin.png?dl=1",
        "NormalURL": "https://www.dropbox.com/s/jtxw31jkvnp08vg/bump.png?dl=1",
        "ColliderURL": "https://www.dropbox.com/s/lmqp093uy8iacq3/coin.obj?dl=1",
        "Convex": true,
        "MaterialIndex": 2,
        "TypeIndex": 3,
        "CustomShader": {
          "SpecularColor": {
            "r": 0.9254902,
            "g": 0.854901969,
            "b": 0.5254902
          },
          "SpecularIntensity": 0.9,
          "SpecularSharpness": 5.000002,
          "FresnelStrength": 0.5
        },
        "CastShadows": true
      },
      "LuaScript": "",
      "LuaScriptState": "",
      "XmlUI": "",
      "PhysicsMaterial": {
        "StaticFriction": 0.4,
        "DynamicFriction": 0.4,
        "Bounciness": 0.0,
        "FrictionCombine": 0,
        "BounceCombine": 0
      },
      "Rigidbody": {
        "Mass": 0.1,
        "Drag": 0.1,
        "AngularDrag": 0.1,
        "UseGravity": true
      },
      "GUID": "329b76"
    },
    {
      "Name": "Notecard",
      "Transform": {
        "posX": -10.0025978,
        "posY": 1.02700055,
        "posZ": -4.359243,
        "rotX": -1.24996614E-05,
        "rotY": -6.711435E-05,
        "rotZ": 3.90038934E-07,
        "scaleX": 1.0,
        "scaleY": 1.0,
        "scaleZ": 1.0
      },
      "Nickname": "",
      "Description": "Circular collider (slower)\n\nCustom colliders cannot be applied to chips.",
      "GMNotes": "",
      "ColorDiffuse": {
        "r": 0.99999994,
        "g": 0.99999994,
        "b": 0.99999994
      },
      "Locked": false,
      "Grid": true,
      "Snap": true,
      "IgnoreFoW": false,
      "MeasureMovement": false,
      "DragSelectable": true,
      "Autoraise": true,
      "Sticky": true,
      "Tooltip": true,
      "GridProjection": false,
      "LuaScript": "",
      "LuaScriptState": "",
      "XmlUI": "",
      "GUID": "04231a"
    },
    {
      "Name": "Notecard",
      "Transform": {
        "posX": 7.511645,
        "posY": 1.08228445,
        "posZ": -4.603704,
        "rotX": 358.466431,
        "rotY": 359.920532,
        "rotZ": 0.0006540034,
        "scaleX": 1.0,
        "scaleY": 1.0,
        "scaleZ": 1.0
      },
      "Nickname": "",
      "Description": "Cuboid collider (faster)",
      "GMNotes": "",
      "ColorDiffuse": {
        "r": 0.99999994,
        "g": 0.99999994,
        "b": 0.99999994
      },
      "Locked": false,
      "Grid": true,
      "Snap": true,
      "IgnoreFoW": false,
      "MeasureMovement": false,
      "DragSelectable": true,
      "Autoraise": true,
      "Sticky": true,
      "Tooltip": true,
      "GridProjection": false,
      "LuaScript": "",
      "LuaScriptState": "",
      "XmlUI": "",
      "GUID": "cad30d"
    }
  ],
  "LuaScript": "",
  "LuaScriptState": "",
  "XmlUI": "",
  "VectorLines": [],
  "VersionNumber": ""
}