{
  "SaveName": "Bee",
  "GameMode": "None",
  "Date": "7/16/2017 8:42:21 PM",
  "VersionNumber": "",
  "GameType": "",
  "GameComplexity": "",
  "Tags": [],
  "Gravity": 0.5,
  "PlayArea": 0.5,
  "Table": "Table_Octagon",
  "Sky": "Sky_Museum",
  "Note": "",
  "Rules": "",
  "Grid": {
    "Type": 0,
    "Lines": false,
    "Color": {
      "r": 0.0,
      "g": 0.0,
      "b": 0.0
    },
    "Opacity": 0.75,
    "ThickLines": false,
    "Snapping": false,
    "Offset": false,
    "BothSnapping": false,
    "xSize": 2.0,
    "ySize": 2.0,
    "PosOffset": {
      "x": 0.0,
      "y": 1.0,
      "z": 0.0
    }
  },
  "Lighting": {
    "LightIntensity": 0.54,
    "LightColor": {
      "r": 1.0,
      "g": 0.9804,
      "b": 0.8902
    },
    "AmbientIntensity": 1.3,
    "AmbientType": 0,
    "AmbientSkyColor": {
      "r": 0.5,
      "g": 0.5,
      "b": 0.5
    },
    "AmbientEquatorColor": {
      "r": 0.5,
      "g": 0.5,
      "b": 0.5
    },
    "AmbientGroundColor": {
      "r": 0.5,
      "g": 0.5,
      "b": 0.5
    },
    "ReflectionIntensity": 1.0,
    "LutIndex": 0,
    "LutContribution": 1.0
  },
  "Hands": {
    "Enable": true,
    "DisableUnused": false,
    "Hiding": 0,
    "HandTransforms": [
      {
        "Color": "Red",
        "Transform": {
          "posX": -12.3078947,
          "posY": 3.66349673,
          "posZ": -12.4467239,
          "rotX": 3.26725058E-07,
          "rotY": 45.0000038,
          "rotZ": -7.88784E-07,
          "scaleX": 9.413995,
          "scaleY": 8.961139,
          "scaleZ": 5.465846
        }
      },
      {
        "Color": "Yellow",
        "Transform": {
          "posX": -12.3997488,
          "posY": 3.66349673,
          "posZ": 12.199688,
          "rotX": -3.94392E-07,
          "rotY": 135.0,
          "rotZ": 1.63362529E-07,
          "scaleX": 9.413994,
          "scaleY": 8.961139,
          "scaleZ": 5.46584225
        }
      },
      {
        "Color": "Purple",
        "Transform": {
          "posX": 17.3902721,
          "posY": 3.66349673,
          "posZ": 0.0449399948,
          "rotX": -3.01854584E-07,
          "rotY": 270.0,
          "rotZ": -3.01854556E-07,
          "scaleX": 9.413988,
          "scaleY": 8.961139,
          "scaleZ": 5.46583843
        }
      },
      {
        "Color": "Blue",
        "Transform": {
          "posX": 12.3691387,
          "posY": 3.66349673,
          "posZ": 12.2303019,
          "rotX": 1.18317587E-06,
          "rotY": 225.000015,
          "rotZ": 4.9008753E-07,
          "scaleX": 9.41399,
          "scaleY": 8.961139,
          "scaleZ": 5.46584129
        }
      },
      {
        "Color": "White",
        "Transform": {
          "posX": 3.33786E-06,
          "posY": 3.66349673,
          "posZ": -17.3453941,
          "rotX": 0.0,
          "rotY": 0.0,
          "rotZ": 0.0,
          "scaleX": 9.413987,
          "scaleY": 8.961141,
          "scaleZ": 5.46584
        }
      },
      {
        "Color": "Green",
        "Transform": {
          "posX": 0.0,
          "posY": 3.66349673,
          "posZ": 17.1985073,
          "rotX": 0.0,
          "rotY": 179.8,
          "rotZ": 0.0,
          "scaleX": 9.413988,
          "scaleY": 8.961139,
          "scaleZ": 5.46584129
        }
      },
      {
        "Color": "Pink",
        "Transform": {
          "posX": 12.3691416,
          "posY": 3.66349673,
          "posZ": -12.140564,
          "rotX": -3.26725115E-07,
          "rotY": 315.000031,
          "rotZ": -7.8878395E-07,
          "scaleX": 9.413982,
          "scaleY": 8.961139,
          "scaleZ": 5.46583652
        }
      },
      {
        "Color": "Orange",
        "Transform": {
          "posX": -17.420887,
          "posY": 3.66349673,
          "posZ": -0.169381142,
          "rotX": -9.05563752E-07,
          "rotY": 90.0,
          "rotZ": 1.50927281E-06,
          "scaleX": 9.413998,
          "scaleY": 8.961139,
          "scaleZ": 5.46584463
        }
      }
    ]
  },
  "Turns": {
    "Enable": false,
    "Type": 0,
    "TurnOrder": [],
    "Reverse": false,
    "SkipEmpty": false,
    "DisableInteractions": false,
    "PassTurns": true,
    "TurnColor": ""
  },
  "TabStates": {
    "0": {
      "title": "Rules",
      "body": "",
      "color": "Grey",
      "visibleColor": {
        "r": 0.5,
        "g": 0.5,
        "b": 0.5
      },
      "id": 0
    },
    "1": {
      "title": "White",
      "body": "",
      "color": "White",
      "visibleColor": {
        "r": 1.0,
        "g": 1.0,
        "b": 1.0
      },
      "id": 1
    },
    "2": {
      "title": "Brown",
      "body": "",
      "color": "Brown",
      "visibleColor": {
        "r": 0.443,
        "g": 0.231,
        "b": 0.09
      },
      "id": 2
    },
    "3": {
      "title": "Red",
      "body": "",
      "color": "Red",
      "visibleColor": {
        "r": 0.856,
        "g": 0.1,
        "b": 0.094
      },
      "id": 3
    },
    "4": {
      "title": "Orange",
      "body": "",
      "color": "Orange",
      "visibleColor": {
        "r": 0.956,
        "g": 0.392,
        "b": 0.113
      },
      "id": 4
    },
    "5": {
      "title": "Yellow",
      "body": "",
      "color": "Yellow",
      "visibleColor": {
        "r": 0.905,
        "g": 0.898,
        "b": 0.172
      },
      "id": 5
    },
    "6": {
      "title": "Green",
      "body": "",
      "color": "Green",
      "visibleColor": {
        "r": 0.192,
        "g": 0.701,
        "b": 0.168
      },
      "id": 6
    },
    "7": {
      "title": "Blue",
      "body": "",
      "color": "Blue",
      "visibleColor": {
        "r": 0.118,
        "g": 0.53,
        "b": 1.0
      },
      "id": 7
    },
    "8": {
      "title": "Teal",
      "body": "",
      "color": "Teal",
      "visibleColor": {
        "r": 0.129,
        "g": 0.694,
        "b": 0.607
      },
      "id": 8
    },
    "9": {
      "title": "Purple",
      "body": "",
      "color": "Purple",
      "visibleColor": {
        "r": 0.627,
        "g": 0.125,
        "b": 0.941
      },
      "id": 9
    },
    "10": {
      "title": "Pink",
      "body": "",
      "color": "Pink",
      "visibleColor": {
        "r": 0.96,
        "g": 0.439,
        "b": 0.807
      },
      "id": 10
    },
    "11": {
      "title": "Black",
      "body": "",
      "color": "Black",
      "visibleColor": {
        "r": 0.25,
        "g": 0.25,
        "b": 0.25
      },
      "id": 11
    }
  },
  "DecalPallet": [],
  "LuaScript": "--[[ Lua code. See documentation: http://berserk-games.com/knowledgebase/scripting/ --]]\n\n--[[ The OnLoad function. This is called after everything in the game save finishes loading.\nMost of your script code goes here. --]]\nfunction onload()\n    --[[ print('Onload!') --]]\nend\n\n--[[ The Update function. This is called once per frame. --]]\nfunction update ()\n    --[[ print('Update loop!') --]]\nend",
  "LuaScriptState": "",
  "XmlUI": "",
  "VectorLines": [],
  "ObjectStates": [
    {
      "GUID": "cf33ef",
      "Name": "Custom_Model",
      "Transform": {
        "posX": -0.03829734,
        "posY": 0.5366057,
        "posZ": -0.113900512,
        "rotX": 6.389555E-06,
        "rotY": 315.000122,
        "rotZ": 2.57780835E-06,
        "scaleX": 3.199998,
        "scaleY": 3.199998,
        "scaleZ": 3.199998
      },
      "Nickname": "",
      "Description": "",
      "GMNotes": "",
      "ColorDiffuse": {
        "r": 1.0,
        "g": 1.0,
        "b": 1.0
      },
      "LayoutGroupSortIndex": 0,
      "Locked": false,
      "Grid": true,
      "Snap": true,
      "IgnoreFoW": false,
      "MeasureMovement": false,
      "DragSelectable": true,
      "Autoraise": true,
      "Sticky": true,
      "Tooltip": true,
      "GridProjection": false,
      "CustomMesh": {
        "MeshURL": "http://cloud-3.steamusercontent.com/ugc/848217372548692243/051DB8C793C9F87776A6C79B2C077983DCBA265A/",
        "DiffuseURL": "http://cloud-3.steamusercontent.com/ugc/848217372548692636/30930DD0733A1313B7948F91349A59E497931074/",
        "NormalURL": "",
        "ColliderURL": "",
        "Convex": true,
        "MaterialIndex": 1,
        "TypeIndex": 0,
        "CastShadows": true
      },
      "LuaScript": "",
      "LuaScriptState": "",
      "XmlUI": ""
    }
  ]
}