{
  "SaveName": "Beer Bottles and Cans (Small Selection)",
  "GameMode": "Custom",
  "Date": "4/29/2018 6:26:01 PM",
  "VersionNumber": "v10.4",
  "GameType": "",
  "GameComplexity": "",
  "Tags": [],
  "Gravity": 0.5,
  "PlayArea": 0.5,
  "Table": "Table_RPG",
  "Sky": "Sky_Regal",
  "Note": "",
  "Rules": "",
  "Grid": {
    "Type": 0,
    "Lines": false,
    "Color": {
      "r": 0.0,
      "g": 0.0,
      "b": 0.0
    },
    "Opacity": 0.75,
    "ThickLines": false,
    "Snapping": false,
    "Offset": false,
    "BothSnapping": false,
    "xSize": 2.0,
    "ySize": 2.0,
    "PosOffset": {
      "x": 0.0,
      "y": 1.0,
      "z": 0.0
    }
  },
  "Lighting": {
    "LightIntensity": 0.54,
    "LightColor": {
      "r": 1.0,
      "g": 0.9804,
      "b": 0.8902
    },
    "AmbientIntensity": 1.3,
    "AmbientType": 0,
    "AmbientSkyColor": {
      "r": 0.5,
      "g": 0.5,
      "b": 0.5
    },
    "AmbientEquatorColor": {
      "r": 0.5,
      "g": 0.5,
      "b": 0.5
    },
    "AmbientGroundColor": {
      "r": 0.5,
      "g": 0.5,
      "b": 0.5
    },
    "ReflectionIntensity": 1.0,
    "LutIndex": 0,
    "LutContribution": 1.0
  },
  "Hands": {
    "Enable": true,
    "DisableUnused": false,
    "Hiding": 0,
    "HandTransforms": [
      {
        "Color": "Red",
        "Transform": {
          "posX": -15.1108065,
          "posY": 4.81034231,
          "posZ": -20.1076221,
          "rotX": 0.0,
          "rotY": 0.0,
          "rotZ": 0.0,
          "scaleX": 11.7721024,
          "scaleY": 9.174497,
          "scaleZ": 4.87123871
        }
      },
      {
        "Color": "Yellow",
        "Transform": {
          "posX": -30.2150211,
          "posY": 4.81034231,
          "posZ": 10.17524,
          "rotX": 0.0,
          "rotY": 90.0,
          "rotZ": 0.0,
          "scaleX": 11.6562395,
          "scaleY": 9.174497,
          "scaleZ": 4.92040539
        }
      },
      {
        "Color": "Purple",
        "Transform": {
          "posX": 30.25128,
          "posY": 4.81034231,
          "posZ": 9.59069252,
          "rotX": 0.0,
          "rotY": 270.0,
          "rotZ": 0.0,
          "scaleX": 11.6562319,
          "scaleY": 9.174497,
          "scaleZ": 4.92040539
        }
      },
      {
        "Color": "Blue",
        "Transform": {
          "posX": 15.4749184,
          "posY": 4.81034231,
          "posZ": 19.8365288,
          "rotX": 0.0,
          "rotY": 179.8,
          "rotZ": 0.0,
          "scaleX": 11.7728891,
          "scaleY": 9.174497,
          "scaleZ": 4.87170935
        }
      },
      {
        "Color": "White",
        "Transform": {
          "posX": 15.1961479,
          "posY": 4.81034231,
          "posZ": -20.1400986,
          "rotX": 0.0,
          "rotY": 0.0,
          "rotZ": 0.0,
          "scaleX": 11.7720909,
          "scaleY": 9.17449951,
          "scaleZ": 4.87123871
        }
      },
      {
        "Color": "Green",
        "Transform": {
          "posX": -15.1927767,
          "posY": 4.81034231,
          "posZ": 19.787817,
          "rotX": 0.0,
          "rotY": 180.0,
          "rotZ": 0.0,
          "scaleX": 11.7720909,
          "scaleY": 9.174497,
          "scaleZ": 4.87123871
        }
      },
      {
        "Color": "Pink",
        "Transform": {
          "posX": 30.10358,
          "posY": 4.81034231,
          "posZ": -8.449126,
          "rotX": 0.0,
          "rotY": 270.0,
          "rotZ": 0.0,
          "scaleX": 11.6562281,
          "scaleY": 9.174497,
          "scaleZ": 4.92040539
        }
      },
      {
        "Color": "Orange",
        "Transform": {
          "posX": -30.247818,
          "posY": 4.81034231,
          "posZ": -8.822588,
          "rotX": 0.0,
          "rotY": 90.0,
          "rotZ": 0.0,
          "scaleX": 11.6562433,
          "scaleY": 9.174497,
          "scaleZ": 4.92040539
        }
      }
    ]
  },
  "Turns": {
    "Enable": false,
    "Type": 0,
    "TurnOrder": [],
    "Reverse": false,
    "SkipEmpty": false,
    "DisableInteractions": false,
    "PassTurns": true,
    "TurnColor": ""
  },
  "TabStates": {
    "0": {
      "title": "Rules",
      "body": "",
      "color": "Grey",
      "visibleColor": {
        "r": 0.5,
        "g": 0.5,
        "b": 0.5
      },
      "id": 0
    },
    "1": {
      "title": "White",
      "body": "",
      "color": "White",
      "visibleColor": {
        "r": 1.0,
        "g": 1.0,
        "b": 1.0
      },
      "id": 1
    },
    "2": {
      "title": "Brown",
      "body": "",
      "color": "Brown",
      "visibleColor": {
        "r": 0.443,
        "g": 0.231,
        "b": 0.09
      },
      "id": 2
    },
    "3": {
      "title": "Red",
      "body": "",
      "color": "Red",
      "visibleColor": {
        "r": 0.856,
        "g": 0.1,
        "b": 0.094
      },
      "id": 3
    },
    "4": {
      "title": "Orange",
      "body": "",
      "color": "Orange",
      "visibleColor": {
        "r": 0.956,
        "g": 0.392,
        "b": 0.113
      },
      "id": 4
    },
    "5": {
      "title": "Yellow",
      "body": "",
      "color": "Yellow",
      "visibleColor": {
        "r": 0.905,
        "g": 0.898,
        "b": 0.172
      },
      "id": 5
    },
    "6": {
      "title": "Green",
      "body": "",
      "color": "Green",
      "visibleColor": {
        "r": 0.192,
        "g": 0.701,
        "b": 0.168
      },
      "id": 6
    },
    "7": {
      "title": "Blue",
      "body": "",
      "color": "Blue",
      "visibleColor": {
        "r": 0.118,
        "g": 0.53,
        "b": 1.0
      },
      "id": 7
    },
    "8": {
      "title": "Teal",
      "body": "",
      "color": "Teal",
      "visibleColor": {
        "r": 0.129,
        "g": 0.694,
        "b": 0.607
      },
      "id": 8
    },
    "9": {
      "title": "Purple",
      "body": "",
      "color": "Purple",
      "visibleColor": {
        "r": 0.627,
        "g": 0.125,
        "b": 0.941
      },
      "id": 9
    },
    "10": {
      "title": "Pink",
      "body": "",
      "color": "Pink",
      "visibleColor": {
        "r": 0.96,
        "g": 0.439,
        "b": 0.807
      },
      "id": 10
    },
    "11": {
      "title": "Black",
      "body": "",
      "color": "Black",
      "visibleColor": {
        "r": 0.25,
        "g": 0.25,
        "b": 0.25
      },
      "id": 11
    }
  },
  "DecalPallet": [],
  "LuaScript": "--[[ Lua code. See documentation: http://berserk-games.com/knowledgebase/scripting/ --]]\n\n--[[ The onLoad event is called after the game save finishes loading. --]]\nfunction onLoad()\n    --[[ print('onLoad!') --]]\nend\n\n--[[ The onUpdate event is called once per frame. --]]\nfunction onUpdate ()\n    --[[ print('onUpdate loop!') --]]\nend",
  "LuaScriptState": "",
  "XmlUI": "",
  "VectorLines": [],
  "ObjectStates": [
    {
      "GUID": "ba0200",
      "Name": "Custom_Model",
      "Transform": {
        "posX": -0.3483206,
        "posY": 1.79854822,
        "posZ": 8.429716,
        "rotX": 0.00109079957,
        "rotY": 73.21396,
        "rotZ": 0.00255598966,
        "scaleX": 2.09999919,
        "scaleY": 2.09999919,
        "scaleZ": 2.09999919
      },
      "Nickname": "",
      "Description": "",
      "GMNotes": "",
      "ColorDiffuse": {
        "r": 0.9999998,
        "g": 0.992165,
        "b": 0.9999998
      },
      "LayoutGroupSortIndex": 0,
      "Locked": false,
      "Grid": true,
      "Snap": true,
      "IgnoreFoW": false,
      "MeasureMovement": false,
      "DragSelectable": true,
      "Autoraise": true,
      "Sticky": true,
      "Tooltip": true,
      "GridProjection": false,
      "Hands": false,
      "CustomMesh": {
        "MeshURL": "https://www.dropbox.com/s/mywhxj8edpbgi8p/Bottle.obj?dl=1",
        "DiffuseURL": "http://cloud-3.steamusercontent.com/ugc/934937716564937056/3582C004775B2263353BC7495F394BABF0CB1E55/",
        "NormalURL": "",
        "ColliderURL": "",
        "Convex": true,
        "MaterialIndex": 0,
        "TypeIndex": 0,
        "CastShadows": true
      },
      "LuaScript": "",
      "LuaScriptState": "",
      "XmlUI": ""
    },
    {
      "GUID": "bcd031",
      "Name": "Custom_Model",
      "Transform": {
        "posX": -16.0507832,
        "posY": 1.798635,
        "posZ": 7.555572,
        "rotX": 7.45070474E-06,
        "rotY": 60.00003,
        "rotZ": -2.211589E-05,
        "scaleX": 2.09999919,
        "scaleY": 2.09999919,
        "scaleZ": 2.09999919
      },
      "Nickname": "",
      "Description": "",
      "GMNotes": "",
      "ColorDiffuse": {
        "r": 0.9999998,
        "g": 0.992165,
        "b": 0.9999998
      },
      "LayoutGroupSortIndex": 0,
      "Locked": false,
      "Grid": true,
      "Snap": true,
      "IgnoreFoW": false,
      "MeasureMovement": false,
      "DragSelectable": true,
      "Autoraise": true,
      "Sticky": true,
      "Tooltip": true,
      "GridProjection": false,
      "Hands": false,
      "CustomMesh": {
        "MeshURL": "https://www.dropbox.com/s/mywhxj8edpbgi8p/Bottle.obj?dl=1",
        "DiffuseURL": "http://cloud-3.steamusercontent.com/ugc/934937716564909518/A5AB6EA3B71BE44F7E079137FE2017E7DEB30ED1/",
        "NormalURL": "",
        "ColliderURL": "",
        "Convex": true,
        "MaterialIndex": 0,
        "TypeIndex": 0,
        "CastShadows": true
      },
      "LuaScript": "",
      "LuaScriptState": "",
      "XmlUI": ""
    },
    {
      "GUID": "8ff8c6",
      "Name": "Custom_Model",
      "Transform": {
        "posX": 3.187068,
        "posY": 1.79873466,
        "posZ": 8.270562,
        "rotX": 0.008175396,
        "rotY": 45.0069122,
        "rotZ": 359.99173,
        "scaleX": 2.09999919,
        "scaleY": 2.09999919,
        "scaleZ": 2.09999919
      },
      "Nickname": "",
      "Description": "",
      "GMNotes": "",
      "ColorDiffuse": {
        "r": 0.9999998,
        "g": 0.992165,
        "b": 0.9999998
      },
      "LayoutGroupSortIndex": 0,
      "Locked": false,
      "Grid": true,
      "Snap": true,
      "IgnoreFoW": false,
      "MeasureMovement": false,
      "DragSelectable": true,
      "Autoraise": true,
      "Sticky": true,
      "Tooltip": true,
      "GridProjection": false,
      "Hands": false,
      "CustomMesh": {
        "MeshURL": "https://www.dropbox.com/s/mywhxj8edpbgi8p/Bottle.obj?dl=1",
        "DiffuseURL": "http://cloud-3.steamusercontent.com/ugc/934937716564900513/0C17287D2981A61D849B9103BFBD4F124DC83B2B/",
        "NormalURL": "",
        "ColliderURL": "",
        "Convex": true,
        "MaterialIndex": 0,
        "TypeIndex": 0,
        "CastShadows": true
      },
      "LuaScript": "",
      "LuaScriptState": "",
      "XmlUI": ""
    },
    {
      "GUID": "b9e811",
      "Name": "Custom_Model",
      "Transform": {
        "posX": 7.09273767,
        "posY": 1.79863453,
        "posZ": 7.873578,
        "rotX": 1.15828243E-05,
        "rotY": 59.9816437,
        "rotZ": -2.68457E-06,
        "scaleX": 2.09999919,
        "scaleY": 2.09999919,
        "scaleZ": 2.09999919
      },
      "Nickname": "",
      "Description": "",
      "GMNotes": "",
      "ColorDiffuse": {
        "r": 0.9999998,
        "g": 0.992165,
        "b": 0.9999998
      },
      "LayoutGroupSortIndex": 0,
      "Locked": false,
      "Grid": true,
      "Snap": true,
      "IgnoreFoW": false,
      "MeasureMovement": false,
      "DragSelectable": true,
      "Autoraise": true,
      "Sticky": true,
      "Tooltip": true,
      "GridProjection": false,
      "Hands": false,
      "CustomMesh": {
        "MeshURL": "https://www.dropbox.com/s/mywhxj8edpbgi8p/Bottle.obj?dl=1",
        "DiffuseURL": "http://cloud-3.steamusercontent.com/ugc/934937716564874669/17D23E8E14414C09D640C804554661EF94058C58/",
        "NormalURL": "",
        "ColliderURL": "",
        "Convex": true,
        "MaterialIndex": 0,
        "TypeIndex": 0,
        "CastShadows": true
      },
      "LuaScript": "",
      "LuaScriptState": "",
      "XmlUI": ""
    },
    {
      "GUID": "6d2ddd",
      "Name": "Custom_Model",
      "Transform": {
        "posX": -7.70677,
        "posY": 1.798634,
        "posZ": 8.716098,
        "rotX": 1.13302294E-05,
        "rotY": 331.064362,
        "rotZ": -6.56461043E-06,
        "scaleX": 2.09999919,
        "scaleY": 2.09999919,
        "scaleZ": 2.09999919
      },
      "Nickname": "",
      "Description": "",
      "GMNotes": "",
      "ColorDiffuse": {
        "r": 0.9999998,
        "g": 0.992165,
        "b": 0.9999998
      },
      "LayoutGroupSortIndex": 0,
      "Locked": false,
      "Grid": true,
      "Snap": true,
      "IgnoreFoW": false,
      "MeasureMovement": false,
      "DragSelectable": true,
      "Autoraise": true,
      "Sticky": true,
      "Tooltip": true,
      "GridProjection": false,
      "Hands": false,
      "CustomMesh": {
        "MeshURL": "https://www.dropbox.com/s/mywhxj8edpbgi8p/Bottle.obj?dl=1",
        "DiffuseURL": "http://cloud-3.steamusercontent.com/ugc/934937716564861973/9111640572108D218E5623D28A4A2BFAE38944EF/",
        "NormalURL": "",
        "ColliderURL": "",
        "Convex": true,
        "MaterialIndex": 0,
        "TypeIndex": 0,
        "CastShadows": true
      },
      "LuaScript": "",
      "LuaScriptState": "",
      "XmlUI": ""
    },
    {
      "GUID": "3a0c3a",
      "Name": "Custom_Model",
      "Transform": {
        "posX": -11.7922935,
        "posY": 1.79863548,
        "posZ": 8.432079,
        "rotX": 1.24673279E-05,
        "rotY": 60.0110321,
        "rotZ": -1.34654892E-05,
        "scaleX": 2.09999919,
        "scaleY": 2.09999919,
        "scaleZ": 2.09999919
      },
      "Nickname": "",
      "Description": "",
      "GMNotes": "",
      "ColorDiffuse": {
        "r": 0.9999998,
        "g": 0.992165,
        "b": 0.9999998
      },
      "LayoutGroupSortIndex": 0,
      "Locked": false,
      "Grid": true,
      "Snap": true,
      "IgnoreFoW": false,
      "MeasureMovement": false,
      "DragSelectable": true,
      "Autoraise": true,
      "Sticky": true,
      "Tooltip": true,
      "GridProjection": false,
      "Hands": false,
      "CustomMesh": {
        "MeshURL": "https://www.dropbox.com/s/mywhxj8edpbgi8p/Bottle.obj?dl=1",
        "DiffuseURL": "http://cloud-3.steamusercontent.com/ugc/934937716564752959/FAB493DAC0D1D1A93F33B26E552F137755E8B11F/",
        "NormalURL": "",
        "ColliderURL": "",
        "Convex": true,
        "MaterialIndex": 0,
        "TypeIndex": 0,
        "CastShadows": true
      },
      "LuaScript": "",
      "LuaScriptState": "",
      "XmlUI": ""
    },
    {
      "GUID": "7fbecf",
      "Name": "Custom_Model",
      "Transform": {
        "posX": 10.823863,
        "posY": 1.798634,
        "posZ": 7.56003332,
        "rotX": 3.3748E-06,
        "rotY": 60.01504,
        "rotZ": 4.74195576E-06,
        "scaleX": 2.09999919,
        "scaleY": 2.09999919,
        "scaleZ": 2.09999919
      },
      "Nickname": "",
      "Description": "",
      "GMNotes": "",
      "ColorDiffuse": {
        "r": 0.9999998,
        "g": 0.992165,
        "b": 0.9999998
      },
      "LayoutGroupSortIndex": 0,
      "Locked": false,
      "Grid": true,
      "Snap": true,
      "IgnoreFoW": false,
      "MeasureMovement": false,
      "DragSelectable": true,
      "Autoraise": true,
      "Sticky": true,
      "Tooltip": true,
      "GridProjection": false,
      "Hands": false,
      "CustomMesh": {
        "MeshURL": "https://www.dropbox.com/s/mywhxj8edpbgi8p/Bottle.obj?dl=1",
        "DiffuseURL": "http://cloud-3.steamusercontent.com/ugc/934937716564727731/3E9BEF8A704549C4F3EE9C6143019535E17EABB4/",
        "NormalURL": "",
        "ColliderURL": "",
        "Convex": true,
        "MaterialIndex": 0,
        "TypeIndex": 0,
        "CastShadows": true
      },
      "LuaScript": "",
      "LuaScriptState": "",
      "XmlUI": ""
    },
    {
      "GUID": "57daa3",
      "Name": "Custom_Model",
      "Transform": {
        "posX": -3.979605,
        "posY": 1.79852438,
        "posZ": 8.918364,
        "rotX": 359.988373,
        "rotY": 45.2842331,
        "rotZ": 0.00658519939,
        "scaleX": 2.09999919,
        "scaleY": 2.09999919,
        "scaleZ": 2.09999919
      },
      "Nickname": "Schlafly IPA",
      "Description": "",
      "GMNotes": "",
      "ColorDiffuse": {
        "r": 0.9999998,
        "g": 0.992165,
        "b": 0.9999998
      },
      "LayoutGroupSortIndex": 0,
      "Locked": false,
      "Grid": true,
      "Snap": true,
      "IgnoreFoW": false,
      "MeasureMovement": false,
      "DragSelectable": true,
      "Autoraise": true,
      "Sticky": true,
      "Tooltip": true,
      "GridProjection": false,
      "Hands": false,
      "CustomMesh": {
        "MeshURL": "https://www.dropbox.com/s/mywhxj8edpbgi8p/Bottle.obj?dl=1",
        "DiffuseURL": "http://cloud-3.steamusercontent.com/ugc/934937716564734077/0654DAD5F1278DF0171314EFE04B09F8986F7777/",
        "NormalURL": "",
        "ColliderURL": "",
        "Convex": true,
        "MaterialIndex": 0,
        "TypeIndex": 0,
        "CastShadows": true
      },
      "LuaScript": "",
      "LuaScriptState": "",
      "XmlUI": ""
    },
    {
      "GUID": "a82afa",
      "Name": "Custom_Model",
      "Transform": {
        "posX": -24.626482,
        "posY": 4.271919,
        "posZ": -2.74440455,
        "rotX": -1.2664205E-07,
        "rotY": 284.985626,
        "rotZ": -8.048005E-06,
        "scaleX": 2.16749716,
        "scaleY": 2.4305613,
        "scaleZ": 2.16749716
      },
      "Nickname": "",
      "Description": "",
      "GMNotes": "",
      "ColorDiffuse": {
        "r": 0.9999998,
        "g": 0.992160261,
        "b": 0.9999998
      },
      "LayoutGroupSortIndex": 0,
      "Locked": false,
      "Grid": true,
      "Snap": true,
      "IgnoreFoW": false,
      "MeasureMovement": false,
      "DragSelectable": true,
      "Autoraise": true,
      "Sticky": true,
      "Tooltip": true,
      "GridProjection": false,
      "Hands": false,
      "CustomMesh": {
        "MeshURL": "http://pastebin.com/raw.php?i=LCKruadf",
        "DiffuseURL": "http://cloud-3.steamusercontent.com/ugc/934937716564701609/26FB0B29CA53C851CE5A10960F6A9F86B62BF92A/",
        "NormalURL": "",
        "ColliderURL": "",
        "Convex": true,
        "MaterialIndex": 2,
        "TypeIndex": 0,
        "CastShadows": true
      },
      "LuaScript": "",
      "LuaScriptState": "",
      "XmlUI": ""
    },
    {
      "GUID": "61b57b",
      "Name": "Custom_Model",
      "Transform": {
        "posX": -24.8331947,
        "posY": 4.2719183,
        "posZ": -10.0758848,
        "rotX": 3.84486867E-07,
        "rotY": 269.9909,
        "rotZ": 7.999107E-07,
        "scaleX": 2.16749716,
        "scaleY": 2.4305613,
        "scaleZ": 2.16749716
      },
      "Nickname": "",
      "Description": "",
      "GMNotes": "",
      "ColorDiffuse": {
        "r": 0.9999998,
        "g": 0.992160261,
        "b": 0.9999998
      },
      "LayoutGroupSortIndex": 0,
      "Locked": false,
      "Grid": true,
      "Snap": true,
      "IgnoreFoW": false,
      "MeasureMovement": false,
      "DragSelectable": true,
      "Autoraise": true,
      "Sticky": true,
      "Tooltip": true,
      "GridProjection": false,
      "Hands": false,
      "CustomMesh": {
        "MeshURL": "http://pastebin.com/raw.php?i=LCKruadf",
        "DiffuseURL": "http://cloud-3.steamusercontent.com/ugc/843717823642003964/3ACD2F1F86752F6BA2C0B8E1C2B7ED1047B58EF8/",
        "NormalURL": "",
        "ColliderURL": "",
        "Convex": true,
        "MaterialIndex": 2,
        "TypeIndex": 0,
        "CastShadows": true
      },
      "LuaScript": "",
      "LuaScriptState": "",
      "XmlUI": ""
    },
    {
      "GUID": "659ce1",
      "Name": "Custom_Model",
      "Transform": {
        "posX": -21.9661484,
        "posY": 4.271919,
        "posZ": 2.492007,
        "rotX": -2.91021422E-07,
        "rotY": 195.000015,
        "rotZ": 6.098084E-07,
        "scaleX": 2.16749716,
        "scaleY": 2.4305613,
        "scaleZ": 2.16749716
      },
      "Nickname": "",
      "Description": "",
      "GMNotes": "",
      "ColorDiffuse": {
        "r": 0.9999998,
        "g": 0.992160261,
        "b": 0.9999998
      },
      "LayoutGroupSortIndex": 0,
      "Locked": false,
      "Grid": true,
      "Snap": true,
      "IgnoreFoW": false,
      "MeasureMovement": false,
      "DragSelectable": true,
      "Autoraise": true,
      "Sticky": true,
      "Tooltip": true,
      "GridProjection": false,
      "Hands": false,
      "CustomMesh": {
        "MeshURL": "http://pastebin.com/raw.php?i=LCKruadf",
        "DiffuseURL": "http://cloud-3.steamusercontent.com/ugc/843717823641990391/D5FCA1FDD35DB388235526A5ABCC9118C1173E58/",
        "NormalURL": "",
        "ColliderURL": "",
        "Convex": true,
        "MaterialIndex": 2,
        "TypeIndex": 0,
        "CastShadows": true
      },
      "LuaScript": "",
      "LuaScriptState": "",
      "XmlUI": ""
    },
    {
      "GUID": "a860de",
      "Name": "Custom_Model",
      "Transform": {
        "posX": 8.198896,
        "posY": 1.94955015,
        "posZ": -3.1024642,
        "rotX": 0.0007528164,
        "rotY": 315.0353,
        "rotZ": -0.00126175082,
        "scaleX": 1.99999917,
        "scaleY": 1.99999917,
        "scaleZ": 1.99999917
      },
      "Nickname": "",
      "Description": "",
      "GMNotes": "",
      "ColorDiffuse": {
        "r": 0.9999998,
        "g": 0.9921643,
        "b": 0.9999998
      },
      "LayoutGroupSortIndex": 0,
      "Locked": true,
      "Grid": false,
      "Snap": true,
      "IgnoreFoW": false,
      "MeasureMovement": false,
      "DragSelectable": true,
      "Autoraise": true,
      "Sticky": true,
      "Tooltip": true,
      "GridProjection": false,
      "Hands": false,
      "CustomMesh": {
        "MeshURL": "https://www.dropbox.com/s/0u0l42glpir5bhm/untitled.obj?dl=1",
        "DiffuseURL": "https://www.dropbox.com/s/yptx0nliswcwt85/ashtray.jpg?dl=1",
        "NormalURL": "",
        "ColliderURL": "https://www.dropbox.com/s/0u0l42glpir5bhm/untitled.obj?dl=1",
        "Convex": false,
        "MaterialIndex": 1,
        "TypeIndex": 0,
        "CastShadows": true
      },
      "LuaScript": "",
      "LuaScriptState": "",
      "XmlUI": ""
    },
    {
      "GUID": "ba9748",
      "Name": "Custom_Model",
      "Transform": {
        "posX": 9.523105,
        "posY": 2.92985058,
        "posZ": -2.98262787,
        "rotX": 323.51535,
        "rotY": 342.1571,
        "rotZ": 11.4772167,
        "scaleX": 2.09999919,
        "scaleY": 2.09999919,
        "scaleZ": 2.09999919
      },
      "Nickname": "Camel Cigarette",
      "Description": "",
      "GMNotes": "",
      "ColorDiffuse": {
        "r": 0.9999998,
        "g": 0.9921606,
        "b": 0.9999998
      },
      "LayoutGroupSortIndex": 0,
      "Locked": false,
      "Grid": true,
      "Snap": true,
      "IgnoreFoW": false,
      "MeasureMovement": false,
      "DragSelectable": true,
      "Autoraise": true,
      "Sticky": true,
      "Tooltip": true,
      "GridProjection": false,
      "Hands": false,
      "CustomMesh": {
        "MeshURL": "https://www.dropbox.com/s/hhx3dprmxqx4tt8/camel%20single%201.obj?dl=1",
        "DiffuseURL": "https://www.dropbox.com/s/9uqo7c13dv3tz97/camel%20cigarette2.jpg?dl=1",
        "NormalURL": "",
        "ColliderURL": "",
        "Convex": true,
        "MaterialIndex": 3,
        "TypeIndex": 0,
        "CustomShader": {
          "SpecularColor": {
            "r": 0.8745098,
            "g": 0.8117647,
            "b": 0.745098054
          },
          "SpecularIntensity": 0.5,
          "SpecularSharpness": 3.02133083,
          "FresnelStrength": 0.105555557
        },
        "CastShadows": true
      },
      "LuaScript": "",
      "LuaScriptState": "",
      "XmlUI": ""
    },
    {
      "GUID": "c87965",
      "Name": "Custom_Model",
      "Transform": {
        "posX": 9.718183,
        "posY": 3.117306,
        "posZ": -4.507432,
        "rotX": 13.36239,
        "rotY": 11.9238119,
        "rotZ": 20.1556568,
        "scaleX": 2.09999919,
        "scaleY": 2.09999919,
        "scaleZ": 2.09999919
      },
      "Nickname": "Camel Cigarette",
      "Description": "",
      "GMNotes": "",
      "ColorDiffuse": {
        "r": 0.9999998,
        "g": 0.9921606,
        "b": 0.9999998
      },
      "LayoutGroupSortIndex": 0,
      "Locked": false,
      "Grid": true,
      "Snap": true,
      "IgnoreFoW": false,
      "MeasureMovement": false,
      "DragSelectable": true,
      "Autoraise": true,
      "Sticky": true,
      "Tooltip": true,
      "GridProjection": false,
      "Hands": false,
      "CustomMesh": {
        "MeshURL": "https://www.dropbox.com/s/hhx3dprmxqx4tt8/camel%20single%201.obj?dl=1",
        "DiffuseURL": "https://www.dropbox.com/s/9uqo7c13dv3tz97/camel%20cigarette2.jpg?dl=1",
        "NormalURL": "",
        "ColliderURL": "",
        "Convex": true,
        "MaterialIndex": 3,
        "TypeIndex": 0,
        "CustomShader": {
          "SpecularColor": {
            "r": 0.8745098,
            "g": 0.8117647,
            "b": 0.745098054
          },
          "SpecularIntensity": 0.5,
          "SpecularSharpness": 3.02133083,
          "FresnelStrength": 0.105555557
        },
        "CastShadows": true
      },
      "LuaScript": "",
      "LuaScriptState": "",
      "XmlUI": ""
    },
    {
      "GUID": "80d5e9",
      "Name": "Custom_Model",
      "Transform": {
        "posX": 8.374168,
        "posY": 3.25602055,
        "posZ": -1.6152308,
        "rotX": 304.966339,
        "rotY": 316.8513,
        "rotZ": 14.3424263,
        "scaleX": 2.09999919,
        "scaleY": 2.09999919,
        "scaleZ": 2.09999919
      },
      "Nickname": "Camel Cigarette",
      "Description": "",
      "GMNotes": "",
      "ColorDiffuse": {
        "r": 0.9999998,
        "g": 0.9921606,
        "b": 0.9999998
      },
      "LayoutGroupSortIndex": 0,
      "Locked": false,
      "Grid": true,
      "Snap": true,
      "IgnoreFoW": false,
      "MeasureMovement": false,
      "DragSelectable": true,
      "Autoraise": true,
      "Sticky": true,
      "Tooltip": true,
      "GridProjection": false,
      "Hands": false,
      "CustomMesh": {
        "MeshURL": "https://www.dropbox.com/s/hhx3dprmxqx4tt8/camel%20single%201.obj?dl=1",
        "DiffuseURL": "https://www.dropbox.com/s/9uqo7c13dv3tz97/camel%20cigarette2.jpg?dl=1",
        "NormalURL": "",
        "ColliderURL": "",
        "Convex": true,
        "MaterialIndex": 3,
        "TypeIndex": 0,
        "CustomShader": {
          "SpecularColor": {
            "r": 0.8745098,
            "g": 0.8117647,
            "b": 0.745098054
          },
          "SpecularIntensity": 0.5,
          "SpecularSharpness": 3.02133083,
          "FresnelStrength": 0.105555557
        },
        "CastShadows": true
      },
      "LuaScript": "",
      "LuaScriptState": "",
      "XmlUI": ""
    },
    {
      "GUID": "f02181",
      "Name": "Custom_Model",
      "Transform": {
        "posX": 9.033235,
        "posY": 2.8896358,
        "posZ": -2.23296285,
        "rotX": 1.78849566,
        "rotY": 331.52063,
        "rotZ": 15.7474451,
        "scaleX": 2.09999919,
        "scaleY": 2.09999919,
        "scaleZ": 2.09999919
      },
      "Nickname": "Camel Cigarette",
      "Description": "",
      "GMNotes": "",
      "ColorDiffuse": {
        "r": 0.9999998,
        "g": 0.9921606,
        "b": 0.9999998
      },
      "LayoutGroupSortIndex": 0,
      "Locked": false,
      "Grid": true,
      "Snap": true,
      "IgnoreFoW": false,
      "MeasureMovement": false,
      "DragSelectable": true,
      "Autoraise": true,
      "Sticky": true,
      "Tooltip": true,
      "GridProjection": false,
      "Hands": false,
      "CustomMesh": {
        "MeshURL": "https://www.dropbox.com/s/hhx3dprmxqx4tt8/camel%20single%201.obj?dl=1",
        "DiffuseURL": "https://www.dropbox.com/s/9uqo7c13dv3tz97/camel%20cigarette2.jpg?dl=1",
        "NormalURL": "",
        "ColliderURL": "",
        "Convex": true,
        "MaterialIndex": 3,
        "TypeIndex": 0,
        "CustomShader": {
          "SpecularColor": {
            "r": 0.8745098,
            "g": 0.8117647,
            "b": 0.745098054
          },
          "SpecularIntensity": 0.5,
          "SpecularSharpness": 3.02133083,
          "FresnelStrength": 0.105555557
        },
        "CastShadows": true
      },
      "LuaScript": "",
      "LuaScriptState": "",
      "XmlUI": ""
    },
    {
      "GUID": "097d8f",
      "Name": "Custom_Model",
      "Transform": {
        "posX": 15.6771727,
        "posY": 1.59379792,
        "posZ": -2.963289,
        "rotX": 1.19528313E-05,
        "rotY": 281.7032,
        "rotZ": 270.000031,
        "scaleX": 1.99999917,
        "scaleY": 1.99999917,
        "scaleZ": 1.99999917
      },
      "Nickname": "Camel Pack",
      "Description": "",
      "GMNotes": "",
      "ColorDiffuse": {
        "r": 0.9999998,
        "g": 0.9921666,
        "b": 0.9999998
      },
      "LayoutGroupSortIndex": 0,
      "Locked": false,
      "Grid": true,
      "Snap": true,
      "IgnoreFoW": false,
      "MeasureMovement": false,
      "DragSelectable": true,
      "Autoraise": true,
      "Sticky": true,
      "Tooltip": true,
      "GridProjection": false,
      "Hands": false,
      "CustomMesh": {
        "MeshURL": "https://www.dropbox.com/s/hsvyhyp5mpcedbz/camel%20pack.obj?dl=1",
        "DiffuseURL": "https://www.dropbox.com/s/12b51zkrd5o5li4/camel%20pack.jpg?dl=1",
        "NormalURL": "",
        "ColliderURL": "",
        "Convex": true,
        "MaterialIndex": 1,
        "TypeIndex": 0,
        "CastShadows": true
      },
      "LuaScript": "",
      "LuaScriptState": "",
      "XmlUI": ""
    }
  ]
}