{
  "SaveName": "Mosaic Dice Tower",
  "GameMode": "CardBots",
  "Date": "2/1/2020 7:57:18 AM",
  "VersionNumber": "v12.2.2",
  "GameType": "",
  "GameComplexity": "",
  "Tags": [],
  "Gravity": 0.5,
  "PlayArea": 0.5,
  "Table": "Table_RPG",
  "Sky": "Sky_Sunset",
  "Note": "",
  "Rules": "",
  "Grid": {
    "Type": 0,
    "Lines": false,
    "Color": {
      "r": 0.0,
      "g": 0.0,
      "b": 0.0
    },
    "Opacity": 0.75,
    "ThickLines": false,
    "Snapping": false,
    "Offset": false,
    "BothSnapping": false,
    "xSize": 2.0,
    "ySize": 2.0,
    "PosOffset": {
      "x": 0.0,
      "y": 1.0,
      "z": 0.0
    }
  },
  "Lighting": {
    "LightIntensity": 0.54,
    "LightColor": {
      "r": 1.0,
      "g": 0.9804,
      "b": 0.8902
    },
    "AmbientIntensity": 1.3,
    "AmbientType": 0,
    "AmbientSkyColor": {
      "r": 0.5,
      "g": 0.5,
      "b": 0.5
    },
    "AmbientEquatorColor": {
      "r": 0.5,
      "g": 0.5,
      "b": 0.5
    },
    "AmbientGroundColor": {
      "r": 0.5,
      "g": 0.5,
      "b": 0.5
    },
    "ReflectionIntensity": 1.0,
    "LutIndex": 0,
    "LutContribution": 1.0
  },
  "Hands": {
    "Enable": true,
    "DisableUnused": false,
    "Hiding": 0,
    "HandTransforms": []
  },
  "Turns": {
    "Enable": false,
    "Type": 0,
    "TurnOrder": [],
    "Reverse": false,
    "SkipEmpty": false,
    "DisableInteractions": false,
    "PassTurns": true
  },
  "TabStates": {
    "0": {
      "title": "Rules",
      "body": "",
      "color": "Grey",
      "visibleColor": {
        "r": 0.5,
        "g": 0.5,
        "b": 0.5
      },
      "id": 0
    },
    "1": {
      "title": "White",
      "body": "",
      "color": "White",
      "visibleColor": {
        "r": 1.0,
        "g": 1.0,
        "b": 1.0
      },
      "id": 1
    },
    "2": {
      "title": "Brown",
      "body": "",
      "color": "Brown",
      "visibleColor": {
        "r": 0.443,
        "g": 0.231,
        "b": 0.09
      },
      "id": 2
    },
    "3": {
      "title": "Red",
      "body": "",
      "color": "Red",
      "visibleColor": {
        "r": 0.856,
        "g": 0.1,
        "b": 0.094
      },
      "id": 3
    },
    "4": {
      "title": "Orange",
      "body": "",
      "color": "Orange",
      "visibleColor": {
        "r": 0.956,
        "g": 0.392,
        "b": 0.113
      },
      "id": 4
    },
    "5": {
      "title": "Yellow",
      "body": "",
      "color": "Yellow",
      "visibleColor": {
        "r": 0.905,
        "g": 0.898,
        "b": 0.172
      },
      "id": 5
    },
    "6": {
      "title": "Green",
      "body": "",
      "color": "Green",
      "visibleColor": {
        "r": 0.192,
        "g": 0.701,
        "b": 0.168
      },
      "id": 6
    },
    "7": {
      "title": "Blue",
      "body": "",
      "color": "Blue",
      "visibleColor": {
        "r": 0.118,
        "g": 0.53,
        "b": 1.0
      },
      "id": 7
    },
    "8": {
      "title": "Teal",
      "body": "",
      "color": "Teal",
      "visibleColor": {
        "r": 0.129,
        "g": 0.694,
        "b": 0.607
      },
      "id": 8
    },
    "9": {
      "title": "Purple",
      "body": "",
      "color": "Purple",
      "visibleColor": {
        "r": 0.627,
        "g": 0.125,
        "b": 0.941
      },
      "id": 9
    },
    "10": {
      "title": "Pink",
      "body": "",
      "color": "Pink",
      "visibleColor": {
        "r": 0.96,
        "g": 0.439,
        "b": 0.807
      },
      "id": 10
    },
    "11": {
      "title": "Black",
      "body": "",
      "color": "Black",
      "visibleColor": {
        "r": 0.25,
        "g": 0.25,
        "b": 0.25
      },
      "id": 11
    }
  },
  "DecalPallet": [],
  "LuaScript": "--[[ Lua code. See documentation: https://api.tabletopsimulator.com/ --]]\n\n--[[ The onLoad event is called after the game save finishes loading. --]]\nfunction onLoad()\n    --[[ print('onLoad!') --]]\nend\n\n--[[ The onUpdate event is called once per frame. --]]\nfunction onUpdate()\n    --[[ print('onUpdate loop!') --]]\nend",
  "LuaScriptState": "",
  "XmlUI": "<!-- Xml UI. See documentation: https://api.tabletopsimulator.com/ui/introUI/ -->",
  "ObjectStates": [
    {
      "GUID": "2f22d0",
      "Name": "CardCustom",
      "Transform": {
        "posX": 15.1201839,
        "posY": 1.03171349,
        "posZ": 2.03240442,
        "rotX": -3.87405343E-08,
        "rotY": 359.989349,
        "rotZ": 4.09456931E-07,
        "scaleX": 1.64563763,
        "scaleY": 1.0,
        "scaleZ": 1.64563763
      },
      "Nickname": "",
      "Description": "",
      "GMNotes": "",
      "ColorDiffuse": {
        "r": 0.713235259,
        "g": 0.713235259,
        "b": 0.713235259
      },
      "LayoutGroupSortIndex": 0,
      "Locked": false,
      "Grid": true,
      "Snap": true,
      "IgnoreFoW": false,
      "MeasureMovement": false,
      "DragSelectable": true,
      "Autoraise": true,
      "Sticky": true,
      "Tooltip": true,
      "GridProjection": false,
      "HideWhenFaceDown": true,
      "Hands": true,
      "CardID": 100,
      "SidewaysCard": false,
      "CustomDeck": {
        "1": {
          "FaceURL": "http://cloud-3.steamusercontent.com/ugc/789753588658207185/A206B7EBED126ED499CF7C9BEBBAC6988AC62095/",
          "BackURL": "http://cloud-3.steamusercontent.com/ugc/789753588658207185/A206B7EBED126ED499CF7C9BEBBAC6988AC62095/",
          "NumWidth": 1,
          "NumHeight": 1,
          "BackIsHidden": true,
          "UniqueBack": false,
          "Type": 0
        }
      },
      "LuaScript": "",
      "LuaScriptState": "",
      "XmlUI": ""
    },
    {
      "GUID": "99ecfd",
      "Name": "Die_6_Rounded",
      "Transform": {
        "posX": -0.4242369,
        "posY": 1.56410217,
        "posZ": -2.81357622,
        "rotX": 270.0,
        "rotY": 145.760162,
        "rotZ": 0.0,
        "scaleX": 1.0,
        "scaleY": 1.0,
        "scaleZ": 1.0
      },
      "Nickname": "",
      "Description": "",
      "GMNotes": "",
      "ColorDiffuse": {
        "r": 0.996078432,
        "g": 0.0,
        "b": 0.0
      },
      "LayoutGroupSortIndex": 0,
      "Locked": false,
      "Grid": true,
      "Snap": true,
      "IgnoreFoW": false,
      "MeasureMovement": false,
      "DragSelectable": true,
      "Autoraise": true,
      "Sticky": true,
      "Tooltip": true,
      "GridProjection": false,
      "HideWhenFaceDown": false,
      "Hands": false,
      "MaterialIndex": 1,
      "LuaScript": "",
      "LuaScriptState": "",
      "XmlUI": "",
      "RotationValues": [
        {
          "Value": 1,
          "Rotation": {
            "x": 0.0,
            "y": 0.0,
            "z": 0.0
          }
        },
        {
          "Value": 2,
          "Rotation": {
            "x": 90.0,
            "y": 0.0,
            "z": 0.0
          }
        },
        {
          "Value": 3,
          "Rotation": {
            "x": 0.0,
            "y": 0.0,
            "z": 90.0
          }
        },
        {
          "Value": 4,
          "Rotation": {
            "x": 0.0,
            "y": 0.0,
            "z": -90.0
          }
        },
        {
          "Value": 5,
          "Rotation": {
            "x": -90.0,
            "y": 0.0,
            "z": 0.0
          }
        },
        {
          "Value": 6,
          "Rotation": {
            "x": 0.0,
            "y": 0.0,
            "z": -180.0
          }
        }
      ]
    },
    {
      "GUID": "c1a653",
      "Name": "Die_6_Rounded",
      "Transform": {
        "posX": -0.898204148,
        "posY": 1.56410241,
        "posZ": -1.50946009,
        "rotX": 9.189581E-06,
        "rotY": 222.429626,
        "rotZ": 180.0,
        "scaleX": 1.0,
        "scaleY": 1.0,
        "scaleZ": 1.0
      },
      "Nickname": "",
      "Description": "",
      "GMNotes": "",
      "ColorDiffuse": {
        "r": 0.996078432,
        "g": 0.0,
        "b": 0.0
      },
      "LayoutGroupSortIndex": 0,
      "Locked": false,
      "Grid": true,
      "Snap": true,
      "IgnoreFoW": false,
      "MeasureMovement": false,
      "DragSelectable": true,
      "Autoraise": true,
      "Sticky": true,
      "Tooltip": true,
      "GridProjection": false,
      "HideWhenFaceDown": false,
      "Hands": false,
      "MaterialIndex": 1,
      "LuaScript": "",
      "LuaScriptState": "",
      "XmlUI": "",
      "RotationValues": [
        {
          "Value": 1,
          "Rotation": {
            "x": 0.0,
            "y": 0.0,
            "z": 0.0
          }
        },
        {
          "Value": 2,
          "Rotation": {
            "x": 90.0,
            "y": 0.0,
            "z": 0.0
          }
        },
        {
          "Value": 3,
          "Rotation": {
            "x": 0.0,
            "y": 0.0,
            "z": 90.0
          }
        },
        {
          "Value": 4,
          "Rotation": {
            "x": 0.0,
            "y": 0.0,
            "z": -90.0
          }
        },
        {
          "Value": 5,
          "Rotation": {
            "x": -90.0,
            "y": 0.0,
            "z": 0.0
          }
        },
        {
          "Value": 6,
          "Rotation": {
            "x": 0.0,
            "y": 0.0,
            "z": -180.0
          }
        }
      ]
    },
    {
      "GUID": "57ec25",
      "Name": "Die_6_Rounded",
      "Transform": {
        "posX": 0.7379655,
        "posY": 1.56410062,
        "posZ": -1.42112339,
        "rotX": -0.00056132325,
        "rotY": 354.1608,
        "rotZ": -0.0005273359,
        "scaleX": 1.0,
        "scaleY": 1.0,
        "scaleZ": 1.0
      },
      "Nickname": "",
      "Description": "",
      "GMNotes": "",
      "ColorDiffuse": {
        "r": 0.996078432,
        "g": 0.0,
        "b": 0.0
      },
      "LayoutGroupSortIndex": 0,
      "Locked": false,
      "Grid": true,
      "Snap": true,
      "IgnoreFoW": false,
      "MeasureMovement": false,
      "DragSelectable": true,
      "Autoraise": true,
      "Sticky": true,
      "Tooltip": true,
      "GridProjection": false,
      "HideWhenFaceDown": false,
      "Hands": false,
      "MaterialIndex": 1,
      "LuaScript": "",
      "LuaScriptState": "",
      "XmlUI": "",
      "RotationValues": [
        {
          "Value": 1,
          "Rotation": {
            "x": 0.0,
            "y": 0.0,
            "z": 0.0
          }
        },
        {
          "Value": 2,
          "Rotation": {
            "x": 90.0,
            "y": 0.0,
            "z": 0.0
          }
        },
        {
          "Value": 3,
          "Rotation": {
            "x": 0.0,
            "y": 0.0,
            "z": 90.0
          }
        },
        {
          "Value": 4,
          "Rotation": {
            "x": 0.0,
            "y": 0.0,
            "z": -90.0
          }
        },
        {
          "Value": 5,
          "Rotation": {
            "x": -90.0,
            "y": 0.0,
            "z": 0.0
          }
        },
        {
          "Value": 6,
          "Rotation": {
            "x": 0.0,
            "y": 0.0,
            "z": -180.0
          }
        }
      ]
    },
    {
      "GUID": "e3c8a3",
      "Name": "Die_6_Rounded",
      "Transform": {
        "posX": 1.68278873,
        "posY": 1.56409621,
        "posZ": -2.90098858,
        "rotX": -0.0003343867,
        "rotY": 172.184967,
        "rotZ": -0.000291950826,
        "scaleX": 1.0,
        "scaleY": 1.0,
        "scaleZ": 1.0
      },
      "Nickname": "",
      "Description": "",
      "GMNotes": "",
      "ColorDiffuse": {
        "r": 0.996078432,
        "g": 0.0,
        "b": 0.0
      },
      "LayoutGroupSortIndex": 0,
      "Locked": false,
      "Grid": true,
      "Snap": true,
      "IgnoreFoW": false,
      "MeasureMovement": false,
      "DragSelectable": true,
      "Autoraise": true,
      "Sticky": true,
      "Tooltip": true,
      "GridProjection": false,
      "HideWhenFaceDown": false,
      "Hands": false,
      "MaterialIndex": 1,
      "LuaScript": "",
      "LuaScriptState": "",
      "XmlUI": "",
      "RotationValues": [
        {
          "Value": 1,
          "Rotation": {
            "x": 0.0,
            "y": 0.0,
            "z": 0.0
          }
        },
        {
          "Value": 2,
          "Rotation": {
            "x": 90.0,
            "y": 0.0,
            "z": 0.0
          }
        },
        {
          "Value": 3,
          "Rotation": {
            "x": 0.0,
            "y": 0.0,
            "z": 90.0
          }
        },
        {
          "Value": 4,
          "Rotation": {
            "x": 0.0,
            "y": 0.0,
            "z": -90.0
          }
        },
        {
          "Value": 5,
          "Rotation": {
            "x": -90.0,
            "y": 0.0,
            "z": 0.0
          }
        },
        {
          "Value": 6,
          "Rotation": {
            "x": 0.0,
            "y": 0.0,
            "z": -180.0
          }
        }
      ]
    },
    {
      "GUID": "88d6f8",
      "Name": "Custom_Assetbundle",
      "Transform": {
        "posX": 0.392238736,
        "posY": 0.9599991,
        "posZ": -7.553343,
        "rotX": -4.0465838E-07,
        "rotY": 0.0131624751,
        "rotZ": -2.75146522E-06,
        "scaleX": 1.0999999,
        "scaleY": 1.0999999,
        "scaleZ": 1.0999999
      },
      "Nickname": "",
      "Description": "",
      "GMNotes": "",
      "ColorDiffuse": {
        "r": 1.0,
        "g": 1.0,
        "b": 1.0
      },
      "LayoutGroupSortIndex": 0,
      "Locked": true,
      "Grid": true,
      "Snap": true,
      "IgnoreFoW": false,
      "MeasureMovement": false,
      "DragSelectable": true,
      "Autoraise": true,
      "Sticky": true,
      "Tooltip": true,
      "GridProjection": false,
      "HideWhenFaceDown": false,
      "Hands": false,
      "CustomAssetbundle": {
        "AssetbundleURL": "http://cloud-3.steamusercontent.com/ugc/796510184549102618/377A45855C2C6CED448D84C0165C77C396D1F453/",
        "AssetbundleSecondaryURL": "http://cloud-3.steamusercontent.com/ugc/796510184549103251/0B6765584015C71BD2D45831A66AEE59B4F8D625/",
        "MaterialIndex": 0,
        "TypeIndex": 0,
        "LoopingEffectIndex": 0
      },
      "LuaScript": "",
      "LuaScriptState": "",
      "XmlUI": ""
    }
  ]
}