{
  "SaveName": "A dice tray made out of cards",
  "GameMode": "Dominoes",
  "Date": "4/4/2020 5:48:17 PM",
  "VersionNumber": "v12.3.3",
  "GameType": "",
  "GameComplexity": "",
  "Tags": [],
  "Gravity": 0.5,
  "PlayArea": 0.5,
  "Table": "Table_Hexagon",
  "Sky": "Sky_Regal",
  "Note": "",
  "Rules": "",
  "MusicPlayer": {
    "RepeatSong": false,
    "PlaylistEntry": 0,
    "CurrentAudioTitle": "Typhons Children - Mission Briefing",
    "CurrentAudioURL": "http://cloud-3.steamusercontent.com/ugc/781859262304608199/3E220047A4B3A0CE8ED3435C5D9FDDE1133CBCC8/",
    "AudioLibrary": [
      {
        "Item1": "http://cloud-3.steamusercontent.com/ugc/781859262304608199/3E220047A4B3A0CE8ED3435C5D9FDDE1133CBCC8/",
        "Item2": "Typhons Children - Mission Briefing"
      },
      {
        "Item1": "http://cloud-3.steamusercontent.com/ugc/781859262301397823/8AFDF3A837114301F1330792C9AFA80CD6EE7E44/",
        "Item2": "Typhons Children - Act 1 - Abes Log"
      },
      {
        "Item1": "http://cloud-3.steamusercontent.com/ugc/781859262304596731/890471B08AADA2F3A7D8CC26E23216365A324C31/",
        "Item2": "Typhons Children - Act 1 - RiverCrossing"
      },
      {
        "Item1": "http://cloud-3.steamusercontent.com/ugc/781859262304595712/46267F4421FFF49CD51105818598B5A4B95B9160/",
        "Item2": "Typhons Children - Act 1 - After Action Report"
      },
      {
        "Item1": "http://cloud-3.steamusercontent.com/ugc/781859262304598758/2F68ED600FF153C9FFBA88CFF1C80580505203DC/",
        "Item2": "Typhons Children - Act 2 -  Abes Log"
      },
      {
        "Item1": "http://cloud-3.steamusercontent.com/ugc/781859262304600404/124AEB03CEA937246392B68BE1A6E90A0868F784/",
        "Item2": "Typhons Children - Act 2 - VillageRecon"
      },
      {
        "Item1": "http://cloud-3.steamusercontent.com/ugc/781859262304599374/DC5B8D8ABE2462FE22DA1A4B97990B3A37EE1ED1/",
        "Item2": "Typhons Children - Act 2 - After Action Report"
      },
      {
        "Item1": "http://cloud-3.steamusercontent.com/ugc/781859262304603237/0027353CB12E636E719218CBFCEC031AA1E9196F/",
        "Item2": "Typhons Children - Act 3 - Abes Log"
      },
      {
        "Item1": "http://cloud-3.steamusercontent.com/ugc/781859262304605976/81DB3DC21CA3B752B24E27731D201851002ADB7D/",
        "Item2": "Typhons Children - Act 3 - MineAssault"
      },
      {
        "Item1": "http://cloud-3.steamusercontent.com/ugc/781859262304604710/57B595C2CF2B13E49B404748D2D89A46ED518710/",
        "Item2": "Typhons Children - Act 3 - After Action Report"
      },
      {
        "Item1": "http://cloud-3.steamusercontent.com/ugc/781859262304582207/44A479DA3A8D37F3DEE9342E4FB1395350B105D6/",
        "Item2": "A Mothers Love - Mission Briefing"
      },
      {
        "Item1": "http://cloud-3.steamusercontent.com/ugc/781859262301397823/8AFDF3A837114301F1330792C9AFA80CD6EE7E44/",
        "Item2": "A Mothers Love - Act 1 - Abes Log"
      },
      {
        "Item1": "http://cloud-3.steamusercontent.com/ugc/781859262304567652/5BB6B8AE07399C1761C7F9D255B02F2B3BBEC08A/",
        "Item2": "A Mothers Love - Act 1 - Betrayal"
      },
      {
        "Item1": "http://cloud-3.steamusercontent.com/ugc/781859262301400619/1C11D1757B70A0B6273635593A0E8CEAD1C29B6D/",
        "Item2": "A Mothers Love - Act 1 - After Action Report"
      },
      {
        "Item1": "http://cloud-3.steamusercontent.com/ugc/781859262304572613/DB0203511C39AF5DECB282025789B1C6DF401B37/",
        "Item2": "A Mothers Love - Act 2 - Abes Log"
      },
      {
        "Item1": "http://cloud-3.steamusercontent.com/ugc/781859262304574505/45AE8B9626CEC8232AE9FCBC6943EF529B05E320/",
        "Item2": "A Mothers Love - Act 2 - TheNursery"
      },
      {
        "Item1": "http://cloud-3.steamusercontent.com/ugc/781859262304573378/3D5D74834604F2B77237255D92BF489A76C26F8A/",
        "Item2": "A Mothers Love - Act 2 - After Action Report"
      },
      {
        "Item1": "http://cloud-3.steamusercontent.com/ugc/781859262304578756/C00FE19A4A2E8A4ADBE85D46B6051B275A80E901/",
        "Item2": "A Mothers Love - Act 3 - Abes Log"
      },
      {
        "Item1": "http://cloud-3.steamusercontent.com/ugc/781859262301391408/CA1697BC46999F99D8E6507304CB79E4EE753FB8/",
        "Item2": "A Mother's Love - Act 3 - Mother of the Infinite"
      },
      {
        "Item1": "http://cloud-3.steamusercontent.com/ugc/781859262304579208/9BF9B762E7C39B010097732582D6E86D97427942/",
        "Item2": "A Mothers Love - Act 3 - After Action Report"
      },
      {
        "Item1": "http://cloud-3.steamusercontent.com/ugc/781859262304594578/DAAB2024175C609927E619C31C00185409E0A5C6/",
        "Item2": "Follow the Moon - Mission Briefing"
      },
      {
        "Item1": "http://cloud-3.steamusercontent.com/ugc/781859262304582721/8FF7F5EF0BC8A8EB51DBEA5ADEE83513E6EEFE94/",
        "Item2": "Follow the Moon - Act 1 - Abes Log"
      },
      {
        "Item1": "http://cloud-3.steamusercontent.com/ugc/781859262304584279/15B1C0184420B67E8B876BEDA82DB11769378FFD/",
        "Item2": "Follow the Moon - Act 1 - What Lies Beneath"
      },
      {
        "Item1": "http://cloud-3.steamusercontent.com/ugc/781859262304583451/B6ABDAA7DA2190A2B29AF758C1F237C28A19E0AD/",
        "Item2": "Follow the Moon - Act 1 - After Action Report"
      },
      {
        "Item1": "http://cloud-3.steamusercontent.com/ugc/781859262304586962/F4EFB96C532E275A5ABD3326ACBC0F160598CAC5/",
        "Item2": "Follow the Moon - Act 2 - Abes Log"
      },
      {
        "Item1": "http://cloud-3.steamusercontent.com/ugc/781859262304588284/0053B28857E70B90E6E5E5BFCD570A96C8D51E97/",
        "Item2": "Follow the Moon - Act 2 - Gateway"
      },
      {
        "Item1": "http://cloud-3.steamusercontent.com/ugc/781859262304587431/EBF6E9EE36F2D837BCE31865716400CF633D7B15/",
        "Item2": "Follow the Moon - Act 2 - After Action Report"
      },
      {
        "Item1": "http://cloud-3.steamusercontent.com/ugc/781859262304590671/A79755EEFE21C8DAD9986326B780808207D9A011/",
        "Item2": "Follow the Moon - Act 3 - Abes Log"
      },
      {
        "Item1": "http://cloud-3.steamusercontent.com/ugc/781859262304592388/1D2E56553743616DF94E175718926418CC9F25AE/",
        "Item2": "Follow the Moon - Act 3 - Blue Moon"
      },
      {
        "Item1": "http://cloud-3.steamusercontent.com/ugc/781859262304591489/FB85A75E238F4858576D3FBB340C58540B1B4B54/",
        "Item2": "Follow the Moon - Act 3 - After Action Report"
      }
    ]
  },
  "Grid": {
    "Type": 0,
    "Lines": false,
    "Color": {
      "r": 0.0,
      "g": 0.0,
      "b": 0.0
    },
    "Opacity": 0.75,
    "ThickLines": false,
    "Snapping": false,
    "Offset": false,
    "BothSnapping": false,
    "xSize": 2.0,
    "ySize": 2.0,
    "PosOffset": {
      "x": 0.0,
      "y": 1.0,
      "z": 0.0
    }
  },
  "Lighting": {
    "LightIntensity": 0.54,
    "LightColor": {
      "r": 1.0,
      "g": 0.9804,
      "b": 0.8902
    },
    "AmbientIntensity": 1.3,
    "AmbientType": 0,
    "AmbientSkyColor": {
      "r": 0.5,
      "g": 0.5,
      "b": 0.5
    },
    "AmbientEquatorColor": {
      "r": 0.5,
      "g": 0.5,
      "b": 0.5
    },
    "AmbientGroundColor": {
      "r": 0.5,
      "g": 0.5,
      "b": 0.5
    },
    "ReflectionIntensity": 1.0,
    "LutIndex": 0,
    "LutContribution": 1.0
  },
  "Hands": {
    "Enable": true,
    "DisableUnused": false,
    "Hiding": 0,
    "HandTransforms": [
      {
        "Color": "Red",
        "Transform": {
          "posX": -13.6426716,
          "posY": 3.56911278,
          "posZ": -7.487754,
          "rotX": 0.0,
          "rotY": 60.0000038,
          "rotZ": 0.0,
          "scaleX": 10.2682619,
          "scaleY": 6.63399267,
          "scaleZ": 4.89333725
        }
      },
      {
        "Color": "Yellow",
        "Transform": {
          "posX": -13.3167057,
          "posY": 3.56911516,
          "posZ": 8.302076,
          "rotX": 0.0,
          "rotY": 120.000015,
          "rotZ": 0.0,
          "scaleX": 10.2685337,
          "scaleY": 6.63399267,
          "scaleZ": 4.89333439
        }
      },
      {
        "Color": "Blue",
        "Transform": {
          "posX": 13.5727339,
          "posY": 3.56925,
          "posZ": 7.74872828,
          "rotX": -1.14952991E-05,
          "rotY": 240.000031,
          "rotZ": 1.30802428E-05,
          "scaleX": 10.26856,
          "scaleY": 6.63399267,
          "scaleZ": 4.89346075
        }
      },
      {
        "Color": "White",
        "Transform": {
          "posX": -5.29289246E-05,
          "posY": 3.56917858,
          "posZ": -15.5329695,
          "rotX": 2.5444431E-14,
          "rotY": 1.70754709E-06,
          "rotZ": -1.70754709E-06,
          "scaleX": 10.2680635,
          "scaleY": 6.63399267,
          "scaleZ": 4.893328
        }
      },
      {
        "Color": "Green",
        "Transform": {
          "posX": 0.00137519836,
          "posY": 3.56916618,
          "posZ": 15.5944252,
          "rotX": 0.0,
          "rotY": 180.0,
          "rotZ": 0.0,
          "scaleX": 10.2684507,
          "scaleY": 6.63399267,
          "scaleZ": 4.893511
        }
      },
      {
        "Color": "Pink",
        "Transform": {
          "posX": 13.6821442,
          "posY": 3.56925488,
          "posZ": -7.407738,
          "rotX": 0.0,
          "rotY": 299.999969,
          "rotZ": 0.0,
          "scaleX": 10.2682209,
          "scaleY": 6.63399267,
          "scaleZ": 4.893212
        }
      }
    ]
  },
  "Turns": {
    "Enable": false,
    "Type": 0,
    "TurnOrder": [],
    "Reverse": false,
    "SkipEmpty": false,
    "DisableInteractions": false,
    "PassTurns": true,
    "TurnColor": ""
  },
  "TabStates": {
    "0": {
      "title": "Rules",
      "body": "[u][b]DOMINOES:[/b][/u]\n\nThis is a basic ruleset for dominoes of 28 and up to double sixes. You can spawn additional dominoes if you need them and can search online for other ways to play dominoes as there are many variations out there!\n\n[b]GAME OBJECTIVE:[/b]\nUp to four people can play dominoes. If Four are playing, each person can play individually or you can group into two teams.\n\n[b]HOW TO PLAY:[/b]\nThe 28 tiles are shuffled face down. Each player draws seven tiles. The middle of the table is the playing area, so you may need to move the rest of the pieces aside after drawing. Move your pieces into your playing hand so that they remain hidden to everyone but yourself.  Every player can see how many tiles remain in the other players' hands at all times during gameplay. One player begins by playing the first tile. You can choose how to begin, but usually the person with the highest doubles (ie. double sixes), goes first. \n\nThe second player tries to put a domino on the table that matches one side of what's already there. If a player cannot go, the player picks one domino from the pile and skips that turn. The chain of the played dominoes develops randomly, and can look a lot like a snake.\nContinue taking turns putting dominoes on the board (or picking one from the pile if you cannot go) until someone wins. In regular dominoes, the best strategy is to get rid of doubles first.\n\n[b]WINNING:[/b]\nThe winner is the first person to get rid of all of their dominoes. But if no one can go out, then the person with the fewest dominos left is the winner.\n\nPlease note that these Notepad are one in many out there, but this is a good starting point for one way to play the game. If you’d like to find other ways to play, you can search online. [b]Have fun![/b]\n",
      "color": "Grey",
      "visibleColor": {
        "r": 0.5,
        "g": 0.5,
        "b": 0.5
      },
      "id": 0
    },
    "1": {
      "title": "White",
      "body": "",
      "color": "White",
      "visibleColor": {
        "r": 1.0,
        "g": 1.0,
        "b": 1.0
      },
      "id": 1
    },
    "2": {
      "title": "Brown",
      "body": "",
      "color": "Brown",
      "visibleColor": {
        "r": 0.443,
        "g": 0.231,
        "b": 0.09
      },
      "id": 2
    },
    "3": {
      "title": "Red",
      "body": "",
      "color": "Red",
      "visibleColor": {
        "r": 0.856,
        "g": 0.1,
        "b": 0.094
      },
      "id": 3
    },
    "4": {
      "title": "Orange",
      "body": "",
      "color": "Orange",
      "visibleColor": {
        "r": 0.956,
        "g": 0.392,
        "b": 0.113
      },
      "id": 4
    },
    "5": {
      "title": "Yellow",
      "body": "",
      "color": "Yellow",
      "visibleColor": {
        "r": 0.905,
        "g": 0.898,
        "b": 0.172
      },
      "id": 5
    },
    "6": {
      "title": "Green",
      "body": "",
      "color": "Green",
      "visibleColor": {
        "r": 0.192,
        "g": 0.701,
        "b": 0.168
      },
      "id": 6
    },
    "7": {
      "title": "Blue",
      "body": "",
      "color": "Blue",
      "visibleColor": {
        "r": 0.118,
        "g": 0.53,
        "b": 1.0
      },
      "id": 7
    },
    "8": {
      "title": "Teal",
      "body": "",
      "color": "Teal",
      "visibleColor": {
        "r": 0.129,
        "g": 0.694,
        "b": 0.607
      },
      "id": 8
    },
    "9": {
      "title": "Purple",
      "body": "",
      "color": "Purple",
      "visibleColor": {
        "r": 0.627,
        "g": 0.125,
        "b": 0.941
      },
      "id": 9
    },
    "10": {
      "title": "Pink",
      "body": "",
      "color": "Pink",
      "visibleColor": {
        "r": 0.96,
        "g": 0.439,
        "b": 0.807
      },
      "id": 10
    },
    "11": {
      "title": "Black",
      "body": "",
      "color": "Black",
      "visibleColor": {
        "r": 0.25,
        "g": 0.25,
        "b": 0.25
      },
      "id": 11
    }
  },
  "DecalPallet": [],
  "LuaScript": "--[[ Lua code. See documentation: https://api.tabletopsimulator.com/ --]]\n\n--[[ The onLoad event is called after the game save finishes loading. --]]\nfunction onLoad()\n    --[[ print('onLoad!') --]]\nend\n\n--[[ The onUpdate event is called once per frame. --]]\nfunction onUpdate()\n    --[[ print('onUpdate loop!') --]]\nend",
  "LuaScriptState": "",
  "XmlUI": "<!-- Xml UI. See documentation: https://api.tabletopsimulator.com/ui/introUI/ -->",
  "ObjectStates": [
    {
      "GUID": "01aae0",
      "Name": "Card",
      "Transform": {
        "posX": 0.0214987341,
        "posY": 1.08007443,
        "posZ": 0.00711315544,
        "rotX": 0.000376712327,
        "rotY": 180.03067,
        "rotZ": 179.997482,
        "scaleX": 2.6721,
        "scaleY": 1.0,
        "scaleZ": 2.6721
      },
      "Nickname": "",
      "Description": "",
      "GMNotes": "",
      "ColorDiffuse": {
        "r": 0.713235259,
        "g": 0.713235259,
        "b": 0.713235259
      },
      "LayoutGroupSortIndex": 0,
      "Locked": false,
      "Grid": false,
      "Snap": false,
      "IgnoreFoW": false,
      "MeasureMovement": false,
      "DragSelectable": true,
      "Autoraise": true,
      "Sticky": true,
      "Tooltip": false,
      "GridProjection": false,
      "HideWhenFaceDown": false,
      "Hands": false,
      "CardID": 7700,
      "SidewaysCard": false,
      "CustomDeck": {
        "77": {
          "FaceURL": "https://i.imgur.com/lmlwEhO.jpg",
          "BackURL": "https://i.imgur.com/lmlwEhO.jpg",
          "NumWidth": 10,
          "NumHeight": 4,
          "BackIsHidden": false,
          "UniqueBack": false,
          "Type": 0
        }
      },
      "LuaScript": "",
      "LuaScriptState": "",
      "XmlUI": "",
      "ChildObjects": [
        {
          "GUID": "a650cb",
          "Name": "Card",
          "Transform": {
            "posX": 0.000470814528,
            "posY": -5.09720325,
            "posZ": 1.49386179,
            "rotX": 270.0,
            "rotY": 0.0118558481,
            "rotZ": 0.0,
            "scaleX": 1.01044142,
            "scaleY": 0.02432544,
            "scaleZ": 3.84615469
          },
          "Nickname": "",
          "Description": "",
          "GMNotes": "",
          "ColorDiffuse": {
            "r": 0.713235259,
            "g": 0.713235259,
            "b": 0.713235259
          },
          "LayoutGroupSortIndex": 0,
          "Locked": true,
          "Grid": true,
          "Snap": true,
          "IgnoreFoW": false,
          "MeasureMovement": false,
          "DragSelectable": true,
          "Autoraise": true,
          "Sticky": true,
          "Tooltip": true,
          "GridProjection": false,
          "HideWhenFaceDown": true,
          "Hands": true,
          "CardID": 7700,
          "SidewaysCard": false,
          "CustomDeck": {
            "77": {
              "FaceURL": "https://i.imgur.com/lmlwEhO.jpg",
              "BackURL": "https://i.imgur.com/lmlwEhO.jpg",
              "NumWidth": 10,
              "NumHeight": 4,
              "BackIsHidden": false,
              "UniqueBack": false,
              "Type": 0
            }
          },
          "LuaScript": "",
          "LuaScriptState": "",
          "XmlUI": ""
        },
        {
          "GUID": "73db87",
          "Name": "Card",
          "Transform": {
            "posX": 1.00479269,
            "posY": -4.154255,
            "posZ": -4.03297745E-05,
            "rotX": 270.0,
            "rotY": 90.00245,
            "rotZ": 0.0,
            "scaleX": 1.50767386,
            "scaleY": 0.0283791274,
            "scaleZ": 3.8461566
          },
          "Nickname": "",
          "Description": "",
          "GMNotes": "",
          "ColorDiffuse": {
            "r": 0.713235259,
            "g": 0.713235259,
            "b": 0.713235259
          },
          "LayoutGroupSortIndex": 0,
          "Locked": true,
          "Grid": true,
          "Snap": true,
          "IgnoreFoW": false,
          "MeasureMovement": false,
          "DragSelectable": true,
          "Autoraise": true,
          "Sticky": true,
          "Tooltip": true,
          "GridProjection": false,
          "HideWhenFaceDown": true,
          "Hands": true,
          "CardID": 7700,
          "SidewaysCard": false,
          "CustomDeck": {
            "77": {
              "FaceURL": "https://i.imgur.com/lmlwEhO.jpg",
              "BackURL": "https://i.imgur.com/lmlwEhO.jpg",
              "NumWidth": 10,
              "NumHeight": 4,
              "BackIsHidden": false,
              "UniqueBack": false,
              "Type": 0
            }
          },
          "LuaScript": "",
          "LuaScriptState": "",
          "XmlUI": ""
        },
        {
          "GUID": "72ebca",
          "Name": "Card",
          "Transform": {
            "posX": -1.02182126,
            "posY": -4.15343142,
            "posZ": 0.000107337873,
            "rotX": 270.0,
            "rotY": 89.9964142,
            "rotZ": 0.0,
            "scaleX": 1.50767362,
            "scaleY": 0.0283791237,
            "scaleZ": 3.84615612
          },
          "Nickname": "",
          "Description": "",
          "GMNotes": "",
          "ColorDiffuse": {
            "r": 0.713235259,
            "g": 0.713235259,
            "b": 0.713235259
          },
          "LayoutGroupSortIndex": 0,
          "Locked": true,
          "Grid": true,
          "Snap": true,
          "IgnoreFoW": false,
          "MeasureMovement": false,
          "DragSelectable": true,
          "Autoraise": true,
          "Sticky": true,
          "Tooltip": true,
          "GridProjection": false,
          "HideWhenFaceDown": true,
          "Hands": true,
          "CardID": 7700,
          "SidewaysCard": false,
          "CustomDeck": {
            "77": {
              "FaceURL": "https://i.imgur.com/lmlwEhO.jpg",
              "BackURL": "https://i.imgur.com/lmlwEhO.jpg",
              "NumWidth": 10,
              "NumHeight": 4,
              "BackIsHidden": false,
              "UniqueBack": false,
              "Type": 0
            }
          },
          "LuaScript": "",
          "LuaScriptState": "",
          "XmlUI": ""
        },
        {
          "GUID": "2c62fb",
          "Name": "Card",
          "Transform": {
            "posX": 0.000354805816,
            "posY": -4.92546368,
            "posZ": -1.5107125,
            "rotX": 270.0,
            "rotY": 0.0118558481,
            "rotZ": 0.0,
            "scaleX": 1.01044142,
            "scaleY": 0.02432544,
            "scaleZ": 3.84615469
          },
          "Nickname": "",
          "Description": "",
          "GMNotes": "",
          "ColorDiffuse": {
            "r": 0.713235259,
            "g": 0.713235259,
            "b": 0.713235259
          },
          "LayoutGroupSortIndex": 0,
          "Locked": true,
          "Grid": true,
          "Snap": true,
          "IgnoreFoW": false,
          "MeasureMovement": false,
          "DragSelectable": true,
          "Autoraise": true,
          "Sticky": true,
          "Tooltip": true,
          "GridProjection": false,
          "HideWhenFaceDown": true,
          "Hands": true,
          "CardID": 7700,
          "SidewaysCard": false,
          "CustomDeck": {
            "77": {
              "FaceURL": "https://i.imgur.com/lmlwEhO.jpg",
              "BackURL": "https://i.imgur.com/lmlwEhO.jpg",
              "NumWidth": 10,
              "NumHeight": 4,
              "BackIsHidden": false,
              "UniqueBack": false,
              "Type": 0
            }
          },
          "LuaScript": "",
          "LuaScriptState": "",
          "XmlUI": ""
        }
      ]
    },
    {
      "GUID": "33ac51",
      "Name": "Die_6",
      "Transform": {
        "posX": -0.3391435,
        "posY": 1.4818244,
        "posZ": 0.194636777,
        "rotX": 90.0,
        "rotY": 9.568243,
        "rotZ": 0.0,
        "scaleX": 1.0,
        "scaleY": 1.0,
        "scaleZ": 1.0
      },
      "Nickname": "",
      "Description": "",
      "GMNotes": "",
      "ColorDiffuse": {
        "r": 1.0,
        "g": 1.0,
        "b": 1.0
      },
      "LayoutGroupSortIndex": 0,
      "Locked": false,
      "Grid": true,
      "Snap": true,
      "IgnoreFoW": false,
      "MeasureMovement": false,
      "DragSelectable": true,
      "Autoraise": true,
      "Sticky": true,
      "Tooltip": true,
      "GridProjection": false,
      "HideWhenFaceDown": false,
      "Hands": false,
      "MaterialIndex": 0,
      "LuaScript": "",
      "LuaScriptState": "",
      "XmlUI": "",
      "RotationValues": [
        {
          "Value": 1,
          "Rotation": {
            "x": -90.0,
            "y": 0.0,
            "z": 0.0
          }
        },
        {
          "Value": 2,
          "Rotation": {
            "x": 0.0,
            "y": 0.0,
            "z": 0.0
          }
        },
        {
          "Value": 3,
          "Rotation": {
            "x": 0.0,
            "y": 0.0,
            "z": -90.0
          }
        },
        {
          "Value": 4,
          "Rotation": {
            "x": 0.0,
            "y": 0.0,
            "z": 90.0
          }
        },
        {
          "Value": 5,
          "Rotation": {
            "x": 0.0,
            "y": 0.0,
            "z": -180.0
          }
        },
        {
          "Value": 6,
          "Rotation": {
            "x": 90.0,
            "y": 0.0,
            "z": 0.0
          }
        }
      ]
    },
    {
      "GUID": "97a9ed",
      "Name": "Die_6",
      "Transform": {
        "posX": 0.9350637,
        "posY": 1.4810828,
        "posZ": -0.270656943,
        "rotX": -0.002359094,
        "rotY": 77.34137,
        "rotZ": 179.995911,
        "scaleX": 1.0,
        "scaleY": 1.0,
        "scaleZ": 1.0
      },
      "Nickname": "",
      "Description": "",
      "GMNotes": "",
      "ColorDiffuse": {
        "r": 1.0,
        "g": 1.0,
        "b": 1.0
      },
      "LayoutGroupSortIndex": 0,
      "Locked": false,
      "Grid": true,
      "Snap": true,
      "IgnoreFoW": false,
      "MeasureMovement": false,
      "DragSelectable": true,
      "Autoraise": true,
      "Sticky": true,
      "Tooltip": true,
      "GridProjection": false,
      "HideWhenFaceDown": false,
      "Hands": false,
      "MaterialIndex": 0,
      "LuaScript": "",
      "LuaScriptState": "",
      "XmlUI": "",
      "RotationValues": [
        {
          "Value": 1,
          "Rotation": {
            "x": -90.0,
            "y": 0.0,
            "z": 0.0
          }
        },
        {
          "Value": 2,
          "Rotation": {
            "x": 0.0,
            "y": 0.0,
            "z": 0.0
          }
        },
        {
          "Value": 3,
          "Rotation": {
            "x": 0.0,
            "y": 0.0,
            "z": -90.0
          }
        },
        {
          "Value": 4,
          "Rotation": {
            "x": 0.0,
            "y": 0.0,
            "z": 90.0
          }
        },
        {
          "Value": 5,
          "Rotation": {
            "x": 0.0,
            "y": 0.0,
            "z": -180.0
          }
        },
        {
          "Value": 6,
          "Rotation": {
            "x": 90.0,
            "y": 0.0,
            "z": 0.0
          }
        }
      ]
    },
    {
      "GUID": "c07f30",
      "Name": "Die_6",
      "Transform": {
        "posX": 0.9900003,
        "posY": 1.48199,
        "posZ": 2.54983425,
        "rotX": -0.001412408,
        "rotY": 106.172668,
        "rotZ": 179.995346,
        "scaleX": 1.0,
        "scaleY": 1.0,
        "scaleZ": 1.0
      },
      "Nickname": "",
      "Description": "",
      "GMNotes": "",
      "ColorDiffuse": {
        "r": 1.0,
        "g": 1.0,
        "b": 1.0
      },
      "LayoutGroupSortIndex": 0,
      "Locked": false,
      "Grid": true,
      "Snap": true,
      "IgnoreFoW": false,
      "MeasureMovement": false,
      "DragSelectable": true,
      "Autoraise": true,
      "Sticky": true,
      "Tooltip": true,
      "GridProjection": false,
      "HideWhenFaceDown": false,
      "Hands": false,
      "MaterialIndex": 0,
      "LuaScript": "",
      "LuaScriptState": "",
      "XmlUI": "",
      "RotationValues": [
        {
          "Value": 1,
          "Rotation": {
            "x": -90.0,
            "y": 0.0,
            "z": 0.0
          }
        },
        {
          "Value": 2,
          "Rotation": {
            "x": 0.0,
            "y": 0.0,
            "z": 0.0
          }
        },
        {
          "Value": 3,
          "Rotation": {
            "x": 0.0,
            "y": 0.0,
            "z": -90.0
          }
        },
        {
          "Value": 4,
          "Rotation": {
            "x": 0.0,
            "y": 0.0,
            "z": 90.0
          }
        },
        {
          "Value": 5,
          "Rotation": {
            "x": 0.0,
            "y": 0.0,
            "z": -180.0
          }
        },
        {
          "Value": 6,
          "Rotation": {
            "x": 90.0,
            "y": 0.0,
            "z": 0.0
          }
        }
      ]
    },
    {
      "GUID": "914262",
      "Name": "Die_6_Rounded",
      "Transform": {
        "posX": -1.33209789,
        "posY": 1.50070167,
        "posZ": 1.00278378,
        "rotX": 270.019775,
        "rotY": 198.604324,
        "rotZ": 0.0,
        "scaleX": 1.0,
        "scaleY": 1.0,
        "scaleZ": 1.0
      },
      "Nickname": "",
      "Description": "",
      "GMNotes": "",
      "ColorDiffuse": {
        "r": 0.0,
        "g": 0.4235294,
        "b": 0.996078432
      },
      "LayoutGroupSortIndex": 0,
      "Locked": false,
      "Grid": true,
      "Snap": true,
      "IgnoreFoW": false,
      "MeasureMovement": false,
      "DragSelectable": true,
      "Autoraise": true,
      "Sticky": true,
      "Tooltip": true,
      "GridProjection": false,
      "HideWhenFaceDown": false,
      "Hands": false,
      "MaterialIndex": 3,
      "LuaScript": "",
      "LuaScriptState": "",
      "XmlUI": "",
      "RotationValues": [
        {
          "Value": 1,
          "Rotation": {
            "x": 0.0,
            "y": 0.0,
            "z": 0.0
          }
        },
        {
          "Value": 2,
          "Rotation": {
            "x": 90.0,
            "y": 0.0,
            "z": 0.0
          }
        },
        {
          "Value": 3,
          "Rotation": {
            "x": 0.0,
            "y": 0.0,
            "z": 90.0
          }
        },
        {
          "Value": 4,
          "Rotation": {
            "x": 0.0,
            "y": 0.0,
            "z": -90.0
          }
        },
        {
          "Value": 5,
          "Rotation": {
            "x": -90.0,
            "y": 0.0,
            "z": 0.0
          }
        },
        {
          "Value": 6,
          "Rotation": {
            "x": 0.0,
            "y": 0.0,
            "z": -180.0
          }
        }
      ]
    },
    {
      "GUID": "0f1432",
      "Name": "Die_6_Rounded",
      "Transform": {
        "posX": -1.28991008,
        "posY": 1.49993551,
        "posZ": -1.41850412,
        "rotX": 0.01657943,
        "rotY": 203.555878,
        "rotZ": 270.004181,
        "scaleX": 1.0,
        "scaleY": 1.0,
        "scaleZ": 1.0
      },
      "Nickname": "",
      "Description": "",
      "GMNotes": "",
      "ColorDiffuse": {
        "r": 0.0552372038,
        "g": 0.7794118,
        "b": 0.0
      },
      "LayoutGroupSortIndex": 0,
      "Locked": false,
      "Grid": true,
      "Snap": true,
      "IgnoreFoW": false,
      "MeasureMovement": false,
      "DragSelectable": true,
      "Autoraise": true,
      "Sticky": true,
      "Tooltip": true,
      "GridProjection": false,
      "HideWhenFaceDown": false,
      "Hands": false,
      "MaterialIndex": 2,
      "LuaScript": "",
      "LuaScriptState": "",
      "XmlUI": "",
      "RotationValues": [
        {
          "Value": 1,
          "Rotation": {
            "x": 0.0,
            "y": 0.0,
            "z": 0.0
          }
        },
        {
          "Value": 2,
          "Rotation": {
            "x": 90.0,
            "y": 0.0,
            "z": 0.0
          }
        },
        {
          "Value": 3,
          "Rotation": {
            "x": 0.0,
            "y": 0.0,
            "z": 90.0
          }
        },
        {
          "Value": 4,
          "Rotation": {
            "x": 0.0,
            "y": 0.0,
            "z": -90.0
          }
        },
        {
          "Value": 5,
          "Rotation": {
            "x": -90.0,
            "y": 0.0,
            "z": 0.0
          }
        },
        {
          "Value": 6,
          "Rotation": {
            "x": 0.0,
            "y": 0.0,
            "z": -180.0
          }
        }
      ]
    },
    {
      "GUID": "c0e3fd",
      "Name": "Die_6_Rounded",
      "Transform": {
        "posX": 0.385518044,
        "posY": 1.5012362,
        "posZ": -2.01391721,
        "rotX": 0.02064657,
        "rotY": 263.4559,
        "rotZ": 179.983124,
        "scaleX": 1.0,
        "scaleY": 1.0,
        "scaleZ": 1.0
      },
      "Nickname": "",
      "Description": "",
      "GMNotes": "",
      "ColorDiffuse": {
        "r": 0.996078432,
        "g": 0.0,
        "b": 0.0
      },
      "LayoutGroupSortIndex": 0,
      "Locked": false,
      "Grid": true,
      "Snap": true,
      "IgnoreFoW": false,
      "MeasureMovement": false,
      "DragSelectable": true,
      "Autoraise": true,
      "Sticky": true,
      "Tooltip": true,
      "GridProjection": false,
      "HideWhenFaceDown": false,
      "Hands": false,
      "MaterialIndex": 1,
      "LuaScript": "",
      "LuaScriptState": "",
      "XmlUI": "",
      "RotationValues": [
        {
          "Value": 1,
          "Rotation": {
            "x": 0.0,
            "y": 0.0,
            "z": 0.0
          }
        },
        {
          "Value": 2,
          "Rotation": {
            "x": 90.0,
            "y": 0.0,
            "z": 0.0
          }
        },
        {
          "Value": 3,
          "Rotation": {
            "x": 0.0,
            "y": 0.0,
            "z": 90.0
          }
        },
        {
          "Value": 4,
          "Rotation": {
            "x": 0.0,
            "y": 0.0,
            "z": -90.0
          }
        },
        {
          "Value": 5,
          "Rotation": {
            "x": -90.0,
            "y": 0.0,
            "z": 0.0
          }
        },
        {
          "Value": 6,
          "Rotation": {
            "x": 0.0,
            "y": 0.0,
            "z": -180.0
          }
        }
      ]
    },
    {
      "GUID": "128569",
      "Name": "Die_20",
      "Transform": {
        "posX": -0.7569574,
        "posY": 1.56940484,
        "posZ": 2.73742247,
        "rotX": 10.7741013,
        "rotY": 290.659027,
        "rotZ": 54.02564,
        "scaleX": 1.0,
        "scaleY": 1.0,
        "scaleZ": 1.0
      },
      "Nickname": "",
      "Description": "",
      "GMNotes": "",
      "ColorDiffuse": {
        "r": 0.7294118,
        "g": 0.125490159,
        "b": 0.125490159
      },
      "LayoutGroupSortIndex": 0,
      "Locked": false,
      "Grid": true,
      "Snap": true,
      "IgnoreFoW": false,
      "MeasureMovement": false,
      "DragSelectable": true,
      "Autoraise": true,
      "Sticky": true,
      "Tooltip": true,
      "GridProjection": false,
      "HideWhenFaceDown": false,
      "Hands": false,
      "MaterialIndex": 0,
      "LuaScript": "",
      "LuaScriptState": "",
      "XmlUI": "",
      "RotationValues": [
        {
          "Value": 1,
          "Rotation": {
            "x": -11.0,
            "y": 60.0,
            "z": 17.0
          }
        },
        {
          "Value": 2,
          "Rotation": {
            "x": 52.0,
            "y": -60.0,
            "z": -17.0
          }
        },
        {
          "Value": 3,
          "Rotation": {
            "x": -11.0,
            "y": -180.0,
            "z": 90.0
          }
        },
        {
          "Value": 4,
          "Rotation": {
            "x": -11.0,
            "y": -180.0,
            "z": 162.0
          }
        },
        {
          "Value": 5,
          "Rotation": {
            "x": -11.0,
            "y": -60.0,
            "z": 234.0
          }
        },
        {
          "Value": 6,
          "Rotation": {
            "x": -11.0,
            "y": -180.0,
            "z": 306.0
          }
        },
        {
          "Value": 7,
          "Rotation": {
            "x": 52.0,
            "y": -60.0,
            "z": 55.0
          }
        },
        {
          "Value": 8,
          "Rotation": {
            "x": 52.0,
            "y": -60.0,
            "z": 198.0
          }
        },
        {
          "Value": 9,
          "Rotation": {
            "x": 52.0,
            "y": -60.0,
            "z": 127.0
          }
        },
        {
          "Value": 10,
          "Rotation": {
            "x": 52.0,
            "y": -180.0,
            "z": -90.0
          }
        },
        {
          "Value": 11,
          "Rotation": {
            "x": 308.0,
            "y": 0.0,
            "z": 90.0
          }
        },
        {
          "Value": 12,
          "Rotation": {
            "x": 306.0,
            "y": -240.0,
            "z": -52.0
          }
        },
        {
          "Value": 13,
          "Rotation": {
            "x": -52.0,
            "y": -240.0,
            "z": 18.0
          }
        },
        {
          "Value": 14,
          "Rotation": {
            "x": 307.0,
            "y": 120.0,
            "z": 233.0
          }
        },
        {
          "Value": 15,
          "Rotation": {
            "x": 11.0,
            "y": 120.0,
            "z": -234.0
          }
        },
        {
          "Value": 16,
          "Rotation": {
            "x": 11.0,
            "y": 0.0,
            "z": 54.0
          }
        },
        {
          "Value": 17,
          "Rotation": {
            "x": 11.0,
            "y": -120.0,
            "z": -17.0
          }
        },
        {
          "Value": 18,
          "Rotation": {
            "x": 11.0,
            "y": 0.0,
            "z": -90.0
          }
        },
        {
          "Value": 19,
          "Rotation": {
            "x": -52.0,
            "y": -240.0,
            "z": -198.0
          }
        },
        {
          "Value": 20,
          "Rotation": {
            "x": 11.0,
            "y": 0.0,
            "z": -162.0
          }
        }
      ]
    },
    {
      "GUID": "1ce608",
      "Name": "Die_20",
      "Transform": {
        "posX": 0.967243969,
        "posY": 1.56993222,
        "posZ": 1.261385,
        "rotX": 52.62286,
        "rotY": 346.783844,
        "rotZ": 342.0056,
        "scaleX": 1.0,
        "scaleY": 1.0,
        "scaleZ": 1.0
      },
      "Nickname": "",
      "Description": "",
      "GMNotes": "",
      "ColorDiffuse": {
        "r": 0.905,
        "g": 0.898,
        "b": 0.171999961
      },
      "LayoutGroupSortIndex": 0,
      "Locked": false,
      "Grid": true,
      "Snap": true,
      "IgnoreFoW": false,
      "MeasureMovement": false,
      "DragSelectable": true,
      "Autoraise": true,
      "Sticky": true,
      "Tooltip": true,
      "GridProjection": false,
      "HideWhenFaceDown": false,
      "Hands": false,
      "MaterialIndex": 0,
      "LuaScript": "",
      "LuaScriptState": "",
      "XmlUI": "",
      "RotationValues": [
        {
          "Value": 1,
          "Rotation": {
            "x": -11.0,
            "y": 60.0,
            "z": 17.0
          }
        },
        {
          "Value": 2,
          "Rotation": {
            "x": 52.0,
            "y": -60.0,
            "z": -17.0
          }
        },
        {
          "Value": 3,
          "Rotation": {
            "x": -11.0,
            "y": -180.0,
            "z": 90.0
          }
        },
        {
          "Value": 4,
          "Rotation": {
            "x": -11.0,
            "y": -180.0,
            "z": 162.0
          }
        },
        {
          "Value": 5,
          "Rotation": {
            "x": -11.0,
            "y": -60.0,
            "z": 234.0
          }
        },
        {
          "Value": 6,
          "Rotation": {
            "x": -11.0,
            "y": -180.0,
            "z": 306.0
          }
        },
        {
          "Value": 7,
          "Rotation": {
            "x": 52.0,
            "y": -60.0,
            "z": 55.0
          }
        },
        {
          "Value": 8,
          "Rotation": {
            "x": 52.0,
            "y": -60.0,
            "z": 198.0
          }
        },
        {
          "Value": 9,
          "Rotation": {
            "x": 52.0,
            "y": -60.0,
            "z": 127.0
          }
        },
        {
          "Value": 10,
          "Rotation": {
            "x": 52.0,
            "y": -180.0,
            "z": -90.0
          }
        },
        {
          "Value": 11,
          "Rotation": {
            "x": 308.0,
            "y": 0.0,
            "z": 90.0
          }
        },
        {
          "Value": 12,
          "Rotation": {
            "x": 306.0,
            "y": -240.0,
            "z": -52.0
          }
        },
        {
          "Value": 13,
          "Rotation": {
            "x": -52.0,
            "y": -240.0,
            "z": 18.0
          }
        },
        {
          "Value": 14,
          "Rotation": {
            "x": 307.0,
            "y": 120.0,
            "z": 233.0
          }
        },
        {
          "Value": 15,
          "Rotation": {
            "x": 11.0,
            "y": 120.0,
            "z": -234.0
          }
        },
        {
          "Value": 16,
          "Rotation": {
            "x": 11.0,
            "y": 0.0,
            "z": 54.0
          }
        },
        {
          "Value": 17,
          "Rotation": {
            "x": 11.0,
            "y": -120.0,
            "z": -17.0
          }
        },
        {
          "Value": 18,
          "Rotation": {
            "x": 11.0,
            "y": 0.0,
            "z": -90.0
          }
        },
        {
          "Value": 19,
          "Rotation": {
            "x": -52.0,
            "y": -240.0,
            "z": -198.0
          }
        },
        {
          "Value": 20,
          "Rotation": {
            "x": 11.0,
            "y": 0.0,
            "z": -162.0
          }
        }
      ]
    },
    {
      "GUID": "43279a",
      "Name": "Die_20",
      "Transform": {
        "posX": -1.49891758,
        "posY": 1.569746,
        "posZ": -2.61664772,
        "rotX": 10.81837,
        "rotY": 294.9533,
        "rotZ": 341.9925,
        "scaleX": 1.0,
        "scaleY": 1.0,
        "scaleZ": 1.0
      },
      "Nickname": "",
      "Description": "",
      "GMNotes": "",
      "ColorDiffuse": {
        "r": 0.5882673,
        "g": 0.420347959,
        "b": 0.629847169
      },
      "LayoutGroupSortIndex": 0,
      "Locked": false,
      "Grid": true,
      "Snap": true,
      "IgnoreFoW": false,
      "MeasureMovement": false,
      "DragSelectable": true,
      "Autoraise": true,
      "Sticky": true,
      "Tooltip": true,
      "GridProjection": false,
      "HideWhenFaceDown": false,
      "Hands": false,
      "MaterialIndex": 0,
      "LuaScript": "",
      "LuaScriptState": "",
      "XmlUI": "",
      "RotationValues": [
        {
          "Value": 1,
          "Rotation": {
            "x": -11.0,
            "y": 60.0,
            "z": 17.0
          }
        },
        {
          "Value": 2,
          "Rotation": {
            "x": 52.0,
            "y": -60.0,
            "z": -17.0
          }
        },
        {
          "Value": 3,
          "Rotation": {
            "x": -11.0,
            "y": -180.0,
            "z": 90.0
          }
        },
        {
          "Value": 4,
          "Rotation": {
            "x": -11.0,
            "y": -180.0,
            "z": 162.0
          }
        },
        {
          "Value": 5,
          "Rotation": {
            "x": -11.0,
            "y": -60.0,
            "z": 234.0
          }
        },
        {
          "Value": 6,
          "Rotation": {
            "x": -11.0,
            "y": -180.0,
            "z": 306.0
          }
        },
        {
          "Value": 7,
          "Rotation": {
            "x": 52.0,
            "y": -60.0,
            "z": 55.0
          }
        },
        {
          "Value": 8,
          "Rotation": {
            "x": 52.0,
            "y": -60.0,
            "z": 198.0
          }
        },
        {
          "Value": 9,
          "Rotation": {
            "x": 52.0,
            "y": -60.0,
            "z": 127.0
          }
        },
        {
          "Value": 10,
          "Rotation": {
            "x": 52.0,
            "y": -180.0,
            "z": -90.0
          }
        },
        {
          "Value": 11,
          "Rotation": {
            "x": 308.0,
            "y": 0.0,
            "z": 90.0
          }
        },
        {
          "Value": 12,
          "Rotation": {
            "x": 306.0,
            "y": -240.0,
            "z": -52.0
          }
        },
        {
          "Value": 13,
          "Rotation": {
            "x": -52.0,
            "y": -240.0,
            "z": 18.0
          }
        },
        {
          "Value": 14,
          "Rotation": {
            "x": 307.0,
            "y": 120.0,
            "z": 233.0
          }
        },
        {
          "Value": 15,
          "Rotation": {
            "x": 11.0,
            "y": 120.0,
            "z": -234.0
          }
        },
        {
          "Value": 16,
          "Rotation": {
            "x": 11.0,
            "y": 0.0,
            "z": 54.0
          }
        },
        {
          "Value": 17,
          "Rotation": {
            "x": 11.0,
            "y": -120.0,
            "z": -17.0
          }
        },
        {
          "Value": 18,
          "Rotation": {
            "x": 11.0,
            "y": 0.0,
            "z": -90.0
          }
        },
        {
          "Value": 19,
          "Rotation": {
            "x": -52.0,
            "y": -240.0,
            "z": -198.0
          }
        },
        {
          "Value": 20,
          "Rotation": {
            "x": 11.0,
            "y": 0.0,
            "z": -162.0
          }
        }
      ]
    }
  ]
}