{
  "SaveName": "Ganz schön clever (That's Pretty Clever)",
  "GameMode": "Ganz schön clever (Pretty Clever)",
  "Date": "4/6/2020 2:24:53 PM",
  "VersionNumber": "v12.3.3",
  "GameType": "",
  "GameComplexity": "",
  "Tags": [],
  "Gravity": 0.5,
  "PlayArea": 0.5,
  "Table": "Table_RPG",
  "Sky": "Sky_Museum",
  "Note": "",
  "Rules": "",
  "Grid": {
    "Type": 0,
    "Lines": false,
    "Color": {
      "r": 0.0,
      "g": 0.0,
      "b": 0.0
    },
    "Opacity": 0.75,
    "ThickLines": false,
    "Snapping": false,
    "Offset": false,
    "BothSnapping": false,
    "xSize": 2.0,
    "ySize": 2.0,
    "PosOffset": {
      "x": 0.0,
      "y": 1.0,
      "z": 0.0
    }
  },
  "Lighting": {
    "LightIntensity": 0.54,
    "LightColor": {
      "r": 1.0,
      "g": 0.9804,
      "b": 0.8902
    },
    "AmbientIntensity": 1.3,
    "AmbientType": 0,
    "AmbientSkyColor": {
      "r": 0.5,
      "g": 0.5,
      "b": 0.5
    },
    "AmbientEquatorColor": {
      "r": 0.5,
      "g": 0.5,
      "b": 0.5
    },
    "AmbientGroundColor": {
      "r": 0.5,
      "g": 0.5,
      "b": 0.5
    },
    "ReflectionIntensity": 1.0,
    "LutIndex": 0,
    "LutContribution": 1.0
  },
  "Hands": {
    "Enable": true,
    "DisableUnused": false,
    "Hiding": 2,
    "HandTransforms": [
      {
        "Color": "Yellow",
        "Transform": {
          "posX": -30.2150211,
          "posY": 4.854128,
          "posZ": 10.17524,
          "rotX": 0.0,
          "rotY": 90.0,
          "rotZ": 0.0,
          "scaleX": 11.6581945,
          "scaleY": 9.174497,
          "scaleZ": 4.92150259
        }
      },
      {
        "Color": "Red",
        "Transform": {
          "posX": 30.10358,
          "posY": 4.854128,
          "posZ": -8.449126,
          "rotX": 0.0,
          "rotY": 270.0,
          "rotZ": 0.0,
          "scaleX": 11.6581917,
          "scaleY": 9.174497,
          "scaleZ": 4.92150736
        }
      },
      {
        "Color": "Blue",
        "Transform": {
          "posX": 30.25128,
          "posY": 4.854128,
          "posZ": 9.59069252,
          "rotX": 0.0,
          "rotY": 270.0,
          "rotZ": 0.0,
          "scaleX": 11.6581955,
          "scaleY": 9.174497,
          "scaleZ": 4.92150736
        }
      },
      {
        "Color": "Green",
        "Transform": {
          "posX": -30.2140236,
          "posY": 4.49616337,
          "posZ": -9.7472,
          "rotX": 0.0,
          "rotY": 270.4411,
          "rotZ": 0.0,
          "scaleX": 12.9754725,
          "scaleY": 7.0,
          "scaleZ": 5.022424
        }
      }
    ]
  },
  "Turns": {
    "Enable": false,
    "Type": 0,
    "TurnOrder": [],
    "Reverse": false,
    "SkipEmpty": false,
    "DisableInteractions": false,
    "PassTurns": true,
    "TurnColor": ""
  },
  "TabStates": {
    "0": {
      "title": "Rules",
      "body": "Rules at\nhttps://boardgamegeek.com/filepage/163976/pretty-clever-quick-rules-guide",
      "color": "Grey",
      "visibleColor": {
        "r": 0.5,
        "g": 0.5,
        "b": 0.5
      },
      "id": 0
    }
  },
  "DecalPallet": [],
  "LuaScript": "--[[ Lua code. See documentation: https://api.tabletopsimulator.com/ --]]\n\n--[[ The onLoad event is called after the game save finishes loading. --]]\nfunction onLoad()\n    --[[ print('onLoad!') --]]\nend\n\n--[[ The onUpdate event is called once per frame. --]]\nfunction onUpdate()\n    --[[ print('onUpdate loop!') --]]\nend",
  "LuaScriptState": "",
  "XmlUI": "<!-- Xml UI. See documentation: https://api.tabletopsimulator.com/ui/introUI/ -->",
  "ObjectStates": [
    {
      "GUID": "4390c5",
      "Name": "Custom_Board",
      "Transform": {
        "posX": -17.2431469,
        "posY": 1.00412536,
        "posZ": 9.064448,
        "rotX": -1.27998237E-05,
        "rotY": 269.995148,
        "rotZ": -6.80506628E-06,
        "scaleX": 0.750000238,
        "scaleY": 0.750000238,
        "scaleZ": 0.750000238
      },
      "Nickname": "",
      "Description": "",
      "GMNotes": "",
      "ColorDiffuse": {
        "r": 0.7867647,
        "g": 0.7867647,
        "b": 0.7867647
      },
      "LayoutGroupSortIndex": 0,
      "Locked": true,
      "Grid": true,
      "Snap": true,
      "IgnoreFoW": false,
      "MeasureMovement": false,
      "DragSelectable": true,
      "Autoraise": true,
      "Sticky": true,
      "Tooltip": true,
      "GridProjection": false,
      "HideWhenFaceDown": false,
      "Hands": false,
      "CustomImage": {
        "ImageURL": "http://cloud-3.steamusercontent.com/ugc/913547176860445023/3F91761D75B303EB2C9F2179D55531FA5286EABC/",
        "ImageSecondaryURL": "",
        "ImageScalar": 1.0,
        "WidthScale": 0.8616352
      },
      "LuaScript": "",
      "LuaScriptState": "",
      "XmlUI": "",
      "AttachedSnapPoints": [
        {
          "Position": {
            "x": 7.125685,
            "y": 0.5922419,
            "z": -7.28301144
          },
          "Rotation": {
            "x": 6.806155E-06,
            "y": 270.004883,
            "z": -1.27992471E-05
          }
        },
        {
          "Position": {
            "x": 7.082299,
            "y": 0.5922425,
            "z": -5.44233036
          },
          "Rotation": {
            "x": 6.806155E-06,
            "y": 270.004883,
            "z": -1.27992471E-05
          }
        },
        {
          "Position": {
            "x": 7.104995,
            "y": 0.5922424,
            "z": -3.63897038
          },
          "Rotation": {
            "x": 6.806155E-06,
            "y": 270.004883,
            "z": -1.27992471E-05
          }
        }
      ]
    },
    {
      "GUID": "e0a82c",
      "Name": "Custom_Board",
      "Transform": {
        "posX": -17.1038876,
        "posY": 1.00412488,
        "posZ": -9.416608,
        "rotX": -1.42565359E-05,
        "rotY": 270.0041,
        "rotZ": -6.68749362E-06,
        "scaleX": 0.750000238,
        "scaleY": 0.750000238,
        "scaleZ": 0.750000238
      },
      "Nickname": "",
      "Description": "",
      "GMNotes": "",
      "ColorDiffuse": {
        "r": 0.7867647,
        "g": 0.7867647,
        "b": 0.7867647
      },
      "LayoutGroupSortIndex": 0,
      "Locked": true,
      "Grid": true,
      "Snap": true,
      "IgnoreFoW": false,
      "MeasureMovement": false,
      "DragSelectable": true,
      "Autoraise": true,
      "Sticky": true,
      "Tooltip": true,
      "GridProjection": false,
      "HideWhenFaceDown": false,
      "Hands": false,
      "CustomImage": {
        "ImageURL": "http://cloud-3.steamusercontent.com/ugc/913547176860445023/3F91761D75B303EB2C9F2179D55531FA5286EABC/",
        "ImageSecondaryURL": "",
        "ImageScalar": 1.0,
        "WidthScale": 0.8616352
      },
      "LuaScript": "",
      "LuaScriptState": "",
      "XmlUI": "",
      "AttachedSnapPoints": [
        {
          "Position": {
            "x": 7.103888,
            "y": 0.592243433,
            "z": -7.25991249
          },
          "Rotation": {
            "x": 6.68647772E-06,
            "y": 269.9959,
            "z": -1.42570125E-05
          }
        },
        {
          "Position": {
            "x": 7.085339,
            "y": 0.592243552,
            "z": -5.42969275
          },
          "Rotation": {
            "x": 6.68647772E-06,
            "y": 269.9959,
            "z": -1.42570125E-05
          }
        },
        {
          "Position": {
            "x": 7.09158039,
            "y": 0.5922437,
            "z": -3.6265
          },
          "Rotation": {
            "x": 6.68647772E-06,
            "y": 269.9959,
            "z": -1.42570125E-05
          }
        }
      ]
    },
    {
      "GUID": "288902",
      "Name": "Custom_Board",
      "Transform": {
        "posX": 17.1885319,
        "posY": 1.00412536,
        "posZ": 9.163566,
        "rotX": -1.3884006E-05,
        "rotY": 90.00858,
        "rotZ": -4.585226E-06,
        "scaleX": 0.750000238,
        "scaleY": 0.750000238,
        "scaleZ": 0.750000238
      },
      "Nickname": "",
      "Description": "",
      "GMNotes": "",
      "ColorDiffuse": {
        "r": 0.7867647,
        "g": 0.7867647,
        "b": 0.7867647
      },
      "LayoutGroupSortIndex": 0,
      "Locked": true,
      "Grid": true,
      "Snap": true,
      "IgnoreFoW": false,
      "MeasureMovement": false,
      "DragSelectable": true,
      "Autoraise": true,
      "Sticky": true,
      "Tooltip": true,
      "GridProjection": false,
      "HideWhenFaceDown": false,
      "Hands": false,
      "CustomImage": {
        "ImageURL": "http://cloud-3.steamusercontent.com/ugc/913547176860445023/3F91761D75B303EB2C9F2179D55531FA5286EABC/",
        "ImageSecondaryURL": "",
        "ImageScalar": 1.0,
        "WidthScale": 0.8616352
      },
      "LuaScript": "",
      "LuaScriptState": "",
      "XmlUI": "",
      "AttachedSnapPoints": [
        {
          "Position": {
            "x": 7.08729362,
            "y": 0.5922435,
            "z": -7.235563
          },
          "Rotation": {
            "x": -4.58314753E-06,
            "y": 89.9914246,
            "z": 1.388469E-05
          }
        },
        {
          "Position": {
            "x": 7.050299,
            "y": 0.5922435,
            "z": -5.4324913
          },
          "Rotation": {
            "x": -4.58314753E-06,
            "y": 89.9914246,
            "z": 1.388469E-05
          }
        },
        {
          "Position": {
            "x": 7.08919859,
            "y": 0.5922435,
            "z": -3.61188555
          },
          "Rotation": {
            "x": -4.58314753E-06,
            "y": 89.9914246,
            "z": 1.388469E-05
          }
        }
      ]
    },
    {
      "GUID": "f3e2c7",
      "Name": "Custom_Board",
      "Transform": {
        "posX": 17.23159,
        "posY": 1.0041256,
        "posZ": -8.95354748,
        "rotX": -1.96778437E-05,
        "rotY": 90.00656,
        "rotZ": 1.50364735E-06,
        "scaleX": 0.750000238,
        "scaleY": 0.750000238,
        "scaleZ": 0.750000238
      },
      "Nickname": "",
      "Description": "",
      "GMNotes": "",
      "ColorDiffuse": {
        "r": 0.7867647,
        "g": 0.7867647,
        "b": 0.7867647
      },
      "LayoutGroupSortIndex": 0,
      "Locked": true,
      "Grid": true,
      "Snap": true,
      "IgnoreFoW": false,
      "MeasureMovement": false,
      "DragSelectable": true,
      "Autoraise": true,
      "Sticky": true,
      "Tooltip": true,
      "GridProjection": false,
      "HideWhenFaceDown": false,
      "Hands": false,
      "CustomImage": {
        "ImageURL": "http://cloud-3.steamusercontent.com/ugc/913547176860445023/3F91761D75B303EB2C9F2179D55531FA5286EABC/",
        "ImageSecondaryURL": "",
        "ImageScalar": 1.0,
        "WidthScale": 0.8616352
      },
      "LuaScript": "",
      "LuaScriptState": "",
      "XmlUI": "",
      "AttachedSnapPoints": [
        {
          "Position": {
            "x": 7.06033564,
            "y": 0.5922413,
            "z": -7.2364006
          },
          "Rotation": {
            "x": 1.5058979E-06,
            "y": 89.993454,
            "z": 1.96776709E-05
          }
        },
        {
          "Position": {
            "x": 7.05388069,
            "y": 0.5922416,
            "z": -5.417115
          },
          "Rotation": {
            "x": 1.5058979E-06,
            "y": 89.993454,
            "z": 1.96776709E-05
          }
        },
        {
          "Position": {
            "x": 7.07537937,
            "y": 0.5922423,
            "z": -3.60433
          },
          "Rotation": {
            "x": 1.5058979E-06,
            "y": 89.993454,
            "z": 1.96776709E-05
          }
        }
      ]
    },
    {
      "GUID": "246bc1",
      "Name": "Die_6",
      "Transform": {
        "posX": -0.7837205,
        "posY": 1.45530021,
        "posZ": -7.06932163,
        "rotX": -3.41509462E-06,
        "rotY": 293.741455,
        "rotZ": 90.0,
        "scaleX": 1.5,
        "scaleY": 1.5,
        "scaleZ": 1.5
      },
      "Nickname": "",
      "Description": "",
      "GMNotes": "",
      "ColorDiffuse": {
        "r": 1.0,
        "g": 1.0,
        "b": 1.0
      },
      "LayoutGroupSortIndex": 0,
      "Locked": false,
      "Grid": true,
      "Snap": true,
      "IgnoreFoW": false,
      "MeasureMovement": false,
      "DragSelectable": true,
      "Autoraise": true,
      "Sticky": true,
      "Tooltip": true,
      "GridProjection": false,
      "HideWhenFaceDown": false,
      "Hands": false,
      "MaterialIndex": 0,
      "LuaScript": "",
      "LuaScriptState": "",
      "XmlUI": "",
      "RotationValues": [
        {
          "Value": 1,
          "Rotation": {
            "x": -90.0,
            "y": 0.0,
            "z": 0.0
          }
        },
        {
          "Value": 2,
          "Rotation": {
            "x": 0.0,
            "y": 0.0,
            "z": 0.0
          }
        },
        {
          "Value": 3,
          "Rotation": {
            "x": 0.0,
            "y": 0.0,
            "z": -90.0
          }
        },
        {
          "Value": 4,
          "Rotation": {
            "x": 0.0,
            "y": 0.0,
            "z": 90.0
          }
        },
        {
          "Value": 5,
          "Rotation": {
            "x": 0.0,
            "y": 0.0,
            "z": -180.0
          }
        },
        {
          "Value": 6,
          "Rotation": {
            "x": 90.0,
            "y": 0.0,
            "z": 0.0
          }
        }
      ]
    },
    {
      "GUID": "9c0bb5",
      "Name": "Die_6",
      "Transform": {
        "posX": 0.9311861,
        "posY": 1.45529985,
        "posZ": -8.834363,
        "rotX": 3.41509462E-06,
        "rotY": 237.1309,
        "rotZ": 270.0,
        "scaleX": 1.5,
        "scaleY": 1.5,
        "scaleZ": 1.5
      },
      "Nickname": "",
      "Description": "",
      "GMNotes": "",
      "ColorDiffuse": {
        "r": 1.0,
        "g": 0.9915394,
        "b": 0.0
      },
      "LayoutGroupSortIndex": 0,
      "Locked": false,
      "Grid": true,
      "Snap": true,
      "IgnoreFoW": false,
      "MeasureMovement": false,
      "DragSelectable": true,
      "Autoraise": true,
      "Sticky": true,
      "Tooltip": true,
      "GridProjection": false,
      "HideWhenFaceDown": false,
      "Hands": false,
      "MaterialIndex": 0,
      "LuaScript": "",
      "LuaScriptState": "",
      "XmlUI": "",
      "RotationValues": [
        {
          "Value": 1,
          "Rotation": {
            "x": -90.0,
            "y": 0.0,
            "z": 0.0
          }
        },
        {
          "Value": 2,
          "Rotation": {
            "x": 0.0,
            "y": 0.0,
            "z": 0.0
          }
        },
        {
          "Value": 3,
          "Rotation": {
            "x": 0.0,
            "y": 0.0,
            "z": -90.0
          }
        },
        {
          "Value": 4,
          "Rotation": {
            "x": 0.0,
            "y": 0.0,
            "z": 90.0
          }
        },
        {
          "Value": 5,
          "Rotation": {
            "x": 0.0,
            "y": 0.0,
            "z": -180.0
          }
        },
        {
          "Value": 6,
          "Rotation": {
            "x": 90.0,
            "y": 0.0,
            "z": 0.0
          }
        }
      ]
    },
    {
      "GUID": "e02cdb",
      "Name": "Die_6_Rounded",
      "Transform": {
        "posX": 2.568984,
        "posY": 1.48499954,
        "posZ": -13.16906,
        "rotX": 1.70754731E-06,
        "rotY": 218.306564,
        "rotZ": 90.0,
        "scaleX": 1.5,
        "scaleY": 1.5,
        "scaleZ": 1.5
      },
      "Nickname": "",
      "Description": "",
      "GMNotes": "",
      "ColorDiffuse": {
        "r": 0.5025775,
        "g": 0.0379966944,
        "b": 0.5592336
      },
      "LayoutGroupSortIndex": 0,
      "Locked": false,
      "Grid": true,
      "Snap": true,
      "IgnoreFoW": false,
      "MeasureMovement": false,
      "DragSelectable": true,
      "Autoraise": true,
      "Sticky": true,
      "Tooltip": true,
      "GridProjection": false,
      "HideWhenFaceDown": false,
      "Hands": false,
      "MaterialIndex": 0,
      "LuaScript": "",
      "LuaScriptState": "",
      "XmlUI": "",
      "RotationValues": [
        {
          "Value": 1,
          "Rotation": {
            "x": 0.0,
            "y": 0.0,
            "z": 0.0
          }
        },
        {
          "Value": 2,
          "Rotation": {
            "x": 90.0,
            "y": 0.0,
            "z": 0.0
          }
        },
        {
          "Value": 3,
          "Rotation": {
            "x": 0.0,
            "y": 0.0,
            "z": 90.0
          }
        },
        {
          "Value": 4,
          "Rotation": {
            "x": 0.0,
            "y": 0.0,
            "z": -90.0
          }
        },
        {
          "Value": 5,
          "Rotation": {
            "x": -90.0,
            "y": 0.0,
            "z": 0.0
          }
        },
        {
          "Value": 6,
          "Rotation": {
            "x": 0.0,
            "y": 0.0,
            "z": -180.0
          }
        }
      ]
    },
    {
      "GUID": "8f2973",
      "Name": "Die_6_Rounded",
      "Transform": {
        "posX": -1.04062545,
        "posY": 1.48499954,
        "posZ": -9.71934,
        "rotX": 1.19528313E-05,
        "rotY": 117.281204,
        "rotZ": 90.00001,
        "scaleX": 1.5,
        "scaleY": 1.5,
        "scaleZ": 1.5
      },
      "Nickname": "",
      "Description": "",
      "GMNotes": "",
      "ColorDiffuse": {
        "r": 0.09099323,
        "g": 0.6324042,
        "b": 0.0
      },
      "LayoutGroupSortIndex": 0,
      "Locked": false,
      "Grid": true,
      "Snap": true,
      "IgnoreFoW": false,
      "MeasureMovement": false,
      "DragSelectable": true,
      "Autoraise": true,
      "Sticky": true,
      "Tooltip": true,
      "GridProjection": false,
      "HideWhenFaceDown": false,
      "Hands": false,
      "MaterialIndex": 0,
      "LuaScript": "",
      "LuaScriptState": "",
      "XmlUI": "",
      "RotationValues": [
        {
          "Value": 1,
          "Rotation": {
            "x": 0.0,
            "y": 0.0,
            "z": 0.0
          }
        },
        {
          "Value": 2,
          "Rotation": {
            "x": 90.0,
            "y": 0.0,
            "z": 0.0
          }
        },
        {
          "Value": 3,
          "Rotation": {
            "x": 0.0,
            "y": 0.0,
            "z": 90.0
          }
        },
        {
          "Value": 4,
          "Rotation": {
            "x": 0.0,
            "y": 0.0,
            "z": -90.0
          }
        },
        {
          "Value": 5,
          "Rotation": {
            "x": -90.0,
            "y": 0.0,
            "z": 0.0
          }
        },
        {
          "Value": 6,
          "Rotation": {
            "x": 0.0,
            "y": 0.0,
            "z": -180.0
          }
        }
      ]
    },
    {
      "GUID": "9d6fcf",
      "Name": "Die_6_Rounded",
      "Transform": {
        "posX": 0.6584107,
        "posY": 1.48500144,
        "posZ": -11.6337471,
        "rotX": 270.0,
        "rotY": 154.110428,
        "rotZ": 0.0,
        "scaleX": 1.5,
        "scaleY": 1.5,
        "scaleZ": 1.5
      },
      "Nickname": "",
      "Description": "",
      "GMNotes": "",
      "ColorDiffuse": {
        "r": 0.0,
        "g": 0.448992848,
        "b": 0.782229841
      },
      "LayoutGroupSortIndex": 0,
      "Locked": false,
      "Grid": true,
      "Snap": true,
      "IgnoreFoW": false,
      "MeasureMovement": false,
      "DragSelectable": true,
      "Autoraise": true,
      "Sticky": true,
      "Tooltip": true,
      "GridProjection": false,
      "HideWhenFaceDown": false,
      "Hands": false,
      "MaterialIndex": 0,
      "LuaScript": "",
      "LuaScriptState": "",
      "XmlUI": "",
      "RotationValues": [
        {
          "Value": 1,
          "Rotation": {
            "x": 0.0,
            "y": 0.0,
            "z": 0.0
          }
        },
        {
          "Value": 2,
          "Rotation": {
            "x": 90.0,
            "y": 0.0,
            "z": 0.0
          }
        },
        {
          "Value": 3,
          "Rotation": {
            "x": 0.0,
            "y": 0.0,
            "z": 90.0
          }
        },
        {
          "Value": 4,
          "Rotation": {
            "x": 0.0,
            "y": 0.0,
            "z": -90.0
          }
        },
        {
          "Value": 5,
          "Rotation": {
            "x": -90.0,
            "y": 0.0,
            "z": 0.0
          }
        },
        {
          "Value": 6,
          "Rotation": {
            "x": 0.0,
            "y": 0.0,
            "z": -180.0
          }
        }
      ]
    },
    {
      "GUID": "131b25",
      "Name": "reversi_chip",
      "Transform": {
        "posX": 0.145913556,
        "posY": 1.0958432,
        "posZ": -0.133107036,
        "rotX": 1.346741E-08,
        "rotY": 7.34839341E-05,
        "rotZ": -7.27957E-08,
        "scaleX": 4.0,
        "scaleY": 1.0,
        "scaleZ": 6.0
      },
      "Nickname": "",
      "Description": "",
      "GMNotes": "",
      "ColorDiffuse": {
        "r": 0.757352948,
        "g": 0.757352948,
        "b": 0.757352948
      },
      "LayoutGroupSortIndex": 0,
      "Locked": true,
      "Grid": true,
      "Snap": true,
      "IgnoreFoW": false,
      "MeasureMovement": false,
      "DragSelectable": true,
      "Autoraise": true,
      "Sticky": true,
      "Tooltip": true,
      "GridProjection": false,
      "HideWhenFaceDown": false,
      "Hands": false,
      "LuaScript": "",
      "LuaScriptState": "",
      "XmlUI": ""
    },
    {
      "GUID": "b6454a",
      "Name": "Die_6",
      "Transform": {
        "posX": 2.65164137,
        "posY": 1.45529962,
        "posZ": -10.5524263,
        "rotX": 0.0,
        "rotY": 237.130859,
        "rotZ": 270.0,
        "scaleX": 1.5,
        "scaleY": 1.5,
        "scaleZ": 1.5
      },
      "Nickname": "",
      "Description": "",
      "GMNotes": "",
      "ColorDiffuse": {
        "r": 1.0,
        "g": 0.5226338,
        "b": 0.0
      },
      "LayoutGroupSortIndex": 0,
      "Locked": false,
      "Grid": true,
      "Snap": true,
      "IgnoreFoW": false,
      "MeasureMovement": false,
      "DragSelectable": true,
      "Autoraise": true,
      "Sticky": true,
      "Tooltip": true,
      "GridProjection": false,
      "HideWhenFaceDown": false,
      "Hands": false,
      "MaterialIndex": 0,
      "LuaScript": "",
      "LuaScriptState": "",
      "XmlUI": "",
      "RotationValues": [
        {
          "Value": 1,
          "Rotation": {
            "x": -90.0,
            "y": 0.0,
            "z": 0.0
          }
        },
        {
          "Value": 2,
          "Rotation": {
            "x": 0.0,
            "y": 0.0,
            "z": 0.0
          }
        },
        {
          "Value": 3,
          "Rotation": {
            "x": 0.0,
            "y": 0.0,
            "z": -90.0
          }
        },
        {
          "Value": 4,
          "Rotation": {
            "x": 0.0,
            "y": 0.0,
            "z": 90.0
          }
        },
        {
          "Value": 5,
          "Rotation": {
            "x": 0.0,
            "y": 0.0,
            "z": -180.0
          }
        },
        {
          "Value": 6,
          "Rotation": {
            "x": 90.0,
            "y": 0.0,
            "z": 0.0
          }
        }
      ]
    }
  ]
}