{
  "SaveName": "Whirlygig Dice Tower",
  "GameMode": "Sandbox",
  "Date": "5/15/2020 9:58:10 PM",
  "VersionNumber": "v12.3.5",
  "GameType": "",
  "GameComplexity": "",
  "Tags": [],
  "Gravity": 0.5,
  "PlayArea": 0.5,
  "Table": "Table_Hexagon",
  "Sky": "Sky_Museum",
  "Note": "",
  "Rules": "",
  "MusicPlayer": {
    "RepeatSong": false,
    "PlaylistEntry": 20,
    "CurrentAudioTitle": "Awakening",
    "CurrentAudioURL": "http://cloud-3.steamusercontent.com/ugc/792010997184359809/DA27CF611C537C0C6A94893C0330B24358296475/",
    "AudioLibrary": [
      {
        "Item1": "http://cloud-3.steamusercontent.com/ugc/792010997184359809/DA27CF611C537C0C6A94893C0330B24358296475/",
        "Item2": "Awakening"
      },
      {
        "Item1": "http://cloud-3.steamusercontent.com/ugc/792010997184371128/145B47EC47D331B4AE1CB59FDE75E0116E10280D/",
        "Item2": "Calm"
      },
      {
        "Item1": "http://cloud-3.steamusercontent.com/ugc/792010997184371906/F8E4FC7CBD21DD2430F906F77055819AD0474996/",
        "Item2": "Day Travel"
      },
      {
        "Item1": "http://cloud-3.steamusercontent.com/ugc/792010997184374182/B0FF76DCB3D979C6A3A630F45A9FD58E7390D6C6/",
        "Item2": "Death"
      },
      {
        "Item1": "http://cloud-3.steamusercontent.com/ugc/792010997184376716/0407BB616E681D199DDEC384058B3CBF3DD3FEAD/",
        "Item2": "Epilude"
      },
      {
        "Item1": "http://cloud-3.steamusercontent.com/ugc/792010997184379961/314F9E57AF4CF475B86BAF58AD5A006DB16CE86D/",
        "Item2": "Goblin Combat"
      },
      {
        "Item1": "http://cloud-3.steamusercontent.com/ugc/792010997184385296/1A83AFF3AF0959546E8444D9A3F4174BC35E5336/",
        "Item2": "Human Combat 1"
      },
      {
        "Item1": "http://cloud-3.steamusercontent.com/ugc/792010997184387091/0554504FC54BACCAA83CAB542EB33FC41C87346B/",
        "Item2": "Human Combat 2"
      },
      {
        "Item1": "http://cloud-3.steamusercontent.com/ugc/792010997184389261/F753ACB43BA28C799B808388D6A6E4A71BDB78CB/",
        "Item2": "Intrigue"
      },
      {
        "Item1": "http://cloud-3.steamusercontent.com/ugc/792010997184392871/C1ACD1C3E628B836F6DEFF643B618418A339EECC/",
        "Item2": "Map"
      },
      {
        "Item1": "http://cloud-3.steamusercontent.com/ugc/792010997184394727/6212F5FF59B6D980AA95CCF1B06BE32F8DFF3366/",
        "Item2": "Mistique"
      },
      {
        "Item1": "http://cloud-3.steamusercontent.com/ugc/792010997184397131/B462582B327D41981E3A3893AED045C9DFA37D68/",
        "Item2": "Night Travel"
      },
      {
        "Item1": "http://cloud-3.steamusercontent.com/ugc/792010997184398544/F8246EDA891BDFDE3CE9183A139D514F78A582CF/",
        "Item2": "Orc Combat 1"
      },
      {
        "Item1": "http://cloud-3.steamusercontent.com/ugc/792010997184400189/F25ADB6B0FA920C0D9F6A67546DAD85C70C9504E/",
        "Item2": "Orc Combat 2"
      },
      {
        "Item1": "http://cloud-3.steamusercontent.com/ugc/792010997184402108/415A2E2F690E8241A23FBBAFB8D9BAB0D469F8F4/",
        "Item2": "Prelude"
      },
      {
        "Item1": "http://cloud-3.steamusercontent.com/ugc/792010997184404898/8956C1A3A9A41B0F54B4DE400EC76F7723332310/",
        "Item2": "Reflective"
      },
      {
        "Item1": "http://cloud-3.steamusercontent.com/ugc/792010997184406070/21B923240147A1785E49CAE3AFA27C045405694C/",
        "Item2": "Setting Up"
      },
      {
        "Item1": "http://cloud-3.steamusercontent.com/ugc/792010997184407878/A2458FAB2EE78A3AA4B26271485982FA02665FDA/",
        "Item2": "Tension"
      },
      {
        "Item1": "http://cloud-3.steamusercontent.com/ugc/792010997184409426/32FB9FCA1D2DD24CF88150A31E16108CEB21559D/",
        "Item2": "Undead Combat"
      }
    ]
  },
  "Grid": {
    "Type": 0,
    "Lines": false,
    "Color": {
      "r": 0.0,
      "g": 0.0,
      "b": 0.0
    },
    "Opacity": 0.75,
    "ThickLines": false,
    "Snapping": false,
    "Offset": false,
    "BothSnapping": false,
    "xSize": 2.0,
    "ySize": 2.0,
    "PosOffset": {
      "x": 0.0,
      "y": 1.0,
      "z": 0.0
    }
  },
  "Lighting": {
    "LightIntensity": 0.54,
    "LightColor": {
      "r": 1.0,
      "g": 0.9804,
      "b": 0.8902
    },
    "AmbientIntensity": 1.3,
    "AmbientType": 0,
    "AmbientSkyColor": {
      "r": 0.5,
      "g": 0.5,
      "b": 0.5
    },
    "AmbientEquatorColor": {
      "r": 0.5,
      "g": 0.5,
      "b": 0.5
    },
    "AmbientGroundColor": {
      "r": 0.5,
      "g": 0.5,
      "b": 0.5
    },
    "ReflectionIntensity": 1.0,
    "LutIndex": 0,
    "LutContribution": 1.0
  },
  "Hands": {
    "Enable": true,
    "DisableUnused": false,
    "Hiding": 0,
    "HandTransforms": [
      {
        "Color": "Red",
        "Transform": {
          "posX": -13.6426888,
          "posY": 3.57056046,
          "posZ": -7.487813,
          "rotX": 0.0,
          "rotY": 60.0000038,
          "rotZ": 0.0,
          "scaleX": 10.2683058,
          "scaleY": 6.63402176,
          "scaleZ": 4.89336443
        }
      },
      {
        "Color": "Yellow",
        "Transform": {
          "posX": -13.3167419,
          "posY": 3.57056427,
          "posZ": 8.302018,
          "rotX": 0.0,
          "rotY": 120.000015,
          "rotZ": 0.0,
          "scaleX": 10.2686539,
          "scaleY": 6.63402176,
          "scaleZ": 4.89336538
        }
      },
      {
        "Color": "Blue",
        "Transform": {
          "posX": 13.572752,
          "posY": 3.57074451,
          "posZ": 7.74877548,
          "rotX": -4.0643994E-05,
          "rotY": 239.999985,
          "rotZ": -4.7346125E-06,
          "scaleX": 10.26914,
          "scaleY": 6.63402176,
          "scaleZ": 4.89373159
        }
      },
      {
        "Color": "White",
        "Transform": {
          "posX": -7.62939453E-05,
          "posY": 3.57064056,
          "posZ": -15.5330429,
          "rotX": 2.5444431E-14,
          "rotY": 1.70754709E-06,
          "rotZ": -1.70754709E-06,
          "scaleX": 10.2680635,
          "scaleY": 6.63402176,
          "scaleZ": 4.89335155
        }
      },
      {
        "Color": "Green",
        "Transform": {
          "posX": 0.00139808655,
          "posY": 3.57064056,
          "posZ": 15.5944891,
          "rotX": 0.0,
          "rotY": 180.0,
          "rotZ": 0.0,
          "scaleX": 10.2685356,
          "scaleY": 6.63402176,
          "scaleZ": 4.89357233
        }
      },
      {
        "Color": "Pink",
        "Transform": {
          "posX": 13.6821451,
          "posY": 3.5707407,
          "posZ": -7.40775776,
          "rotX": 0.0,
          "rotY": 299.999969,
          "rotZ": 0.0,
          "scaleX": 10.2682133,
          "scaleY": 6.63402176,
          "scaleZ": 4.893212
        }
      }
    ]
  },
  "Turns": {
    "Enable": false,
    "Type": 0,
    "TurnOrder": [],
    "Reverse": false,
    "SkipEmpty": false,
    "DisableInteractions": false,
    "PassTurns": true
  },
  "TabStates": {
    "0": {
      "title": "Rules",
      "body": "",
      "color": "Grey",
      "visibleColor": {
        "r": 0.5,
        "g": 0.5,
        "b": 0.5
      },
      "id": 0
    },
    "1": {
      "title": "White",
      "body": "",
      "color": "White",
      "visibleColor": {
        "r": 1.0,
        "g": 1.0,
        "b": 1.0
      },
      "id": 1
    },
    "2": {
      "title": "Brown",
      "body": "",
      "color": "Brown",
      "visibleColor": {
        "r": 0.443,
        "g": 0.231,
        "b": 0.09
      },
      "id": 2
    },
    "3": {
      "title": "Red",
      "body": "",
      "color": "Red",
      "visibleColor": {
        "r": 0.856,
        "g": 0.1,
        "b": 0.094
      },
      "id": 3
    },
    "4": {
      "title": "Orange",
      "body": "",
      "color": "Orange",
      "visibleColor": {
        "r": 0.956,
        "g": 0.392,
        "b": 0.113
      },
      "id": 4
    },
    "5": {
      "title": "Yellow",
      "body": "",
      "color": "Yellow",
      "visibleColor": {
        "r": 0.905,
        "g": 0.898,
        "b": 0.172
      },
      "id": 5
    },
    "6": {
      "title": "Green",
      "body": "",
      "color": "Green",
      "visibleColor": {
        "r": 0.192,
        "g": 0.701,
        "b": 0.168
      },
      "id": 6
    },
    "7": {
      "title": "Blue",
      "body": "",
      "color": "Blue",
      "visibleColor": {
        "r": 0.118,
        "g": 0.53,
        "b": 1.0
      },
      "id": 7
    },
    "8": {
      "title": "Teal",
      "body": "",
      "color": "Teal",
      "visibleColor": {
        "r": 0.129,
        "g": 0.694,
        "b": 0.607
      },
      "id": 8
    },
    "9": {
      "title": "Purple",
      "body": "",
      "color": "Purple",
      "visibleColor": {
        "r": 0.627,
        "g": 0.125,
        "b": 0.941
      },
      "id": 9
    },
    "10": {
      "title": "Pink",
      "body": "",
      "color": "Pink",
      "visibleColor": {
        "r": 0.96,
        "g": 0.439,
        "b": 0.807
      },
      "id": 10
    },
    "11": {
      "title": "Black",
      "body": "",
      "color": "Black",
      "visibleColor": {
        "r": 0.25,
        "g": 0.25,
        "b": 0.25
      },
      "id": 11
    }
  },
  "DecalPallet": [],
  "LuaScript": "--[[ Lua code. See documentation: https://api.tabletopsimulator.com/ --]]\n\n--[[ The onLoad event is called after the game save finishes loading. --]]\nfunction onLoad()\n    --[[ print('onLoad!') --]]\nend\n\n--[[ The onUpdate event is called once per frame. --]]\nfunction onUpdate()\n    --[[ print('onUpdate loop!') --]]\nend",
  "LuaScriptState": "",
  "XmlUI": "<!-- Xml UI. See documentation: https://api.tabletopsimulator.com/ui/introUI/ -->",
  "ObjectStates": [
    {
      "GUID": "60280a",
      "Name": "BlockSquare",
      "Transform": {
        "posX": -0.184563875,
        "posY": 6.27151632,
        "posZ": 0.3055557,
        "rotX": 36.4988,
        "rotY": 359.075958,
        "rotZ": 180.000015,
        "scaleX": 4.15047359,
        "scaleY": 0.116859436,
        "scaleZ": 2.897465
      },
      "Nickname": "",
      "Description": "",
      "GMNotes": "",
      "ColorDiffuse": {
        "r": 1.0,
        "g": 0.6133832,
        "b": 0.0
      },
      "LayoutGroupSortIndex": 0,
      "Locked": false,
      "Grid": true,
      "Snap": true,
      "IgnoreFoW": false,
      "MeasureMovement": false,
      "DragSelectable": true,
      "Autoraise": true,
      "Sticky": true,
      "Tooltip": true,
      "GridProjection": false,
      "HideWhenFaceDown": false,
      "Hands": false,
      "LuaScript": "",
      "LuaScriptState": "",
      "XmlUI": "",
      "PhysicsMaterial": {
        "StaticFriction": 0.0,
        "DynamicFriction": 0.0,
        "Bounciness": 1.0,
        "FrictionCombine": 0,
        "BounceCombine": 0
      },
      "Rigidbody": {
        "Mass": 0.5,
        "Drag": 0.0,
        "AngularDrag": 0.0,
        "UseGravity": true
      },
      "JointHinge": {
        "UseLimits": false,
        "Limits": {
          "minBounce": 0.0,
          "maxBounce": -4.890722E+22,
          "min": 0.0,
          "max": 0.0,
          "bounciness": 0.0,
          "bounceMinVelocity": 0.2,
          "contactDistance": 0.0
        },
        "UseMotor": false,
        "Motor": {
          "targetVelocity": 0.0,
          "force": 0.0,
          "freeSpin": false
        },
        "UseSpring": false,
        "Spring": {
          "spring": 0.0,
          "damper": 0.0,
          "targetPosition": 0.0
        },
        "ConnectedBodyGUID": "8d8875",
        "EnableCollision": false,
        "Axis": {
          "x": 1.0,
          "y": 0.0,
          "z": 0.0
        },
        "Anchor": {
          "x": 0.0,
          "y": 0.0,
          "z": 0.0
        },
        "ConnectedAnchor": {
          "x": -2.646303,
          "y": -0.1706844,
          "z": 0.007461627
        },
        "BreakForce": "Infinity",
        "BreakTorgue": "Infinity"
      }
    },
    {
      "GUID": "7183cc",
      "Name": "BlockSquare",
      "Transform": {
        "posX": -0.167267337,
        "posY": 10.23921,
        "posZ": -0.1619464,
        "rotX": 30.2615738,
        "rotY": 179.1047,
        "rotZ": 179.999969,
        "scaleX": 4.15047359,
        "scaleY": 0.116859436,
        "scaleZ": 2.897465
      },
      "Nickname": "",
      "Description": "",
      "GMNotes": "",
      "ColorDiffuse": {
        "r": 1.0,
        "g": 0.6133832,
        "b": 0.0
      },
      "LayoutGroupSortIndex": 0,
      "Locked": false,
      "Grid": true,
      "Snap": true,
      "IgnoreFoW": false,
      "MeasureMovement": false,
      "DragSelectable": true,
      "Autoraise": true,
      "Sticky": true,
      "Tooltip": true,
      "GridProjection": false,
      "HideWhenFaceDown": false,
      "Hands": false,
      "LuaScript": "",
      "LuaScriptState": "",
      "XmlUI": "",
      "PhysicsMaterial": {
        "StaticFriction": 0.0,
        "DynamicFriction": 0.0,
        "Bounciness": 1.0,
        "FrictionCombine": 0,
        "BounceCombine": 0
      },
      "Rigidbody": {
        "Mass": 0.5,
        "Drag": 0.0,
        "AngularDrag": 0.0,
        "UseGravity": true
      },
      "JointHinge": {
        "UseLimits": false,
        "Limits": {
          "minBounce": 0.0,
          "maxBounce": -6.05979866E+22,
          "min": 0.0,
          "max": 0.0,
          "bounciness": 0.0,
          "bounceMinVelocity": 0.2,
          "contactDistance": 0.0
        },
        "UseMotor": false,
        "Motor": {
          "targetVelocity": 0.0,
          "force": 0.0,
          "freeSpin": false
        },
        "UseSpring": false,
        "Spring": {
          "spring": 0.0,
          "damper": 0.0,
          "targetPosition": 0.0
        },
        "ConnectedBodyGUID": "8d8875",
        "EnableCollision": true,
        "Axis": {
          "x": 1.0,
          "y": 0.0,
          "z": 0.0
        },
        "Anchor": {
          "x": 0.0,
          "y": 1.0,
          "z": 0.0
        },
        "ConnectedAnchor": {
          "x": -2.63618,
          "y": 0.0698031858,
          "z": -0.05971874
        },
        "BreakForce": "Infinity",
        "BreakTorgue": "Infinity"
      }
    },
    {
      "GUID": "8d8875",
      "Name": "BlockRectangle",
      "Transform": {
        "posX": 2.46212268,
        "posY": 9.015908,
        "posZ": 0.300660968,
        "rotX": 0.000151691173,
        "rotY": 359.1231,
        "rotZ": 3.04397417E-05,
        "scaleX": 1.0,
        "scaleY": 16.07874,
        "scaleZ": 3.04270744
      },
      "Nickname": "",
      "Description": "",
      "GMNotes": "",
      "ColorDiffuse": {
        "r": 0.3745645,
        "g": 0.2770272,
        "b": 0.12333215
      },
      "LayoutGroupSortIndex": 0,
      "Locked": true,
      "Grid": true,
      "Snap": true,
      "IgnoreFoW": false,
      "MeasureMovement": false,
      "DragSelectable": true,
      "Autoraise": true,
      "Sticky": true,
      "Tooltip": true,
      "GridProjection": false,
      "HideWhenFaceDown": false,
      "Hands": false,
      "LuaScript": "",
      "LuaScriptState": "",
      "XmlUI": "",
      "PhysicsMaterial": {
        "StaticFriction": 0.0,
        "DynamicFriction": 0.0,
        "Bounciness": 1.0,
        "FrictionCombine": 0,
        "BounceCombine": 0
      },
      "Rigidbody": {
        "Mass": 2.242756,
        "Drag": 0.1,
        "AngularDrag": 0.1,
        "UseGravity": false
      },
      "ChildObjects": [
        {
          "GUID": "fa95b7",
          "Name": "BlockTriangle",
          "Transform": {
            "posX": -2.55997467,
            "posY": 0.423008949,
            "posZ": 0.000692108355,
            "rotX": 2.11610659E-05,
            "rotY": 269.981049,
            "rotZ": 2.071335E-06,
            "scaleX": 0.2628611,
            "scaleY": 0.15312925,
            "scaleZ": 4.17765
          },
          "Nickname": "",
          "Description": "",
          "GMNotes": "",
          "ColorDiffuse": {
            "r": 0.7176471,
            "g": 0.7176471,
            "b": 0.7294118,
            "a": 0.09851304
          },
          "LayoutGroupSortIndex": 0,
          "Locked": true,
          "Grid": true,
          "Snap": true,
          "IgnoreFoW": false,
          "MeasureMovement": false,
          "DragSelectable": true,
          "Autoraise": true,
          "Sticky": true,
          "Tooltip": true,
          "GridProjection": false,
          "HideWhenFaceDown": false,
          "Hands": false,
          "LuaScript": "",
          "LuaScriptState": "",
          "XmlUI": "",
          "PhysicsMaterial": {
            "StaticFriction": 0.0,
            "DynamicFriction": 0.0,
            "Bounciness": 1.0,
            "FrictionCombine": 0,
            "BounceCombine": 0
          },
          "Rigidbody": {
            "Mass": 1.801417,
            "Drag": 0.1,
            "AngularDrag": 0.1,
            "UseGravity": true
          }
        },
        {
          "GUID": "fa8740",
          "Name": "BlockTriangle",
          "Transform": {
            "posX": -2.631506,
            "posY": 0.209142834,
            "posZ": 0.349931031,
            "rotX": 359.954132,
            "rotY": 269.9111,
            "rotZ": 94.75692,
            "scaleX": 0.150521234,
            "scaleY": 0.536067665,
            "scaleZ": 4.17762756
          },
          "Nickname": "",
          "Description": "",
          "GMNotes": "",
          "ColorDiffuse": {
            "r": 0.7176471,
            "g": 0.7176471,
            "b": 0.7294118,
            "a": 0.09851304
          },
          "LayoutGroupSortIndex": 0,
          "Locked": true,
          "Grid": true,
          "Snap": true,
          "IgnoreFoW": false,
          "MeasureMovement": false,
          "DragSelectable": true,
          "Autoraise": true,
          "Sticky": true,
          "Tooltip": true,
          "GridProjection": false,
          "HideWhenFaceDown": false,
          "Hands": false,
          "LuaScript": "",
          "LuaScriptState": "",
          "XmlUI": "",
          "PhysicsMaterial": {
            "StaticFriction": 0.0,
            "DynamicFriction": 0.0,
            "Bounciness": 1.0,
            "FrictionCombine": 0,
            "BounceCombine": 0
          },
          "Rigidbody": {
            "Mass": 1.535137,
            "Drag": 0.1,
            "AngularDrag": 0.1,
            "UseGravity": true
          }
        },
        {
          "GUID": "79027d",
          "Name": "BlockRectangle",
          "Transform": {
            "posX": -2.6680758,
            "posY": 0.08380017,
            "posZ": 0.479901463,
            "rotX": 0.0,
            "rotY": 0.0,
            "rotZ": -1.81216533E-14,
            "scaleX": 6.24056435,
            "scaleY": 0.8264756,
            "scaleZ": 0.0160111561
          },
          "Nickname": "",
          "Description": "",
          "GMNotes": "",
          "ColorDiffuse": {
            "r": 0.7176471,
            "g": 0.7176471,
            "b": 0.7294118,
            "a": 0.09851304
          },
          "LayoutGroupSortIndex": 0,
          "Locked": true,
          "Grid": true,
          "Snap": true,
          "IgnoreFoW": false,
          "MeasureMovement": false,
          "DragSelectable": true,
          "Autoraise": true,
          "Sticky": true,
          "Tooltip": true,
          "GridProjection": false,
          "HideWhenFaceDown": false,
          "Hands": false,
          "LuaScript": "",
          "LuaScriptState": "",
          "XmlUI": ""
        },
        {
          "GUID": "68d9ed",
          "Name": "BlockTriangle",
          "Transform": {
            "posX": -2.61726928,
            "posY": 0.2441149,
            "posZ": -0.364136666,
            "rotX": 359.954071,
            "rotY": 269.9111,
            "rotZ": 268.5118,
            "scaleX": 0.157216012,
            "scaleY": 0.5546325,
            "scaleZ": 4.17768526
          },
          "Nickname": "",
          "Description": "",
          "GMNotes": "",
          "ColorDiffuse": {
            "r": 0.7176471,
            "g": 0.7176471,
            "b": 0.7294118,
            "a": 0.09851304
          },
          "LayoutGroupSortIndex": 0,
          "Locked": true,
          "Grid": true,
          "Snap": true,
          "IgnoreFoW": false,
          "MeasureMovement": false,
          "DragSelectable": true,
          "Autoraise": true,
          "Sticky": true,
          "Tooltip": true,
          "GridProjection": false,
          "HideWhenFaceDown": false,
          "Hands": false,
          "LuaScript": "",
          "LuaScriptState": "",
          "XmlUI": "",
          "PhysicsMaterial": {
            "StaticFriction": 0.0,
            "DynamicFriction": 0.0,
            "Bounciness": 1.0,
            "FrictionCombine": 0,
            "BounceCombine": 0
          },
          "Rigidbody": {
            "Mass": 1.548774,
            "Drag": 0.1,
            "AngularDrag": 0.1,
            "UseGravity": true
          }
        },
        {
          "GUID": "cc607a",
          "Name": "BlockRectangle",
          "Transform": {
            "posX": -2.6634233,
            "posY": 0.0836132839,
            "posZ": -0.491360247,
            "rotX": 0.0,
            "rotY": 0.0,
            "rotZ": -1.81216533E-14,
            "scaleX": 6.24056435,
            "scaleY": 0.823261,
            "scaleZ": 0.0160111543
          },
          "Nickname": "",
          "Description": "",
          "GMNotes": "",
          "ColorDiffuse": {
            "r": 0.7176471,
            "g": 0.7176471,
            "b": 0.7294118,
            "a": 0.09851304
          },
          "LayoutGroupSortIndex": 0,
          "Locked": true,
          "Grid": true,
          "Snap": true,
          "IgnoreFoW": false,
          "MeasureMovement": false,
          "DragSelectable": true,
          "Autoraise": true,
          "Sticky": true,
          "Tooltip": true,
          "GridProjection": false,
          "HideWhenFaceDown": false,
          "Hands": false,
          "LuaScript": "",
          "LuaScriptState": "",
          "XmlUI": ""
        },
        {
          "GUID": "95a0f0",
          "Name": "BlockRectangle",
          "Transform": {
            "posX": -5.26502228,
            "posY": 0.000301728345,
            "posZ": -0.00944818649,
            "rotX": 0.0,
            "rotY": 0.0,
            "rotZ": -1.81216533E-14,
            "scaleX": 1.0,
            "scaleY": 0.999245644,
            "scaleZ": 1.0
          },
          "Nickname": "",
          "Description": "",
          "GMNotes": "",
          "ColorDiffuse": {
            "r": 0.374564528,
            "g": 0.27702722,
            "b": 0.12333218
          },
          "LayoutGroupSortIndex": 0,
          "Locked": true,
          "Grid": true,
          "Snap": true,
          "IgnoreFoW": false,
          "MeasureMovement": false,
          "DragSelectable": true,
          "Autoraise": true,
          "Sticky": true,
          "Tooltip": true,
          "GridProjection": false,
          "HideWhenFaceDown": false,
          "Hands": false,
          "LuaScript": "",
          "LuaScriptState": "",
          "XmlUI": "",
          "PhysicsMaterial": {
            "StaticFriction": 1.0,
            "DynamicFriction": 0.7,
            "Bounciness": 1.0,
            "FrictionCombine": 0,
            "BounceCombine": 0
          },
          "Rigidbody": {
            "Mass": 2.242621,
            "Drag": 0.1,
            "AngularDrag": 0.1,
            "UseGravity": true
          }
        },
        {
          "GUID": "17ab2f",
          "Name": "BlockTriangle",
          "Transform": {
            "posX": -2.6099453,
            "posY": -0.453839481,
            "posZ": 0.00113400933,
            "rotX": 2.11517054E-05,
            "rotY": 269.981018,
            "rotZ": 2.06182654E-06,
            "scaleX": 0.7019457,
            "scaleY": 0.215457067,
            "scaleZ": 4.177603
          },
          "Nickname": "",
          "Description": "",
          "GMNotes": "",
          "ColorDiffuse": {
            "r": 0.7176471,
            "g": 0.7176471,
            "b": 0.7294118,
            "a": 0.09851304
          },
          "LayoutGroupSortIndex": 0,
          "Locked": true,
          "Grid": true,
          "Snap": true,
          "IgnoreFoW": false,
          "MeasureMovement": false,
          "DragSelectable": true,
          "Autoraise": true,
          "Sticky": true,
          "Tooltip": true,
          "GridProjection": false,
          "HideWhenFaceDown": false,
          "Hands": false,
          "LuaScript": "",
          "LuaScriptState": "",
          "XmlUI": "",
          "PhysicsMaterial": {
            "StaticFriction": 0.0,
            "DynamicFriction": 0.0,
            "Bounciness": 1.0,
            "FrictionCombine": 0,
            "BounceCombine": 0
          },
          "Rigidbody": {
            "Mass": 1.801417,
            "Drag": 0.1,
            "AngularDrag": 0.1,
            "UseGravity": true
          },
          "JointHinge": {
            "UseLimits": false,
            "Limits": {
              "minBounce": 0.0,
              "maxBounce": -2.33051629E-32,
              "min": 0.0,
              "max": 0.0,
              "bounciness": 0.0,
              "bounceMinVelocity": 0.0,
              "contactDistance": 0.0
            },
            "UseMotor": false,
            "Motor": {
              "targetVelocity": 0.0,
              "force": 0.0,
              "freeSpin": false
            },
            "UseSpring": false,
            "Spring": {
              "spring": 0.0,
              "damper": 0.0,
              "targetPosition": 0.0
            },
            "ConnectedBodyGUID": "8d8875",
            "EnableCollision": false,
            "Axis": {
              "x": 1.0,
              "y": 0.0,
              "z": 0.0
            },
            "Anchor": {
              "x": 0.0,
              "y": 0.0,
              "z": 0.0
            },
            "ConnectedAnchor": {
              "x": -2.609932,
              "y": -0.4725743,
              "z": -0.004774519
            },
            "BreakForce": "Infinity",
            "BreakTorgue": "Infinity"
          }
        },
        {
          "GUID": "5cac3e",
          "Name": "BlockTriangle",
          "Transform": {
            "posX": -2.64686036,
            "posY": -0.118914053,
            "posZ": 0.387285084,
            "rotX": 359.954132,
            "rotY": 269.9111,
            "rotZ": 94.75688,
            "scaleX": 0.184353665,
            "scaleY": 0.3571925,
            "scaleZ": 4.177753
          },
          "Nickname": "",
          "Description": "",
          "GMNotes": "",
          "ColorDiffuse": {
            "r": 0.7176471,
            "g": 0.7176471,
            "b": 0.7294118,
            "a": 0.09851304
          },
          "LayoutGroupSortIndex": 0,
          "Locked": true,
          "Grid": true,
          "Snap": true,
          "IgnoreFoW": false,
          "MeasureMovement": false,
          "DragSelectable": true,
          "Autoraise": true,
          "Sticky": true,
          "Tooltip": true,
          "GridProjection": false,
          "HideWhenFaceDown": false,
          "Hands": false,
          "LuaScript": "",
          "LuaScriptState": "",
          "XmlUI": "",
          "PhysicsMaterial": {
            "StaticFriction": 0.0,
            "DynamicFriction": 0.0,
            "Bounciness": 1.0,
            "FrictionCombine": 0,
            "BounceCombine": 0
          },
          "Rigidbody": {
            "Mass": 1.419011,
            "Drag": 0.1,
            "AngularDrag": 0.1,
            "UseGravity": true
          }
        },
        {
          "GUID": "2e1edd",
          "Name": "BlockTriangle",
          "Transform": {
            "posX": -2.63871169,
            "posY": -0.0549913,
            "posZ": -0.4345153,
            "rotX": 359.9541,
            "rotY": 269.9111,
            "rotZ": 268.511841,
            "scaleX": 0.162365139,
            "scaleY": 0.249544248,
            "scaleZ": 4.17769432
          },
          "Nickname": "",
          "Description": "",
          "GMNotes": "",
          "ColorDiffuse": {
            "r": 0.7176471,
            "g": 0.7176471,
            "b": 0.7294118,
            "a": 0.09851304
          },
          "LayoutGroupSortIndex": 0,
          "Locked": true,
          "Grid": true,
          "Snap": true,
          "IgnoreFoW": false,
          "MeasureMovement": false,
          "DragSelectable": true,
          "Autoraise": true,
          "Sticky": true,
          "Tooltip": true,
          "GridProjection": false,
          "HideWhenFaceDown": false,
          "Hands": false,
          "LuaScript": "",
          "LuaScriptState": "",
          "XmlUI": "",
          "PhysicsMaterial": {
            "StaticFriction": 0.0,
            "DynamicFriction": 0.0,
            "Bounciness": 1.0,
            "FrictionCombine": 0,
            "BounceCombine": 0
          },
          "Rigidbody": {
            "Mass": 1.375166,
            "Drag": 0.1,
            "AngularDrag": 0.1,
            "UseGravity": true
          }
        }
      ]
    },
    {
      "GUID": "ce99a5",
      "Name": "Die_4",
      "Transform": {
        "posX": -5.91337538,
        "posY": 1.17132223,
        "posZ": -12.119091,
        "rotX": 18.6087189,
        "rotY": 86.76636,
        "rotZ": 240.045685,
        "scaleX": 1.0,
        "scaleY": 1.0,
        "scaleZ": 1.0
      },
      "Nickname": "",
      "Description": "",
      "GMNotes": "",
      "ColorDiffuse": {
        "r": 0.149030268,
        "g": 0.301973075,
        "b": 0.4431491
      },
      "LayoutGroupSortIndex": 0,
      "Locked": false,
      "Grid": true,
      "Snap": true,
      "IgnoreFoW": false,
      "MeasureMovement": false,
      "DragSelectable": true,
      "Autoraise": true,
      "Sticky": true,
      "Tooltip": true,
      "GridProjection": false,
      "HideWhenFaceDown": false,
      "Hands": false,
      "MaterialIndex": 0,
      "LuaScript": "",
      "LuaScriptState": "",
      "XmlUI": "",
      "RotationValues": [
        {
          "Value": 1,
          "Rotation": {
            "x": 18.0,
            "y": -241.0,
            "z": -120.0
          }
        },
        {
          "Value": 2,
          "Rotation": {
            "x": -90.0,
            "y": -60.0,
            "z": 0.0
          }
        },
        {
          "Value": 3,
          "Rotation": {
            "x": 18.0,
            "y": -121.0,
            "z": 0.0
          }
        },
        {
          "Value": 4,
          "Rotation": {
            "x": 18.0,
            "y": 0.0,
            "z": -240.0
          }
        }
      ]
    },
    {
      "GUID": "d5900c",
      "Name": "Die_12",
      "Transform": {
        "posX": -5.78625154,
        "posY": 1.364701,
        "posZ": -12.9286327,
        "rotX": 334.5773,
        "rotY": 298.172241,
        "rotZ": 35.0128,
        "scaleX": 1.0,
        "scaleY": 1.0,
        "scaleZ": 1.0
      },
      "Nickname": "",
      "Description": "",
      "GMNotes": "",
      "ColorDiffuse": {
        "r": 0.8156889,
        "g": 0.5098095,
        "b": 0.117652006
      },
      "LayoutGroupSortIndex": 0,
      "Locked": false,
      "Grid": true,
      "Snap": true,
      "IgnoreFoW": false,
      "MeasureMovement": false,
      "DragSelectable": true,
      "Autoraise": true,
      "Sticky": true,
      "Tooltip": true,
      "GridProjection": false,
      "HideWhenFaceDown": false,
      "Hands": false,
      "MaterialIndex": 0,
      "LuaScript": "",
      "LuaScriptState": "",
      "XmlUI": "",
      "RotationValues": [
        {
          "Value": 1,
          "Rotation": {
            "x": 27.0,
            "y": 0.0,
            "z": 72.0
          }
        },
        {
          "Value": 2,
          "Rotation": {
            "x": 27.0,
            "y": 0.0,
            "z": 144.0
          }
        },
        {
          "Value": 3,
          "Rotation": {
            "x": 27.0,
            "y": 0.0,
            "z": -72.0
          }
        },
        {
          "Value": 4,
          "Rotation": {
            "x": -27.0,
            "y": 180.0,
            "z": 180.0
          }
        },
        {
          "Value": 5,
          "Rotation": {
            "x": 90.0,
            "y": 180.0,
            "z": 0.0
          }
        },
        {
          "Value": 6,
          "Rotation": {
            "x": 27.0,
            "y": 0.0,
            "z": -144.0
          }
        },
        {
          "Value": 7,
          "Rotation": {
            "x": -27.0,
            "y": 180.0,
            "z": 36.0
          }
        },
        {
          "Value": 8,
          "Rotation": {
            "x": -90.0,
            "y": 180.0,
            "z": 0.0
          }
        },
        {
          "Value": 9,
          "Rotation": {
            "x": 27.0,
            "y": 0.0,
            "z": 0.0
          }
        },
        {
          "Value": 10,
          "Rotation": {
            "x": -27.0,
            "y": 180.0,
            "z": 108.0
          }
        },
        {
          "Value": 11,
          "Rotation": {
            "x": -27.0,
            "y": 108.0,
            "z": -36.0
          }
        },
        {
          "Value": 12,
          "Rotation": {
            "x": -27.0,
            "y": 36.0,
            "z": -108.0
          }
        }
      ]
    },
    {
      "GUID": "f04f0c",
      "Name": "Die_20",
      "Transform": {
        "posX": -5.335496,
        "posY": 1.37810016,
        "posZ": -11.4936085,
        "rotX": 349.187622,
        "rotY": 114.957085,
        "rotZ": 233.999847,
        "scaleX": 1.0,
        "scaleY": 1.0,
        "scaleZ": 1.0
      },
      "Nickname": "",
      "Description": "",
      "GMNotes": "",
      "ColorDiffuse": {
        "r": 0.517652631,
        "g": 0.105887152,
        "b": 0.6196126
      },
      "LayoutGroupSortIndex": 0,
      "Locked": false,
      "Grid": true,
      "Snap": true,
      "IgnoreFoW": false,
      "MeasureMovement": false,
      "DragSelectable": true,
      "Autoraise": true,
      "Sticky": true,
      "Tooltip": true,
      "GridProjection": false,
      "HideWhenFaceDown": false,
      "Hands": false,
      "MaterialIndex": 0,
      "LuaScript": "",
      "LuaScriptState": "",
      "XmlUI": "",
      "RotationValues": [
        {
          "Value": 1,
          "Rotation": {
            "x": -11.0,
            "y": 60.0,
            "z": 17.0
          }
        },
        {
          "Value": 2,
          "Rotation": {
            "x": 52.0,
            "y": -60.0,
            "z": -17.0
          }
        },
        {
          "Value": 3,
          "Rotation": {
            "x": -11.0,
            "y": -180.0,
            "z": 90.0
          }
        },
        {
          "Value": 4,
          "Rotation": {
            "x": -11.0,
            "y": -180.0,
            "z": 162.0
          }
        },
        {
          "Value": 5,
          "Rotation": {
            "x": -11.0,
            "y": -60.0,
            "z": 234.0
          }
        },
        {
          "Value": 6,
          "Rotation": {
            "x": -11.0,
            "y": -180.0,
            "z": 306.0
          }
        },
        {
          "Value": 7,
          "Rotation": {
            "x": 52.0,
            "y": -60.0,
            "z": 55.0
          }
        },
        {
          "Value": 8,
          "Rotation": {
            "x": 52.0,
            "y": -60.0,
            "z": 198.0
          }
        },
        {
          "Value": 9,
          "Rotation": {
            "x": 52.0,
            "y": -60.0,
            "z": 127.0
          }
        },
        {
          "Value": 10,
          "Rotation": {
            "x": 52.0,
            "y": -180.0,
            "z": -90.0
          }
        },
        {
          "Value": 11,
          "Rotation": {
            "x": 308.0,
            "y": 0.0,
            "z": 90.0
          }
        },
        {
          "Value": 12,
          "Rotation": {
            "x": 306.0,
            "y": -240.0,
            "z": -52.0
          }
        },
        {
          "Value": 13,
          "Rotation": {
            "x": -52.0,
            "y": -240.0,
            "z": 18.0
          }
        },
        {
          "Value": 14,
          "Rotation": {
            "x": 307.0,
            "y": 120.0,
            "z": 233.0
          }
        },
        {
          "Value": 15,
          "Rotation": {
            "x": 11.0,
            "y": 120.0,
            "z": -234.0
          }
        },
        {
          "Value": 16,
          "Rotation": {
            "x": 11.0,
            "y": 0.0,
            "z": 54.0
          }
        },
        {
          "Value": 17,
          "Rotation": {
            "x": 11.0,
            "y": -120.0,
            "z": -17.0
          }
        },
        {
          "Value": 18,
          "Rotation": {
            "x": 11.0,
            "y": 0.0,
            "z": -90.0
          }
        },
        {
          "Value": 19,
          "Rotation": {
            "x": -52.0,
            "y": -240.0,
            "z": -198.0
          }
        },
        {
          "Value": 20,
          "Rotation": {
            "x": 11.0,
            "y": 0.0,
            "z": -162.0
          }
        }
      ]
    },
    {
      "GUID": "e67605",
      "Name": "Die_8",
      "Transform": {
        "posX": -5.112149,
        "posY": 1.35552633,
        "posZ": -10.4279785,
        "rotX": 345.973938,
        "rotY": 110.274918,
        "rotZ": 89.451,
        "scaleX": 1.0,
        "scaleY": 1.0,
        "scaleZ": 1.0
      },
      "Nickname": "",
      "Description": "",
      "GMNotes": "",
      "ColorDiffuse": {
        "r": 0.5647112,
        "g": 0.08235737,
        "b": 0.08235737
      },
      "LayoutGroupSortIndex": 0,
      "Locked": false,
      "Grid": true,
      "Snap": true,
      "IgnoreFoW": false,
      "MeasureMovement": false,
      "DragSelectable": true,
      "Autoraise": true,
      "Sticky": true,
      "Tooltip": true,
      "GridProjection": false,
      "HideWhenFaceDown": false,
      "Hands": false,
      "MaterialIndex": 0,
      "LuaScript": "",
      "LuaScriptState": "",
      "XmlUI": "",
      "RotationValues": [
        {
          "Value": 1,
          "Rotation": {
            "x": -33.0,
            "y": 0.0,
            "z": 90.0
          }
        },
        {
          "Value": 2,
          "Rotation": {
            "x": -33.0,
            "y": 0.0,
            "z": 180.0
          }
        },
        {
          "Value": 3,
          "Rotation": {
            "x": 33.0,
            "y": 180.0,
            "z": -180.0
          }
        },
        {
          "Value": 4,
          "Rotation": {
            "x": 33.0,
            "y": 180.0,
            "z": 90.0
          }
        },
        {
          "Value": 5,
          "Rotation": {
            "x": 33.0,
            "y": 180.0,
            "z": -90.0
          }
        },
        {
          "Value": 6,
          "Rotation": {
            "x": 33.0,
            "y": 180.0,
            "z": 0.0
          }
        },
        {
          "Value": 7,
          "Rotation": {
            "x": -33.0,
            "y": 0.0,
            "z": 0.0
          }
        },
        {
          "Value": 8,
          "Rotation": {
            "x": -33.0,
            "y": 0.0,
            "z": -90.0
          }
        }
      ]
    },
    {
      "GUID": "c6e0c2",
      "Name": "Die_6",
      "Transform": {
        "posX": -6.02037,
        "posY": 1.41950119,
        "posZ": -10.36117,
        "rotX": 55.3750229,
        "rotY": 336.593445,
        "rotZ": 179.887131,
        "scaleX": 1.0,
        "scaleY": 1.0,
        "scaleZ": 1.0
      },
      "Nickname": "",
      "Description": "",
      "GMNotes": "",
      "ColorDiffuse": {
        "r": 1.0,
        "g": 1.0,
        "b": 1.0
      },
      "LayoutGroupSortIndex": 0,
      "Locked": false,
      "Grid": true,
      "Snap": true,
      "IgnoreFoW": false,
      "MeasureMovement": false,
      "DragSelectable": true,
      "Autoraise": true,
      "Sticky": true,
      "Tooltip": true,
      "GridProjection": false,
      "HideWhenFaceDown": false,
      "Hands": false,
      "MaterialIndex": 0,
      "LuaScript": "",
      "LuaScriptState": "",
      "XmlUI": "",
      "RotationValues": [
        {
          "Value": 1,
          "Rotation": {
            "x": -90.0,
            "y": 0.0,
            "z": 0.0
          }
        },
        {
          "Value": 2,
          "Rotation": {
            "x": 0.0,
            "y": 0.0,
            "z": 0.0
          }
        },
        {
          "Value": 3,
          "Rotation": {
            "x": 0.0,
            "y": 0.0,
            "z": -90.0
          }
        },
        {
          "Value": 4,
          "Rotation": {
            "x": 0.0,
            "y": 0.0,
            "z": 90.0
          }
        },
        {
          "Value": 5,
          "Rotation": {
            "x": 0.0,
            "y": 0.0,
            "z": -180.0
          }
        },
        {
          "Value": 6,
          "Rotation": {
            "x": 90.0,
            "y": 0.0,
            "z": 0.0
          }
        }
      ]
    },
    {
      "GUID": "337822",
      "Name": "Die_10",
      "Transform": {
        "posX": -7.516157,
        "posY": 1.34130049,
        "posZ": -10.06945,
        "rotX": 41.2141724,
        "rotY": 28.20932,
        "rotZ": 279.63446,
        "scaleX": 1.0,
        "scaleY": 1.0,
        "scaleZ": 1.0
      },
      "Nickname": "",
      "Description": "",
      "GMNotes": "",
      "ColorDiffuse": {
        "r": 0.07451411,
        "g": 0.415692329,
        "b": 0.172554553
      },
      "LayoutGroupSortIndex": 0,
      "Locked": false,
      "Grid": true,
      "Snap": true,
      "IgnoreFoW": false,
      "MeasureMovement": false,
      "DragSelectable": true,
      "Autoraise": true,
      "Sticky": true,
      "Tooltip": true,
      "GridProjection": false,
      "HideWhenFaceDown": false,
      "Hands": false,
      "MaterialIndex": 0,
      "LuaScript": "",
      "LuaScriptState": "",
      "XmlUI": "",
      "RotationValues": [
        {
          "Value": 1,
          "Rotation": {
            "x": -38.0,
            "y": 0.0,
            "z": 234.0
          }
        },
        {
          "Value": 2,
          "Rotation": {
            "x": 38.0,
            "y": 180.0,
            "z": -233.0
          }
        },
        {
          "Value": 3,
          "Rotation": {
            "x": -38.0,
            "y": 0.0,
            "z": 20.0
          }
        },
        {
          "Value": 4,
          "Rotation": {
            "x": 38.0,
            "y": 180.0,
            "z": -17.0
          }
        },
        {
          "Value": 5,
          "Rotation": {
            "x": -38.0,
            "y": 0.0,
            "z": 90.0
          }
        },
        {
          "Value": 6,
          "Rotation": {
            "x": 38.0,
            "y": 180.0,
            "z": -161.0
          }
        },
        {
          "Value": 7,
          "Rotation": {
            "x": -38.0,
            "y": 0.0,
            "z": 307.0
          }
        },
        {
          "Value": 8,
          "Rotation": {
            "x": 38.0,
            "y": 180.0,
            "z": -304.0
          }
        },
        {
          "Value": 9,
          "Rotation": {
            "x": -38.0,
            "y": 0.0,
            "z": 163.0
          }
        },
        {
          "Value": 10,
          "Rotation": {
            "x": 38.0,
            "y": 180.0,
            "z": -90.0
          }
        }
      ]
    },
    {
      "GUID": "f0ad38",
      "Name": "Die_20",
      "Transform": {
        "posX": -6.68010664,
        "posY": 1.39678574,
        "posZ": -11.02115,
        "rotX": 340.809021,
        "rotY": 77.1022949,
        "rotZ": 161.805542,
        "scaleX": 1.0,
        "scaleY": 1.0,
        "scaleZ": 1.0
      },
      "Nickname": "",
      "Description": "",
      "GMNotes": "",
      "ColorDiffuse": {
        "r": 0.149030268,
        "g": 0.301973075,
        "b": 0.4431491
      },
      "LayoutGroupSortIndex": 0,
      "Locked": false,
      "Grid": true,
      "Snap": true,
      "IgnoreFoW": false,
      "MeasureMovement": false,
      "DragSelectable": true,
      "Autoraise": true,
      "Sticky": true,
      "Tooltip": true,
      "GridProjection": false,
      "HideWhenFaceDown": false,
      "Hands": false,
      "AltSound": true,
      "MaterialIndex": 1,
      "LuaScript": "",
      "LuaScriptState": "",
      "XmlUI": "",
      "RotationValues": [
        {
          "Value": 1,
          "Rotation": {
            "x": -11.0,
            "y": 60.0,
            "z": 17.0
          }
        },
        {
          "Value": 2,
          "Rotation": {
            "x": 52.0,
            "y": -60.0,
            "z": -17.0
          }
        },
        {
          "Value": 3,
          "Rotation": {
            "x": -11.0,
            "y": -180.0,
            "z": 90.0
          }
        },
        {
          "Value": 4,
          "Rotation": {
            "x": -11.0,
            "y": -180.0,
            "z": 162.0
          }
        },
        {
          "Value": 5,
          "Rotation": {
            "x": -11.0,
            "y": -60.0,
            "z": 234.0
          }
        },
        {
          "Value": 6,
          "Rotation": {
            "x": -11.0,
            "y": -180.0,
            "z": 306.0
          }
        },
        {
          "Value": 7,
          "Rotation": {
            "x": 52.0,
            "y": -60.0,
            "z": 55.0
          }
        },
        {
          "Value": 8,
          "Rotation": {
            "x": 52.0,
            "y": -60.0,
            "z": 198.0
          }
        },
        {
          "Value": 9,
          "Rotation": {
            "x": 52.0,
            "y": -60.0,
            "z": 127.0
          }
        },
        {
          "Value": 10,
          "Rotation": {
            "x": 52.0,
            "y": -180.0,
            "z": -90.0
          }
        },
        {
          "Value": 11,
          "Rotation": {
            "x": 308.0,
            "y": 0.0,
            "z": 90.0
          }
        },
        {
          "Value": 12,
          "Rotation": {
            "x": 306.0,
            "y": -240.0,
            "z": -52.0
          }
        },
        {
          "Value": 13,
          "Rotation": {
            "x": -52.0,
            "y": -240.0,
            "z": 18.0
          }
        },
        {
          "Value": 14,
          "Rotation": {
            "x": 307.0,
            "y": 120.0,
            "z": 233.0
          }
        },
        {
          "Value": 15,
          "Rotation": {
            "x": 11.0,
            "y": 120.0,
            "z": -234.0
          }
        },
        {
          "Value": 16,
          "Rotation": {
            "x": 11.0,
            "y": 0.0,
            "z": 54.0
          }
        },
        {
          "Value": 17,
          "Rotation": {
            "x": 11.0,
            "y": -120.0,
            "z": -17.0
          }
        },
        {
          "Value": 18,
          "Rotation": {
            "x": 11.0,
            "y": 0.0,
            "z": -90.0
          }
        },
        {
          "Value": 19,
          "Rotation": {
            "x": -52.0,
            "y": -240.0,
            "z": -198.0
          }
        },
        {
          "Value": 20,
          "Rotation": {
            "x": 11.0,
            "y": 0.0,
            "z": -162.0
          }
        }
      ]
    },
    {
      "GUID": "c71667",
      "Name": "Die_12",
      "Transform": {
        "posX": -3.23648643,
        "posY": 1.35877085,
        "posZ": -10.7952738,
        "rotX": 26.5642662,
        "rotY": 315.769226,
        "rotZ": 72.00181,
        "scaleX": 1.0,
        "scaleY": 1.0,
        "scaleZ": 1.0
      },
      "Nickname": "",
      "Description": "",
      "GMNotes": "",
      "ColorDiffuse": {
        "r": 0.149030268,
        "g": 0.301973075,
        "b": 0.4431491
      },
      "LayoutGroupSortIndex": 0,
      "Locked": false,
      "Grid": true,
      "Snap": true,
      "IgnoreFoW": false,
      "MeasureMovement": false,
      "DragSelectable": true,
      "Autoraise": true,
      "Sticky": true,
      "Tooltip": true,
      "GridProjection": false,
      "HideWhenFaceDown": false,
      "Hands": false,
      "AltSound": true,
      "MaterialIndex": 1,
      "LuaScript": "",
      "LuaScriptState": "",
      "XmlUI": "",
      "RotationValues": [
        {
          "Value": 1,
          "Rotation": {
            "x": 27.0,
            "y": 0.0,
            "z": 72.0
          }
        },
        {
          "Value": 2,
          "Rotation": {
            "x": 27.0,
            "y": 0.0,
            "z": 144.0
          }
        },
        {
          "Value": 3,
          "Rotation": {
            "x": 27.0,
            "y": 0.0,
            "z": -72.0
          }
        },
        {
          "Value": 4,
          "Rotation": {
            "x": -27.0,
            "y": 180.0,
            "z": 180.0
          }
        },
        {
          "Value": 5,
          "Rotation": {
            "x": 90.0,
            "y": 180.0,
            "z": 0.0
          }
        },
        {
          "Value": 6,
          "Rotation": {
            "x": 27.0,
            "y": 0.0,
            "z": -144.0
          }
        },
        {
          "Value": 7,
          "Rotation": {
            "x": -27.0,
            "y": 180.0,
            "z": 36.0
          }
        },
        {
          "Value": 8,
          "Rotation": {
            "x": -90.0,
            "y": 180.0,
            "z": 0.0
          }
        },
        {
          "Value": 9,
          "Rotation": {
            "x": 27.0,
            "y": 0.0,
            "z": 0.0
          }
        },
        {
          "Value": 10,
          "Rotation": {
            "x": -27.0,
            "y": 180.0,
            "z": 108.0
          }
        },
        {
          "Value": 11,
          "Rotation": {
            "x": -27.0,
            "y": 108.0,
            "z": -36.0
          }
        },
        {
          "Value": 12,
          "Rotation": {
            "x": -27.0,
            "y": 36.0,
            "z": -108.0
          }
        }
      ]
    },
    {
      "GUID": "5aba71",
      "Name": "Die_8",
      "Transform": {
        "posX": -6.700596,
        "posY": 1.29866743,
        "posZ": -12.2899675,
        "rotX": 326.257751,
        "rotY": 90.5360947,
        "rotZ": 359.9746,
        "scaleX": 1.0,
        "scaleY": 1.0,
        "scaleZ": 1.0
      },
      "Nickname": "",
      "Description": "",
      "GMNotes": "",
      "ColorDiffuse": {
        "r": 0.149030268,
        "g": 0.301973075,
        "b": 0.4431491
      },
      "LayoutGroupSortIndex": 0,
      "Locked": false,
      "Grid": true,
      "Snap": true,
      "IgnoreFoW": false,
      "MeasureMovement": false,
      "DragSelectable": true,
      "Autoraise": true,
      "Sticky": true,
      "Tooltip": true,
      "GridProjection": false,
      "HideWhenFaceDown": false,
      "Hands": false,
      "AltSound": true,
      "MaterialIndex": 1,
      "LuaScript": "",
      "LuaScriptState": "",
      "XmlUI": "",
      "RotationValues": [
        {
          "Value": 1,
          "Rotation": {
            "x": -33.0,
            "y": 0.0,
            "z": 90.0
          }
        },
        {
          "Value": 2,
          "Rotation": {
            "x": -33.0,
            "y": 0.0,
            "z": 180.0
          }
        },
        {
          "Value": 3,
          "Rotation": {
            "x": 33.0,
            "y": 180.0,
            "z": -180.0
          }
        },
        {
          "Value": 4,
          "Rotation": {
            "x": 33.0,
            "y": 180.0,
            "z": 90.0
          }
        },
        {
          "Value": 5,
          "Rotation": {
            "x": 33.0,
            "y": 180.0,
            "z": -90.0
          }
        },
        {
          "Value": 6,
          "Rotation": {
            "x": 33.0,
            "y": 180.0,
            "z": 0.0
          }
        },
        {
          "Value": 7,
          "Rotation": {
            "x": -33.0,
            "y": 0.0,
            "z": 0.0
          }
        },
        {
          "Value": 8,
          "Rotation": {
            "x": -33.0,
            "y": 0.0,
            "z": -90.0
          }
        }
      ]
    },
    {
      "GUID": "51cc55",
      "Name": "Die_10",
      "Transform": {
        "posX": -7.044124,
        "posY": 1.82638109,
        "posZ": -10.3728085,
        "rotX": 357.342255,
        "rotY": 289.163361,
        "rotZ": 78.44141,
        "scaleX": 1.0,
        "scaleY": 1.0,
        "scaleZ": 1.0
      },
      "Nickname": "",
      "Description": "",
      "GMNotes": "",
      "ColorDiffuse": {
        "r": 0.149030268,
        "g": 0.301973075,
        "b": 0.4431491
      },
      "LayoutGroupSortIndex": 0,
      "Locked": false,
      "Grid": true,
      "Snap": true,
      "IgnoreFoW": false,
      "MeasureMovement": false,
      "DragSelectable": true,
      "Autoraise": true,
      "Sticky": true,
      "Tooltip": true,
      "GridProjection": false,
      "HideWhenFaceDown": false,
      "Hands": false,
      "AltSound": true,
      "MaterialIndex": 1,
      "LuaScript": "",
      "LuaScriptState": "",
      "XmlUI": "",
      "RotationValues": [
        {
          "Value": 1,
          "Rotation": {
            "x": -38.0,
            "y": 0.0,
            "z": 234.0
          }
        },
        {
          "Value": 2,
          "Rotation": {
            "x": 38.0,
            "y": 180.0,
            "z": -233.0
          }
        },
        {
          "Value": 3,
          "Rotation": {
            "x": -38.0,
            "y": 0.0,
            "z": 20.0
          }
        },
        {
          "Value": 4,
          "Rotation": {
            "x": 38.0,
            "y": 180.0,
            "z": -17.0
          }
        },
        {
          "Value": 5,
          "Rotation": {
            "x": -38.0,
            "y": 0.0,
            "z": 90.0
          }
        },
        {
          "Value": 6,
          "Rotation": {
            "x": 38.0,
            "y": 180.0,
            "z": -161.0
          }
        },
        {
          "Value": 7,
          "Rotation": {
            "x": -38.0,
            "y": 0.0,
            "z": 307.0
          }
        },
        {
          "Value": 8,
          "Rotation": {
            "x": 38.0,
            "y": 180.0,
            "z": -304.0
          }
        },
        {
          "Value": 9,
          "Rotation": {
            "x": -38.0,
            "y": 0.0,
            "z": 163.0
          }
        },
        {
          "Value": 10,
          "Rotation": {
            "x": 38.0,
            "y": 180.0,
            "z": -90.0
          }
        }
      ]
    },
    {
      "GUID": "1101dd",
      "Name": "Die_6",
      "Transform": {
        "posX": -7.48891163,
        "posY": 1.2902137,
        "posZ": -11.6313219,
        "rotX": 0.002757689,
        "rotY": 78.75234,
        "rotZ": 90.0125046,
        "scaleX": 1.0,
        "scaleY": 1.0,
        "scaleZ": 1.0
      },
      "Nickname": "",
      "Description": "",
      "GMNotes": "",
      "ColorDiffuse": {
        "r": 0.149030268,
        "g": 0.301973075,
        "b": 0.4431491
      },
      "LayoutGroupSortIndex": 0,
      "Locked": false,
      "Grid": true,
      "Snap": true,
      "IgnoreFoW": false,
      "MeasureMovement": false,
      "DragSelectable": true,
      "Autoraise": true,
      "Sticky": true,
      "Tooltip": true,
      "GridProjection": false,
      "HideWhenFaceDown": false,
      "Hands": false,
      "AltSound": true,
      "MaterialIndex": 1,
      "LuaScript": "",
      "LuaScriptState": "",
      "XmlUI": "",
      "RotationValues": [
        {
          "Value": 1,
          "Rotation": {
            "x": -90.0,
            "y": 0.0,
            "z": 0.0
          }
        },
        {
          "Value": 2,
          "Rotation": {
            "x": 0.0,
            "y": 0.0,
            "z": 0.0
          }
        },
        {
          "Value": 3,
          "Rotation": {
            "x": 0.0,
            "y": 0.0,
            "z": -90.0
          }
        },
        {
          "Value": 4,
          "Rotation": {
            "x": 0.0,
            "y": 0.0,
            "z": 90.0
          }
        },
        {
          "Value": 5,
          "Rotation": {
            "x": 0.0,
            "y": 0.0,
            "z": -180.0
          }
        },
        {
          "Value": 6,
          "Rotation": {
            "x": 90.0,
            "y": 0.0,
            "z": 0.0
          }
        }
      ]
    },
    {
      "GUID": "bb113b",
      "Name": "Die_4",
      "Transform": {
        "posX": -6.83576775,
        "posY": 1.17160487,
        "posZ": -9.597897,
        "rotX": 18.6369553,
        "rotY": 317.086243,
        "rotZ": 0.004799738,
        "scaleX": 1.0,
        "scaleY": 1.0,
        "scaleZ": 1.0
      },
      "Nickname": "",
      "Description": "",
      "GMNotes": "",
      "ColorDiffuse": {
        "r": 0.149030268,
        "g": 0.301973075,
        "b": 0.4431491
      },
      "LayoutGroupSortIndex": 0,
      "Locked": false,
      "Grid": true,
      "Snap": true,
      "IgnoreFoW": false,
      "MeasureMovement": false,
      "DragSelectable": true,
      "Autoraise": true,
      "Sticky": true,
      "Tooltip": true,
      "GridProjection": false,
      "HideWhenFaceDown": false,
      "Hands": false,
      "AltSound": true,
      "MaterialIndex": 1,
      "LuaScript": "",
      "LuaScriptState": "",
      "XmlUI": "",
      "RotationValues": [
        {
          "Value": 1,
          "Rotation": {
            "x": 18.0,
            "y": -241.0,
            "z": -120.0
          }
        },
        {
          "Value": 2,
          "Rotation": {
            "x": -90.0,
            "y": -60.0,
            "z": 0.0
          }
        },
        {
          "Value": 3,
          "Rotation": {
            "x": 18.0,
            "y": -121.0,
            "z": 0.0
          }
        },
        {
          "Value": 4,
          "Rotation": {
            "x": 18.0,
            "y": 0.0,
            "z": -240.0
          }
        }
      ]
    },
    {
      "GUID": "c9c779",
      "Name": "Die_6",
      "Transform": {
        "posX": -6.05578136,
        "posY": 1.98247468,
        "posZ": -10.7946577,
        "rotX": 305.59314,
        "rotY": 170.6897,
        "rotZ": 227.489014,
        "scaleX": 1.0,
        "scaleY": 1.0,
        "scaleZ": 1.0
      },
      "Nickname": "",
      "Description": "",
      "GMNotes": "",
      "ColorDiffuse": {
        "r": 1.0,
        "g": 1.0,
        "b": 1.0
      },
      "LayoutGroupSortIndex": 0,
      "Locked": false,
      "Grid": true,
      "Snap": true,
      "IgnoreFoW": false,
      "MeasureMovement": false,
      "DragSelectable": true,
      "Autoraise": true,
      "Sticky": true,
      "Tooltip": true,
      "GridProjection": false,
      "HideWhenFaceDown": false,
      "Hands": false,
      "MaterialIndex": 0,
      "LuaScript": "",
      "LuaScriptState": "",
      "XmlUI": "",
      "RotationValues": [
        {
          "Value": 1,
          "Rotation": {
            "x": -90.0,
            "y": 0.0,
            "z": 0.0
          }
        },
        {
          "Value": 2,
          "Rotation": {
            "x": 0.0,
            "y": 0.0,
            "z": 0.0
          }
        },
        {
          "Value": 3,
          "Rotation": {
            "x": 0.0,
            "y": 0.0,
            "z": -90.0
          }
        },
        {
          "Value": 4,
          "Rotation": {
            "x": 0.0,
            "y": 0.0,
            "z": 90.0
          }
        },
        {
          "Value": 5,
          "Rotation": {
            "x": 0.0,
            "y": 0.0,
            "z": -180.0
          }
        },
        {
          "Value": 6,
          "Rotation": {
            "x": 90.0,
            "y": 0.0,
            "z": 0.0
          }
        }
      ]
    },
    {
      "GUID": "e6919d",
      "Name": "Die_6",
      "Transform": {
        "posX": -5.44195938,
        "posY": 2.04238868,
        "posZ": -10.2509623,
        "rotX": 319.501343,
        "rotY": 305.850128,
        "rotZ": 176.559448,
        "scaleX": 1.0,
        "scaleY": 1.0,
        "scaleZ": 1.0
      },
      "Nickname": "",
      "Description": "",
      "GMNotes": "",
      "ColorDiffuse": {
        "r": 1.0,
        "g": 1.0,
        "b": 1.0
      },
      "LayoutGroupSortIndex": 0,
      "Locked": false,
      "Grid": true,
      "Snap": true,
      "IgnoreFoW": false,
      "MeasureMovement": false,
      "DragSelectable": true,
      "Autoraise": true,
      "Sticky": true,
      "Tooltip": true,
      "GridProjection": false,
      "HideWhenFaceDown": false,
      "Hands": false,
      "MaterialIndex": 0,
      "LuaScript": "",
      "LuaScriptState": "",
      "XmlUI": "",
      "RotationValues": [
        {
          "Value": 1,
          "Rotation": {
            "x": -90.0,
            "y": 0.0,
            "z": 0.0
          }
        },
        {
          "Value": 2,
          "Rotation": {
            "x": 0.0,
            "y": 0.0,
            "z": 0.0
          }
        },
        {
          "Value": 3,
          "Rotation": {
            "x": 0.0,
            "y": 0.0,
            "z": -90.0
          }
        },
        {
          "Value": 4,
          "Rotation": {
            "x": 0.0,
            "y": 0.0,
            "z": 90.0
          }
        },
        {
          "Value": 5,
          "Rotation": {
            "x": 0.0,
            "y": 0.0,
            "z": -180.0
          }
        },
        {
          "Value": 6,
          "Rotation": {
            "x": 90.0,
            "y": 0.0,
            "z": 0.0
          }
        }
      ]
    },
    {
      "GUID": "0aa917",
      "Name": "Die_6",
      "Transform": {
        "posX": -6.73533344,
        "posY": 1.89959192,
        "posZ": -11.65815,
        "rotX": 326.898071,
        "rotY": 171.192856,
        "rotZ": 34.3489,
        "scaleX": 1.0,
        "scaleY": 1.0,
        "scaleZ": 1.0
      },
      "Nickname": "",
      "Description": "",
      "GMNotes": "",
      "ColorDiffuse": {
        "r": 1.0,
        "g": 1.0,
        "b": 1.0
      },
      "LayoutGroupSortIndex": 0,
      "Locked": false,
      "Grid": true,
      "Snap": true,
      "IgnoreFoW": false,
      "MeasureMovement": false,
      "DragSelectable": true,
      "Autoraise": true,
      "Sticky": true,
      "Tooltip": true,
      "GridProjection": false,
      "HideWhenFaceDown": false,
      "Hands": false,
      "MaterialIndex": 0,
      "LuaScript": "",
      "LuaScriptState": "",
      "XmlUI": "",
      "RotationValues": [
        {
          "Value": 1,
          "Rotation": {
            "x": -90.0,
            "y": 0.0,
            "z": 0.0
          }
        },
        {
          "Value": 2,
          "Rotation": {
            "x": 0.0,
            "y": 0.0,
            "z": 0.0
          }
        },
        {
          "Value": 3,
          "Rotation": {
            "x": 0.0,
            "y": 0.0,
            "z": -90.0
          }
        },
        {
          "Value": 4,
          "Rotation": {
            "x": 0.0,
            "y": 0.0,
            "z": 90.0
          }
        },
        {
          "Value": 5,
          "Rotation": {
            "x": 0.0,
            "y": 0.0,
            "z": -180.0
          }
        },
        {
          "Value": 6,
          "Rotation": {
            "x": 90.0,
            "y": 0.0,
            "z": 0.0
          }
        }
      ]
    }
  ]
}