{
  "SaveName": "Annoying Owl",
  "GameMode": "Annoying Owl",
  "Date": "9/2/2020 3:45:58 PM",
  "VersionNumber": "v12.4.3",
  "GameType": "Objects",
  "GameComplexity": "",
  "PlayingTime": [
    0,
    0
  ],
  "PlayerCounts": [
    0,
    0
  ],
  "Tags": [
    "Figurines",
    "Particle Effects",
    "Scripting",
    "Scripting: Automated",
    "Sounds",
    "Props"
  ],
  "Gravity": 0.5,
  "PlayArea": 0.5,
  "Table": "Table_Hexagon",
  "Sky": "Sky_Forest",
  "Note": "",
  "Rules": "",
  "Grid": {
    "Type": 0,
    "Lines": false,
    "Color": {
      "r": 0.0,
      "g": 0.0,
      "b": 0.0
    },
    "Opacity": 0.75,
    "ThickLines": false,
    "Snapping": false,
    "Offset": false,
    "BothSnapping": false,
    "xSize": 2.0,
    "ySize": 2.0,
    "PosOffset": {
      "x": 0.0,
      "y": 1.0,
      "z": 0.0
    }
  },
  "Lighting": {
    "LightIntensity": 0.54,
    "LightColor": {
      "r": 1.0,
      "g": 0.9804,
      "b": 0.8902
    },
    "AmbientIntensity": 1.3,
    "AmbientType": 0,
    "AmbientSkyColor": {
      "r": 0.5,
      "g": 0.5,
      "b": 0.5
    },
    "AmbientEquatorColor": {
      "r": 0.5,
      "g": 0.5,
      "b": 0.5
    },
    "AmbientGroundColor": {
      "r": 0.5,
      "g": 0.5,
      "b": 0.5
    },
    "ReflectionIntensity": 1.0,
    "LutIndex": 0,
    "LutContribution": 1.0
  },
  "Hands": {
    "Enable": true,
    "DisableUnused": false,
    "Hiding": 0,
    "HandTransforms": [
      {
        "Color": "Red",
        "Transform": {
          "posX": -13.6426754,
          "posY": 3.5705595,
          "posZ": -7.48774529,
          "rotX": 0.0,
          "rotY": 60.0000038,
          "rotZ": 0.0,
          "scaleX": 10.2682543,
          "scaleY": 6.633986,
          "scaleZ": 4.89333153
        }
      },
      {
        "Color": "Yellow",
        "Transform": {
          "posX": -13.3167419,
          "posY": 3.57056427,
          "posZ": 8.302018,
          "rotX": 0.0,
          "rotY": 120.000015,
          "rotZ": 0.0,
          "scaleX": 10.2685089,
          "scaleY": 6.633986,
          "scaleZ": 4.89332867
        }
      },
      {
        "Color": "Blue",
        "Transform": {
          "posX": 13.5727253,
          "posY": 3.57070255,
          "posZ": 7.74871063,
          "rotX": -8.93397646E-06,
          "rotY": 240.000031,
          "rotZ": 8.643905E-06,
          "scaleX": 10.2683887,
          "scaleY": 6.633986,
          "scaleZ": 4.89336967
        }
      },
      {
        "Color": "White",
        "Transform": {
          "posX": -5.76972961E-05,
          "posY": 3.57062244,
          "posZ": -15.5329533,
          "rotX": 2.5444431E-14,
          "rotY": 1.70754709E-06,
          "rotZ": -1.70754709E-06,
          "scaleX": 10.2680635,
          "scaleY": 6.633986,
          "scaleZ": 4.89332247
        }
      },
      {
        "Color": "Green",
        "Transform": {
          "posX": 0.00136804581,
          "posY": 3.57062435,
          "posZ": 15.5944033,
          "rotX": 0.0,
          "rotY": 180.0,
          "rotZ": 0.0,
          "scaleX": 10.2684307,
          "scaleY": 6.633986,
          "scaleZ": 4.89349556
        }
      },
      {
        "Color": "Pink",
        "Transform": {
          "posX": 13.6821451,
          "posY": 3.57070017,
          "posZ": -7.407734,
          "rotX": 0.0,
          "rotY": 299.999969,
          "rotZ": 0.0,
          "scaleX": 10.2682381,
          "scaleY": 6.633986,
          "scaleZ": 4.8932395
        }
      }
    ]
  },
  "Turns": {
    "Enable": false,
    "Type": 0,
    "TurnOrder": [],
    "Reverse": false,
    "SkipEmpty": false,
    "DisableInteractions": false,
    "PassTurns": true,
    "TurnColor": ""
  },
  "TabStates": {
    "0": {
      "title": "Rules",
      "body": "",
      "color": "Grey",
      "visibleColor": {
        "r": 0.5,
        "g": 0.5,
        "b": 0.5
      },
      "id": 0
    },
    "1": {
      "title": "White",
      "body": "",
      "color": "White",
      "visibleColor": {
        "r": 1.0,
        "g": 1.0,
        "b": 1.0
      },
      "id": 1
    },
    "2": {
      "title": "Brown",
      "body": "",
      "color": "Brown",
      "visibleColor": {
        "r": 0.443,
        "g": 0.231,
        "b": 0.09
      },
      "id": 2
    },
    "3": {
      "title": "Red",
      "body": "",
      "color": "Red",
      "visibleColor": {
        "r": 0.856,
        "g": 0.1,
        "b": 0.094
      },
      "id": 3
    },
    "4": {
      "title": "Orange",
      "body": "",
      "color": "Orange",
      "visibleColor": {
        "r": 0.956,
        "g": 0.392,
        "b": 0.113
      },
      "id": 4
    },
    "5": {
      "title": "Yellow",
      "body": "",
      "color": "Yellow",
      "visibleColor": {
        "r": 0.905,
        "g": 0.898,
        "b": 0.172
      },
      "id": 5
    },
    "6": {
      "title": "Green",
      "body": "",
      "color": "Green",
      "visibleColor": {
        "r": 0.192,
        "g": 0.701,
        "b": 0.168
      },
      "id": 6
    },
    "7": {
      "title": "Blue",
      "body": "",
      "color": "Blue",
      "visibleColor": {
        "r": 0.118,
        "g": 0.53,
        "b": 1.0
      },
      "id": 7
    },
    "8": {
      "title": "Teal",
      "body": "",
      "color": "Teal",
      "visibleColor": {
        "r": 0.129,
        "g": 0.694,
        "b": 0.607
      },
      "id": 8
    },
    "9": {
      "title": "Purple",
      "body": "",
      "color": "Purple",
      "visibleColor": {
        "r": 0.627,
        "g": 0.125,
        "b": 0.941
      },
      "id": 9
    },
    "10": {
      "title": "Pink",
      "body": "",
      "color": "Pink",
      "visibleColor": {
        "r": 0.96,
        "g": 0.439,
        "b": 0.807
      },
      "id": 10
    },
    "11": {
      "title": "Black",
      "body": "",
      "color": "Black",
      "visibleColor": {
        "r": 0.25,
        "g": 0.25,
        "b": 0.25
      },
      "id": 11
    }
  },
  "DecalPallet": [],
  "LuaScript": "--[[ Lua code. See documentation: https://api.tabletopsimulator.com/ --]]\n\n--[[ The onLoad event is called after the game save finishes loading. --]]\nfunction onLoad()\n    --[[ print('onLoad!') --]]\nend\n\n--[[ The onUpdate event is called once per frame. --]]\nfunction onUpdate()\n    --[[ print('onUpdate loop!') --]]\nend",
  "LuaScriptState": "",
  "XmlUI": "<!-- Xml UI. See documentation: https://api.tabletopsimulator.com/ui/introUI/ -->",
  "ObjectStates": [
    {
      "GUID": "cb6e4a",
      "Name": "Custom_Assetbundle",
      "Transform": {
        "posX": -11.364459,
        "posY": 9.236858,
        "posZ": -12.855319,
        "rotX": 27.2475548,
        "rotY": 96.78539,
        "rotZ": 229.7395,
        "scaleX": 1.0,
        "scaleY": 1.0,
        "scaleZ": 1.0
      },
      "Nickname": "",
      "Description": "",
      "GMNotes": "",
      "ColorDiffuse": {
        "r": 1.0,
        "g": 0.349613369,
        "b": 0.00397048239
      },
      "LayoutGroupSortIndex": 0,
      "Locked": false,
      "Grid": true,
      "Snap": true,
      "IgnoreFoW": false,
      "MeasureMovement": false,
      "DragSelectable": true,
      "Autoraise": true,
      "Sticky": true,
      "Tooltip": true,
      "GridProjection": false,
      "HideWhenFaceDown": false,
      "Hands": false,
      "CustomAssetbundle": {
        "AssetbundleURL": "http://cloud-3.steamusercontent.com/ugc/1627443817966941496/25B97B06D0EA24428876EC8869F73E204C5215C3/",
        "AssetbundleSecondaryURL": "",
        "MaterialIndex": 0,
        "TypeIndex": 1,
        "LoopingEffectIndex": 0
      },
      "LuaScript": "local inner\r\n\r\nfunction onload()\r\n    --Spawn particle effect object\r\n    inner = spawnObject({\r\n            type = \"Custom_Assetbundle\",\r\n            position = self.getPosition(),\r\n            sound = false,\r\n            callback_function = setInner\r\n    })\r\n    inner.setCustomObject({assetbundle = \"http://cloud-3.steamusercontent.com/ugc/1627443817966929385/52C2581BECFAC773DD831C23A2DD5A373A9AC651/\",\r\n            type = 0,\r\n            material = 0\r\n    })\r\n    Wait.time(check, 1, -1)\r\n    Wait.time(play, math.random(10, 120), -1)\r\nend\r\n\r\nfunction check()\r\n    local height = self.getPosition()[\"y\"]\r\n    if height < -15 then\r\n        self.setPosition({0, 30, 0})\r\n    elseif height < 5 then\r\n        self.addForce(vector(0, 20, 0), 4)\r\n    end\r\nend\r\n\r\nfunction play()\r\n    self.AssetBundle.playTriggerEffect(0)\r\nend\r\n\r\nfunction onUpdate()\r\n    inner.setPosition(self.getPosition())\r\nend\r\n\r\nfunction onDestroy()\r\n    destroyObject(inner)\r\nend\r\n\r\nfunction setInner()\r\n    inner.drag_selectable = false\r\n    inner.use_gravity = false\r\n    inner.tooltip = false\r\n    inner.interactable = false\r\n    inner = inner.reload()\r\nend\r\n",
      "LuaScriptState": "",
      "XmlUI": ""
    },
    {
      "GUID": "af7a95",
      "Name": "Custom_Assetbundle",
      "Transform": {
        "posX": 6.501832,
        "posY": 2.59128428,
        "posZ": 6.58001852,
        "rotX": 298.026031,
        "rotY": 317.793579,
        "rotZ": 50.6300964,
        "scaleX": 1.0,
        "scaleY": 1.0,
        "scaleZ": 1.0
      },
      "Nickname": "",
      "Description": "",
      "GMNotes": "",
      "ColorDiffuse": {
        "r": 1.0,
        "g": 1.0,
        "b": 1.0
      },
      "LayoutGroupSortIndex": 0,
      "Locked": false,
      "Grid": true,
      "Snap": true,
      "IgnoreFoW": false,
      "MeasureMovement": false,
      "DragSelectable": false,
      "Autoraise": true,
      "Sticky": true,
      "Tooltip": false,
      "GridProjection": false,
      "HideWhenFaceDown": false,
      "Hands": false,
      "CustomAssetbundle": {
        "AssetbundleURL": "http://cloud-3.steamusercontent.com/ugc/1627443817966929385/52C2581BECFAC773DD831C23A2DD5A373A9AC651/",
        "AssetbundleSecondaryURL": "",
        "MaterialIndex": 0,
        "TypeIndex": 0,
        "LoopingEffectIndex": 0
      },
      "LuaScript": "",
      "LuaScriptState": "",
      "XmlUI": "",
      "Rigidbody": {
        "Mass": 1.0,
        "Drag": 0.1,
        "AngularDrag": 0.1,
        "UseGravity": false
      }
    },
    {
      "GUID": "28e506",
      "Name": "Custom_Assetbundle",
      "Transform": {
        "posX": -11.2856579,
        "posY": 9.478655,
        "posZ": -12.6449385,
        "rotX": 66.12871,
        "rotY": 316.89035,
        "rotZ": 65.03524,
        "scaleX": 1.0,
        "scaleY": 1.0,
        "scaleZ": 1.0
      },
      "Nickname": "",
      "Description": "",
      "GMNotes": "",
      "ColorDiffuse": {
        "r": 1.0,
        "g": 1.0,
        "b": 1.0
      },
      "LayoutGroupSortIndex": 0,
      "Locked": false,
      "Grid": true,
      "Snap": true,
      "IgnoreFoW": false,
      "MeasureMovement": false,
      "DragSelectable": false,
      "Autoraise": true,
      "Sticky": true,
      "Tooltip": false,
      "GridProjection": false,
      "HideWhenFaceDown": false,
      "Hands": false,
      "CustomAssetbundle": {
        "AssetbundleURL": "http://cloud-3.steamusercontent.com/ugc/1627443817966929385/52C2581BECFAC773DD831C23A2DD5A373A9AC651/",
        "AssetbundleSecondaryURL": "",
        "MaterialIndex": 0,
        "TypeIndex": 0,
        "LoopingEffectIndex": 0
      },
      "LuaScript": "",
      "LuaScriptState": "",
      "XmlUI": "",
      "Rigidbody": {
        "Mass": 1.0,
        "Drag": 0.1,
        "AngularDrag": 0.1,
        "UseGravity": false
      }
    }
  ]
}