{
  "SaveName": "Dice Tower SMB",
  "GameMode": "Dice Tower SMB",
  "Date": "10/10/2020 10:53:52 PM",
  "VersionNumber": "v12.4.3",
  "GameType": "Objects",
  "GameComplexity": "",
  "PlayingTime": [
    0,
    0
  ],
  "PlayerCounts": [
    0,
    0
  ],
  "Tags": [
    "Dice",
    "Components",
    "Props",
    "tower",
    "Mario",
    "NES"
  ],
  "Gravity": 0.5,
  "PlayArea": 0.5,
  "Table": "Table_Square",
  "Sky": "Sky_Downtown",
  "Note": "",
  "Rules": "",
  "MusicPlayer": {
    "RepeatSong": true,
    "PlaylistEntry": -1,
    "CurrentAudioTitle": "zelda",
    "CurrentAudioURL": "http://cloud-3.steamusercontent.com/ugc/766108101323443480/A496CA9643E341C43D304E54E2AFBBEE308D8DBE/",
    "AudioLibrary": []
  },
  "Grid": {
    "Type": 0,
    "Lines": false,
    "Color": {
      "r": 0.0,
      "g": 0.0,
      "b": 0.0
    },
    "Opacity": 0.75,
    "ThickLines": false,
    "Snapping": false,
    "Offset": false,
    "BothSnapping": false,
    "xSize": 2.0,
    "ySize": 2.0,
    "PosOffset": {
      "x": 0.0,
      "y": 1.0,
      "z": 0.0
    }
  },
  "Lighting": {
    "LightIntensity": 1.004001,
    "LightColor": {
      "r": 1.0,
      "g": 0.9804,
      "b": 0.8902
    },
    "AmbientIntensity": 2.26000214,
    "AmbientType": 0,
    "AmbientSkyColor": {
      "r": 0.5,
      "g": 0.5,
      "b": 0.5
    },
    "AmbientEquatorColor": {
      "r": 0.5,
      "g": 0.5,
      "b": 0.5
    },
    "AmbientGroundColor": {
      "r": 0.5,
      "g": 0.5,
      "b": 0.5
    },
    "ReflectionIntensity": 1.0,
    "LutIndex": 0,
    "LutContribution": 1.0,
    "LutURL": ""
  },
  "Hands": {
    "Enable": true,
    "DisableUnused": false,
    "Hiding": 0,
    "HandTransforms": [
      {
        "Color": "Purple",
        "Transform": {
          "posX": 14.3801212,
          "posY": 2.972458,
          "posZ": 0.141296387,
          "rotX": 0.0,
          "rotY": 270.0,
          "rotZ": 0.0,
          "scaleX": 9.396047,
          "scaleY": 6.63446,
          "scaleZ": 3.52329421
        }
      },
      {
        "Color": "White",
        "Transform": {
          "posX": 0.03270387,
          "posY": 2.97239685,
          "posZ": -14.3719025,
          "rotX": 0.0,
          "rotY": 0.0,
          "rotZ": 0.0,
          "scaleX": 9.392744,
          "scaleY": 6.63446,
          "scaleZ": 3.52259159
        }
      },
      {
        "Color": "Green",
        "Transform": {
          "posX": 0.03270387,
          "posY": 2.97219086,
          "posZ": 14.2784271,
          "rotX": 0.0,
          "rotY": 180.0,
          "rotZ": 0.0,
          "scaleX": 9.3945,
          "scaleY": 6.63446,
          "scaleZ": 3.52320647
        }
      },
      {
        "Color": "Orange",
        "Transform": {
          "posX": -14.2912292,
          "posY": 2.972458,
          "posZ": -0.05830002,
          "rotX": 0.0,
          "rotY": 90.0,
          "rotZ": 0.0,
          "scaleX": 9.396047,
          "scaleY": 6.63446,
          "scaleZ": 3.52329421
        }
      }
    ]
  },
  "Turns": {
    "Enable": false,
    "Type": 0,
    "TurnOrder": [],
    "Reverse": false,
    "SkipEmpty": false,
    "DisableInteractions": false,
    "PassTurns": true,
    "TurnColor": ""
  },
  "TabStates": {
    "0": {
      "title": "Rules",
      "body": "",
      "color": "Grey",
      "visibleColor": {
        "r": 0.5,
        "g": 0.5,
        "b": 0.5
      },
      "id": 0
    },
    "1": {
      "title": "White",
      "body": "",
      "color": "White",
      "visibleColor": {
        "r": 1.0,
        "g": 1.0,
        "b": 1.0
      },
      "id": 1
    },
    "2": {
      "title": "Brown",
      "body": "",
      "color": "Brown",
      "visibleColor": {
        "r": 0.443,
        "g": 0.231,
        "b": 0.09
      },
      "id": 2
    },
    "3": {
      "title": "Red",
      "body": "",
      "color": "Red",
      "visibleColor": {
        "r": 0.856,
        "g": 0.1,
        "b": 0.094
      },
      "id": 3
    },
    "4": {
      "title": "Orange",
      "body": "",
      "color": "Orange",
      "visibleColor": {
        "r": 0.956,
        "g": 0.392,
        "b": 0.113
      },
      "id": 4
    },
    "5": {
      "title": "Yellow",
      "body": "",
      "color": "Yellow",
      "visibleColor": {
        "r": 0.905,
        "g": 0.898,
        "b": 0.172
      },
      "id": 5
    },
    "6": {
      "title": "Green",
      "body": "",
      "color": "Green",
      "visibleColor": {
        "r": 0.192,
        "g": 0.701,
        "b": 0.168
      },
      "id": 6
    },
    "7": {
      "title": "Blue",
      "body": "",
      "color": "Blue",
      "visibleColor": {
        "r": 0.118,
        "g": 0.53,
        "b": 1.0
      },
      "id": 7
    },
    "8": {
      "title": "Teal",
      "body": "",
      "color": "Teal",
      "visibleColor": {
        "r": 0.129,
        "g": 0.694,
        "b": 0.607
      },
      "id": 8
    },
    "9": {
      "title": "Purple",
      "body": "",
      "color": "Purple",
      "visibleColor": {
        "r": 0.627,
        "g": 0.125,
        "b": 0.941
      },
      "id": 9
    },
    "10": {
      "title": "Pink",
      "body": "",
      "color": "Pink",
      "visibleColor": {
        "r": 0.96,
        "g": 0.439,
        "b": 0.807
      },
      "id": 10
    },
    "11": {
      "title": "Black",
      "body": "",
      "color": "Black",
      "visibleColor": {
        "r": 0.25,
        "g": 0.25,
        "b": 0.25
      },
      "id": 11
    }
  },
  "DecalPallet": [],
  "LuaScript": "--[[ Lua code. See documentation: https://api.tabletopsimulator.com/ --]]\n\n--[[ The onLoad event is called after the game save finishes loading. --]]\nfunction onLoad()\n    --[[ print('onLoad!') --]]\nend\n\n--[[ The onUpdate event is called once per frame. --]]\nfunction onUpdate()\n    --[[ print('onUpdate loop!') --]]\nend",
  "LuaScriptState": "",
  "XmlUI": "<!-- Xml UI. See documentation: https://api.tabletopsimulator.com/ui/introUI/ -->",
  "ObjectStates": [
    {
      "GUID": "f0fd58",
      "Name": "Custom_Model",
      "Transform": {
        "posX": -0.285651356,
        "posY": 0.9599905,
        "posZ": 9.008239,
        "rotX": 6.03708941E-06,
        "rotY": 270.000031,
        "rotZ": 8.451929E-06,
        "scaleX": 1.15,
        "scaleY": 1.15,
        "scaleZ": 1.15
      },
      "Nickname": "",
      "Description": "",
      "GMNotes": "",
      "ColorDiffuse": {
        "r": 1.0,
        "g": 1.0,
        "b": 1.0
      },
      "LayoutGroupSortIndex": 0,
      "Locked": true,
      "Grid": true,
      "Snap": true,
      "IgnoreFoW": false,
      "MeasureMovement": false,
      "DragSelectable": true,
      "Autoraise": true,
      "Sticky": true,
      "Tooltip": true,
      "GridProjection": false,
      "HideWhenFaceDown": false,
      "Hands": false,
      "CustomMesh": {
        "MeshURL": "http://cloud-3.steamusercontent.com/ugc/1642083993453617062/B485211BEB22218051BD69D15B51D8804C4C0BF7/",
        "DiffuseURL": "http://cloud-3.steamusercontent.com/ugc/1642083993453589182/83A410A8A917EDDF869F467320AD5992E9CBED34/",
        "NormalURL": "",
        "ColliderURL": "http://cloud-3.steamusercontent.com/ugc/1642083993453617062/B485211BEB22218051BD69D15B51D8804C4C0BF7/",
        "Convex": false,
        "MaterialIndex": 2,
        "TypeIndex": 1,
        "CustomShader": {
          "SpecularColor": {
            "r": 1.0,
            "g": 1.0,
            "b": 1.0
          },
          "SpecularIntensity": 0.0,
          "SpecularSharpness": 2.0,
          "FresnelStrength": 0.0
        },
        "CastShadows": true
      },
      "LuaScript": "",
      "LuaScriptState": "",
      "XmlUI": "",
      "PhysicsMaterial": {
        "StaticFriction": 1.0,
        "DynamicFriction": 0.1,
        "Bounciness": 0.8,
        "FrictionCombine": 0,
        "BounceCombine": 0
      },
      "Rigidbody": {
        "Mass": 1.0375,
        "Drag": 0.1,
        "AngularDrag": 0.1,
        "UseGravity": true
      }
    }
  ]
}