{
  "SaveName": "HopperDropper Dice Tower",
  "GameMode": "HopperDropper Dice Tower",
  "Date": "12/4/2020 9:27:24 AM",
  "VersionNumber": "v12.4.3",
  "GameType": "Objects",
  "GameComplexity": "",
  "PlayingTime": [
    0,
    180
  ],
  "PlayerCounts": [
    0,
    10
  ],
  "Tags": [
    "Dice",
    "Components",
    "custom",
    "Props",
    "Minecraft",
    "Dice Tower",
    "themed"
  ],
  "Gravity": 0.5,
  "PlayArea": 0.5,
  "Table": "Table_RPG",
  "Sky": "Sky_Museum",
  "Note": "",
  "Rules": "",
  "MusicPlayer": {
    "RepeatSong": false,
    "PlaylistEntry": 0,
    "CurrentAudioTitle": "Shadowmoon",
    "CurrentAudioURL": "http://cloud-3.steamusercontent.com/ugc/770601828587055146/B4D229E4C683BC5A6F9712F52DC9DAAE28B0C6AC/",
    "AudioLibrary": [
      {
        "Item1": "http://cloud-3.steamusercontent.com/ugc/770601828587055146/B4D229E4C683BC5A6F9712F52DC9DAAE28B0C6AC/",
        "Item2": "Shadowmoon"
      },
      {
        "Item1": "http://cloud-3.steamusercontent.com/ugc/770601828587132232/7D08630C6F43CB4BDEE63D6EB301443342DFF8EB/",
        "Item2": "Heart of the Deep"
      },
      {
        "Item1": "http://cloud-3.steamusercontent.com/ugc/770601828587290498/CAA33176F269F822862C36B8FC83F925B2F0A840/",
        "Item2": "Relentless"
      }
    ]
  },
  "Grid": {
    "Type": 0,
    "Lines": false,
    "Color": {
      "r": 0.0,
      "g": 0.0,
      "b": 0.0
    },
    "Opacity": 0.75,
    "ThickLines": false,
    "Snapping": false,
    "Offset": false,
    "BothSnapping": false,
    "xSize": 2.0,
    "ySize": 2.0,
    "PosOffset": {
      "x": 0.0,
      "y": 1.0,
      "z": 0.0
    }
  },
  "Lighting": {
    "LightIntensity": 0.54,
    "LightColor": {
      "r": 1.0,
      "g": 0.9804,
      "b": 0.8902
    },
    "AmbientIntensity": 1.3,
    "AmbientType": 0,
    "AmbientSkyColor": {
      "r": 0.5,
      "g": 0.5,
      "b": 0.5
    },
    "AmbientEquatorColor": {
      "r": 0.5,
      "g": 0.5,
      "b": 0.5
    },
    "AmbientGroundColor": {
      "r": 0.5,
      "g": 0.5,
      "b": 0.5
    },
    "ReflectionIntensity": 1.0,
    "LutIndex": 0,
    "LutContribution": 1.0
  },
  "Hands": {
    "Enable": true,
    "DisableUnused": false,
    "Hiding": 0,
    "HandTransforms": [
      {
        "Color": "Red",
        "Transform": {
          "posX": -15.1108065,
          "posY": 4.81034231,
          "posZ": -20.1076221,
          "rotX": 0.0,
          "rotY": 0.0,
          "rotZ": 0.0,
          "scaleX": 11.7730446,
          "scaleY": 9.174497,
          "scaleZ": 4.87123871
        }
      },
      {
        "Color": "Yellow",
        "Transform": {
          "posX": -30.2150211,
          "posY": 4.81034231,
          "posZ": 10.17524,
          "rotX": 0.0,
          "rotY": 90.0,
          "rotZ": 0.0,
          "scaleX": 11.6625938,
          "scaleY": 9.174497,
          "scaleZ": 4.92397642
        }
      },
      {
        "Color": "Purple",
        "Transform": {
          "posX": 30.25128,
          "posY": 4.81034231,
          "posZ": 9.59069252,
          "rotX": 0.0,
          "rotY": 270.0,
          "rotZ": 0.0,
          "scaleX": 11.6625862,
          "scaleY": 9.174497,
          "scaleZ": 4.92397642
        }
      },
      {
        "Color": "Blue",
        "Transform": {
          "posX": 15.4749184,
          "posY": 4.81034231,
          "posZ": 19.8365288,
          "rotX": 0.0,
          "rotY": 179.8,
          "rotZ": 0.0,
          "scaleX": 11.7801,
          "scaleY": 9.174497,
          "scaleZ": 4.87566
        }
      },
      {
        "Color": "White",
        "Transform": {
          "posX": 15.1961479,
          "posY": 4.81034231,
          "posZ": -20.1400986,
          "rotX": 0.0,
          "rotY": 0.0,
          "rotZ": 0.0,
          "scaleX": 11.7730293,
          "scaleY": 9.17449951,
          "scaleZ": 4.87123871
        }
      },
      {
        "Color": "Green",
        "Transform": {
          "posX": -15.1927767,
          "posY": 4.81034231,
          "posZ": 19.787817,
          "rotX": 0.0,
          "rotY": 180.0,
          "rotZ": 0.0,
          "scaleX": 11.7730293,
          "scaleY": 9.174497,
          "scaleZ": 4.87123871
        }
      },
      {
        "Color": "Pink",
        "Transform": {
          "posX": 30.10358,
          "posY": 4.81034231,
          "posZ": -8.449126,
          "rotX": 0.0,
          "rotY": 270.0,
          "rotZ": 0.0,
          "scaleX": 11.6625824,
          "scaleY": 9.174497,
          "scaleZ": 4.92397642
        }
      },
      {
        "Color": "Orange",
        "Transform": {
          "posX": -30.247818,
          "posY": 4.81034231,
          "posZ": -8.822588,
          "rotX": 0.0,
          "rotY": 90.0,
          "rotZ": 0.0,
          "scaleX": 11.6625967,
          "scaleY": 9.174497,
          "scaleZ": 4.92397642
        }
      }
    ]
  },
  "Turns": {
    "Enable": false,
    "Type": 0,
    "TurnOrder": [],
    "Reverse": false,
    "SkipEmpty": false,
    "DisableInteractions": false,
    "PassTurns": true
  },
  "TabStates": {
    "0": {
      "title": "Rules",
      "body": "",
      "color": "Grey",
      "visibleColor": {
        "r": 0.5,
        "g": 0.5,
        "b": 0.5
      },
      "id": 0
    },
    "1": {
      "title": "White",
      "body": "",
      "color": "White",
      "visibleColor": {
        "r": 1.0,
        "g": 1.0,
        "b": 1.0
      },
      "id": 1
    },
    "2": {
      "title": "Brown",
      "body": "",
      "color": "Brown",
      "visibleColor": {
        "r": 0.443,
        "g": 0.231,
        "b": 0.09
      },
      "id": 2
    },
    "3": {
      "title": "Red",
      "body": "",
      "color": "Red",
      "visibleColor": {
        "r": 0.856,
        "g": 0.1,
        "b": 0.094
      },
      "id": 3
    },
    "4": {
      "title": "Orange",
      "body": "",
      "color": "Orange",
      "visibleColor": {
        "r": 0.956,
        "g": 0.392,
        "b": 0.113
      },
      "id": 4
    },
    "5": {
      "title": "Yellow",
      "body": "",
      "color": "Yellow",
      "visibleColor": {
        "r": 0.905,
        "g": 0.898,
        "b": 0.172
      },
      "id": 5
    },
    "6": {
      "title": "Green",
      "body": "",
      "color": "Green",
      "visibleColor": {
        "r": 0.192,
        "g": 0.701,
        "b": 0.168
      },
      "id": 6
    },
    "7": {
      "title": "Blue",
      "body": "",
      "color": "Blue",
      "visibleColor": {
        "r": 0.118,
        "g": 0.53,
        "b": 1.0
      },
      "id": 7
    },
    "8": {
      "title": "Teal",
      "body": "",
      "color": "Teal",
      "visibleColor": {
        "r": 0.129,
        "g": 0.694,
        "b": 0.607
      },
      "id": 8
    },
    "9": {
      "title": "Purple",
      "body": "",
      "color": "Purple",
      "visibleColor": {
        "r": 0.627,
        "g": 0.125,
        "b": 0.941
      },
      "id": 9
    },
    "10": {
      "title": "Pink",
      "body": "",
      "color": "Pink",
      "visibleColor": {
        "r": 0.96,
        "g": 0.439,
        "b": 0.807
      },
      "id": 10
    },
    "11": {
      "title": "Black",
      "body": "",
      "color": "Black",
      "visibleColor": {
        "r": 0.25,
        "g": 0.25,
        "b": 0.25
      },
      "id": 11
    }
  },
  "DecalPallet": [],
  "LuaScript": "--[[ Lua code. See documentation: https://api.tabletopsimulator.com/ --]]\n\n--[[ The onLoad event is called after the game save finishes loading. --]]\nfunction onLoad()\n    --[[ print('onLoad!') --]]\nend\n\n--[[ The onUpdate event is called once per frame. --]]\nfunction onUpdate()\n    --[[ print('onUpdate loop!') --]]\nend",
  "LuaScriptState": "",
  "XmlUI": "<!-- Xml UI. See documentation: https://api.tabletopsimulator.com/ui/introUI/ -->",
  "ObjectStates": [
    {
      "GUID": "d038df",
      "Name": "Custom_Model",
      "Transform": {
        "posX": 0.108138725,
        "posY": 0.960000038,
        "posZ": 1.29095578,
        "rotX": 6.21572667E-07,
        "rotY": 180.005478,
        "rotZ": -3.27689179E-07,
        "scaleX": 0.7750002,
        "scaleY": 0.7750002,
        "scaleZ": 0.7750002
      },
      "Nickname": "HopperDropper Dice Tower",
      "Description": "By B33J",
      "GMNotes": "",
      "ColorDiffuse": {
        "r": 1.0,
        "g": 1.0,
        "b": 1.0
      },
      "LayoutGroupSortIndex": 0,
      "Locked": true,
      "Grid": true,
      "Snap": true,
      "IgnoreFoW": false,
      "MeasureMovement": false,
      "DragSelectable": true,
      "Autoraise": true,
      "Sticky": true,
      "Tooltip": true,
      "GridProjection": false,
      "HideWhenFaceDown": false,
      "Hands": false,
      "CustomMesh": {
        "MeshURL": "http://cloud-3.steamusercontent.com/ugc/1644336359150632693/8E4C9DE95DB8578A1A20248F5B633FA78D398E27/",
        "DiffuseURL": "http://cloud-3.steamusercontent.com/ugc/1644336359150632987/A04B7D51AB276E9231359F0A552DB8473A1746E6/",
        "NormalURL": "",
        "ColliderURL": "http://cloud-3.steamusercontent.com/ugc/1644336359150633372/AAC499BACF74F6BBE15DAA96C7FEC6D808517195/",
        "Convex": false,
        "MaterialIndex": 2,
        "TypeIndex": 4,
        "CustomShader": {
          "SpecularColor": {
            "r": 0.735294163,
            "g": 0.735294163,
            "b": 0.735294163
          },
          "SpecularIntensity": 0.0,
          "SpecularSharpness": 7.0,
          "FresnelStrength": 0.0
        },
        "CastShadows": true
      },
      "LuaScript": "",
      "LuaScriptState": "",
      "XmlUI": "",
      "PhysicsMaterial": {
        "StaticFriction": 1.0,
        "DynamicFriction": 0.0,
        "Bounciness": 1.0,
        "FrictionCombine": 0,
        "BounceCombine": 0
      },
      "Rigidbody": {
        "Mass": 2.0,
        "Drag": 0.1,
        "AngularDrag": 0.1,
        "UseGravity": true
      },
      "States": {
        "3": {
          "GUID": "de7f9b",
          "Name": "Custom_Model",
          "Transform": {
            "posX": 0.10813871,
            "posY": 0.9599991,
            "posZ": 1.29095566,
            "rotX": -1.32219623E-06,
            "rotY": 180.005478,
            "rotZ": 2.13662315E-06,
            "scaleX": 0.7750002,
            "scaleY": 0.7750002,
            "scaleZ": 0.7750002
          },
          "Nickname": "HopperDropper Dice Tower",
          "Description": "By B33J",
          "GMNotes": "",
          "ColorDiffuse": {
            "r": 1.0,
            "g": 1.0,
            "b": 1.0
          },
          "LayoutGroupSortIndex": 0,
          "Locked": false,
          "Grid": true,
          "Snap": true,
          "IgnoreFoW": false,
          "MeasureMovement": false,
          "DragSelectable": true,
          "Autoraise": true,
          "Sticky": true,
          "Tooltip": true,
          "GridProjection": false,
          "HideWhenFaceDown": false,
          "Hands": false,
          "CustomMesh": {
            "MeshURL": "http://cloud-3.steamusercontent.com/ugc/1644336359150636934/229ED86CCDA57E5872E7AF445D06229A3E42B676/",
            "DiffuseURL": "http://cloud-3.steamusercontent.com/ugc/1644336359150632987/A04B7D51AB276E9231359F0A552DB8473A1746E6/",
            "NormalURL": "",
            "ColliderURL": "http://cloud-3.steamusercontent.com/ugc/1644336359150637433/CAFF1D6A9D0B880422797FD8A90D0A0297426E18/",
            "Convex": false,
            "MaterialIndex": 2,
            "TypeIndex": 4,
            "CustomShader": {
              "SpecularColor": {
                "r": 0.735294163,
                "g": 0.735294163,
                "b": 0.735294163
              },
              "SpecularIntensity": 0.0,
              "SpecularSharpness": 7.0,
              "FresnelStrength": 0.0
            },
            "CastShadows": true
          },
          "LuaScript": "",
          "LuaScriptState": "",
          "XmlUI": "",
          "PhysicsMaterial": {
            "StaticFriction": 1.0,
            "DynamicFriction": 0.0,
            "Bounciness": 1.0,
            "FrictionCombine": 0,
            "BounceCombine": 0
          },
          "Rigidbody": {
            "Mass": 2.0,
            "Drag": 0.1,
            "AngularDrag": 0.1,
            "UseGravity": true
          }
        },
        "2": {
          "GUID": "3fb3e1",
          "Name": "Custom_Model",
          "Transform": {
            "posX": 0.108138718,
            "posY": 0.960000038,
            "posZ": 1.29095578,
            "rotX": 5.407423E-07,
            "rotY": 180.005478,
            "rotZ": -2.8521012E-07,
            "scaleX": 0.7750002,
            "scaleY": 0.7750002,
            "scaleZ": 0.7750002
          },
          "Nickname": "HopperDropper Dice Tower",
          "Description": "By B33J",
          "GMNotes": "",
          "ColorDiffuse": {
            "r": 1.0,
            "g": 1.0,
            "b": 1.0
          },
          "LayoutGroupSortIndex": 0,
          "Locked": false,
          "Grid": true,
          "Snap": true,
          "IgnoreFoW": false,
          "MeasureMovement": false,
          "DragSelectable": true,
          "Autoraise": true,
          "Sticky": true,
          "Tooltip": true,
          "GridProjection": false,
          "HideWhenFaceDown": false,
          "Hands": false,
          "CustomMesh": {
            "MeshURL": "http://cloud-3.steamusercontent.com/ugc/1644336359150634954/43690782F790935E3F8F51F56C8B36BF366E0063/",
            "DiffuseURL": "http://cloud-3.steamusercontent.com/ugc/1644336359150632987/A04B7D51AB276E9231359F0A552DB8473A1746E6/",
            "NormalURL": "",
            "ColliderURL": "http://cloud-3.steamusercontent.com/ugc/1644336359150635519/D3CF30DA2CC541E0325EF5E62CC36C03219AC7A6/",
            "Convex": false,
            "MaterialIndex": 2,
            "TypeIndex": 4,
            "CustomShader": {
              "SpecularColor": {
                "r": 0.735294163,
                "g": 0.735294163,
                "b": 0.735294163
              },
              "SpecularIntensity": 0.0,
              "SpecularSharpness": 7.0,
              "FresnelStrength": 0.0
            },
            "CastShadows": true
          },
          "LuaScript": "",
          "LuaScriptState": "",
          "XmlUI": "",
          "PhysicsMaterial": {
            "StaticFriction": 1.0,
            "DynamicFriction": 0.0,
            "Bounciness": 1.0,
            "FrictionCombine": 0,
            "BounceCombine": 0
          },
          "Rigidbody": {
            "Mass": 2.0,
            "Drag": 0.1,
            "AngularDrag": 0.1,
            "UseGravity": true
          }
        }
      }
    }
  ]
}