{
  "SaveName": "Animated Horse",
  "GameMode": "None",
  "Date": "9/18/2016 11:25:49 AM",
  "VersionNumber": "",
  "GameType": "",
  "GameComplexity": "",
  "Tags": [],
  "Gravity": 0.5,
  "PlayArea": 0.5,
  "Table": "Table_Hexagon",
  "Sky": "Sky_Museum",
  "Note": "",
  "Rules": "",
  "Grid": {
    "Type": 0,
    "Lines": false,
    "Color": {
      "r": 0.0,
      "g": 0.0,
      "b": 0.0
    },
    "Opacity": 0.75,
    "ThickLines": false,
    "Snapping": false,
    "Offset": false,
    "BothSnapping": false,
    "xSize": 0.0,
    "ySize": 0.0,
    "PosOffset": {
      "x": 0.0,
      "y": 1.0,
      "z": 0.0
    }
  },
  "Hands": {
    "Enable": true,
    "DisableUnused": false,
    "Hiding": 0,
    "HandTransforms": [
      {
        "Color": "Red",
        "Transform": {
          "posX": -13.6426258,
          "posY": 3.57056212,
          "posZ": -7.48829937,
          "rotX": 0.0,
          "rotY": 60.0000076,
          "rotZ": 0.0,
          "scaleX": 10.268074,
          "scaleY": 6.63386965,
          "scaleZ": 4.89323664
        }
      },
      {
        "Color": "Yellow",
        "Transform": {
          "posX": -13.3164415,
          "posY": 3.5705626,
          "posZ": 8.30226,
          "rotX": 0.0,
          "rotY": 119.999992,
          "rotZ": 0.0,
          "scaleX": 10.2680779,
          "scaleY": 6.63386965,
          "scaleZ": 4.89323139
        }
      },
      {
        "Color": "Blue",
        "Transform": {
          "posX": 13.5727882,
          "posY": 3.57108521,
          "posZ": 7.74925661,
          "rotX": 0.0,
          "rotY": 240.000015,
          "rotZ": 0.0,
          "scaleX": 10.2680712,
          "scaleY": 6.63386965,
          "scaleZ": 4.89323044
        }
      },
      {
        "Color": "White",
        "Transform": {
          "posX": -0.000238126842,
          "posY": 3.57094646,
          "posZ": -15.5336742,
          "rotX": 0.0,
          "rotY": 0.0,
          "rotZ": 0.0,
          "scaleX": 10.2680645,
          "scaleY": 6.6338706,
          "scaleZ": 4.89322853
        }
      },
      {
        "Color": "Green",
        "Transform": {
          "posX": 0.00162769039,
          "posY": 3.570824,
          "posZ": 15.59512,
          "rotX": 0.0,
          "rotY": 180.000015,
          "rotZ": 0.0,
          "scaleX": 10.2680645,
          "scaleY": 6.63386965,
          "scaleZ": 4.89322758
        }
      },
      {
        "Color": "Pink",
        "Transform": {
          "posX": 13.6820116,
          "posY": 3.57108712,
          "posZ": -7.40789032,
          "rotX": 0.0,
          "rotY": 300.0,
          "rotZ": 0.0,
          "scaleX": 10.2680635,
          "scaleY": 6.63386965,
          "scaleZ": 4.89322662
        }
      }
    ]
  },
  "TabStates": {
    "0": {
      "title": "Rules",
      "body": "",
      "color": "Grey",
      "visibleColor": {
        "r": 0.5,
        "g": 0.5,
        "b": 0.5
      },
      "id": 0
    },
    "1": {
      "title": "White",
      "body": "",
      "color": "White",
      "visibleColor": {
        "r": 1.0,
        "g": 1.0,
        "b": 1.0
      },
      "id": 1
    },
    "2": {
      "title": "Brown",
      "body": "",
      "color": "Brown",
      "visibleColor": {
        "r": 0.443,
        "g": 0.231,
        "b": 0.09
      },
      "id": 2
    },
    "3": {
      "title": "Red",
      "body": "",
      "color": "Red",
      "visibleColor": {
        "r": 0.856,
        "g": 0.1,
        "b": 0.094
      },
      "id": 3
    },
    "4": {
      "title": "Orange",
      "body": "",
      "color": "Orange",
      "visibleColor": {
        "r": 0.956,
        "g": 0.392,
        "b": 0.113
      },
      "id": 4
    },
    "5": {
      "title": "Yellow",
      "body": "",
      "color": "Yellow",
      "visibleColor": {
        "r": 0.905,
        "g": 0.898,
        "b": 0.172
      },
      "id": 5
    },
    "6": {
      "title": "Green",
      "body": "",
      "color": "Green",
      "visibleColor": {
        "r": 0.192,
        "g": 0.701,
        "b": 0.168
      },
      "id": 6
    },
    "7": {
      "title": "Blue",
      "body": "",
      "color": "Blue",
      "visibleColor": {
        "r": 0.118,
        "g": 0.53,
        "b": 1.0
      },
      "id": 7
    },
    "8": {
      "title": "Teal",
      "body": "",
      "color": "Teal",
      "visibleColor": {
        "r": 0.129,
        "g": 0.694,
        "b": 0.607
      },
      "id": 8
    },
    "9": {
      "title": "Purple",
      "body": "",
      "color": "Purple",
      "visibleColor": {
        "r": 0.627,
        "g": 0.125,
        "b": 0.941
      },
      "id": 9
    },
    "10": {
      "title": "Pink",
      "body": "",
      "color": "Pink",
      "visibleColor": {
        "r": 0.96,
        "g": 0.439,
        "b": 0.807
      },
      "id": 10
    },
    "11": {
      "title": "Black",
      "body": "",
      "color": "Black",
      "visibleColor": {
        "r": 0.25,
        "g": 0.25,
        "b": 0.25
      },
      "id": 11
    }
  },
  "LuaScript": "--[[ Lua code. See documentation: http://berserk-games.com/knowledgebase/scripting/ --]]\n\n--[[ The OnLoad function. This is called after everything in the game save finishes loading.\nMost of your script code goes here. --]]\nfunction onload()\n    --[[ print('Onload!') --]]\nend\n\n--[[ The Update function. This is called once per frame. --]]\nfunction update ()\n    --[[ print('Update loop!') --]]\nend",
  "LuaScriptState": "",
  "XmlUI": "",
  "VectorLines": [],
  "ObjectStates": [
    {
      "GUID": "4fb4fb",
      "Name": "Custom_Assetbundle",
      "Transform": {
        "posX": -8.38566336E-08,
        "posY": 0.9599999,
        "posZ": -2.08616257E-07,
        "rotX": -1.76649264E-05,
        "rotY": 180.0,
        "rotZ": -9.9865465E-06,
        "scaleX": 1.0,
        "scaleY": 1.0,
        "scaleZ": 1.0
      },
      "Nickname": "",
      "Description": "",
      "GMNotes": "",
      "ColorDiffuse": {
        "r": 1.0,
        "g": 1.0,
        "b": 1.0
      },
      "LayoutGroupSortIndex": 0,
      "Locked": false,
      "Grid": true,
      "Snap": true,
      "IgnoreFoW": false,
      "MeasureMovement": false,
      "DragSelectable": true,
      "Autoraise": true,
      "Sticky": true,
      "Tooltip": true,
      "GridProjection": false,
      "CustomAssetbundle": {
        "AssetbundleURL": "http://cloud-3.steamusercontent.com/ugc/251462956270588221/E0936FC911CE5FA79FE6C597CE872733BE5ACC42/",
        "AssetbundleSecondaryURL": "",
        "MaterialIndex": 0,
        "TypeIndex": 0,
        "LoopingEffectIndex": 2
      },
      "LuaScript": "",
      "LuaScriptState": "",
      "XmlUI": ""
    }
  ]
}