{
  "SaveName": "A Butt That Dispenses Poo",
  "GameMode": "None",
  "Date": "1/1/2017 7:36:23 PM",
  "VersionNumber": "",
  "GameType": "",
  "GameComplexity": "",
  "Tags": [],
  "Gravity": 0.5,
  "PlayArea": 0.5,
  "Table": "Table_Circular",
  "Sky": "Sky_Sunset",
  "Note": "",
  "Rules": "",
  "Grid": {
    "Type": 0,
    "Lines": false,
    "Color": {
      "r": 0.0,
      "g": 0.0,
      "b": 0.0
    },
    "Opacity": 0.75,
    "ThickLines": false,
    "Snapping": false,
    "Offset": false,
    "BothSnapping": false,
    "xSize": 0.0,
    "ySize": 0.0,
    "PosOffset": {
      "x": 0.0,
      "y": 1.0,
      "z": 0.0
    }
  },
  "Hands": {
    "Enable": true,
    "DisableUnused": false,
    "Hiding": 0,
    "HandTransforms": [
      {
        "Color": "Red",
        "Transform": {
          "posX": -15.2383461,
          "posY": 3.543927,
          "posZ": -15.4102488,
          "rotX": 0.0,
          "rotY": 45.0,
          "rotZ": 0.0,
          "scaleX": 11.6554279,
          "scaleY": 9.17449951,
          "scaleZ": 6.76723528
        }
      },
      {
        "Color": "Yellow",
        "Transform": {
          "posX": -15.3520679,
          "posY": 3.5439136,
          "posZ": 15.1043787,
          "rotX": 0.0,
          "rotY": 135.0,
          "rotZ": 0.0,
          "scaleX": 11.6554193,
          "scaleY": 9.17449951,
          "scaleZ": 6.76723433
        }
      },
      {
        "Color": "Purple",
        "Transform": {
          "posX": 21.53081,
          "posY": 3.54394078,
          "posZ": 0.05563607,
          "rotX": 0.0,
          "rotY": 270.0,
          "rotZ": 0.0,
          "scaleX": 11.6554165,
          "scaleY": 9.17449951,
          "scaleZ": 6.76723
        }
      },
      {
        "Color": "Blue",
        "Transform": {
          "posX": 15.3141708,
          "posY": 3.54392743,
          "posZ": 15.1423445,
          "rotX": 0.0,
          "rotY": 225.000015,
          "rotZ": 0.0,
          "scaleX": 11.6554079,
          "scaleY": 9.17449951,
          "scaleZ": 6.76723337
        }
      },
      {
        "Color": "White",
        "Transform": {
          "posX": 4.293198E-06,
          "posY": 3.543927,
          "posZ": -21.4752445,
          "rotX": 0.0,
          "rotY": 0.0,
          "rotZ": 0.0,
          "scaleX": 11.6554127,
          "scaleY": 9.174501,
          "scaleZ": 6.76723051
        }
      },
      {
        "Color": "Green",
        "Transform": {
          "posX": 4.894038E-06,
          "posY": 3.54392743,
          "posZ": 21.293396,
          "rotX": 0.0,
          "rotY": 180.000015,
          "rotZ": 0.0,
          "scaleX": 11.6554127,
          "scaleY": 9.17449951,
          "scaleZ": 6.767229
        }
      },
      {
        "Color": "Pink",
        "Transform": {
          "posX": 15.3141632,
          "posY": 3.54394126,
          "posZ": -15.0311756,
          "rotX": 0.0,
          "rotY": 315.000031,
          "rotZ": 0.0,
          "scaleX": 11.6554127,
          "scaleY": 9.17449951,
          "scaleZ": 6.767229
        }
      },
      {
        "Color": "Orange",
        "Transform": {
          "posX": -21.5687122,
          "posY": 3.5439136,
          "posZ": -0.20971185,
          "rotX": 0.0,
          "rotY": 90.0,
          "rotZ": 0.0,
          "scaleX": 11.6554279,
          "scaleY": 9.17449951,
          "scaleZ": 6.76723766
        }
      }
    ]
  },
  "TabStates": {
    "0": {
      "title": "Rules",
      "body": "",
      "color": "Grey",
      "visibleColor": {
        "r": 0.5,
        "g": 0.5,
        "b": 0.5
      },
      "id": 0
    },
    "1": {
      "title": "White",
      "body": "",
      "color": "White",
      "visibleColor": {
        "r": 1.0,
        "g": 1.0,
        "b": 1.0
      },
      "id": 1
    },
    "2": {
      "title": "Brown",
      "body": "",
      "color": "Brown",
      "visibleColor": {
        "r": 0.443,
        "g": 0.231,
        "b": 0.09
      },
      "id": 2
    },
    "3": {
      "title": "Red",
      "body": "",
      "color": "Red",
      "visibleColor": {
        "r": 0.856,
        "g": 0.1,
        "b": 0.094
      },
      "id": 3
    },
    "4": {
      "title": "Orange",
      "body": "",
      "color": "Orange",
      "visibleColor": {
        "r": 0.956,
        "g": 0.392,
        "b": 0.113
      },
      "id": 4
    },
    "5": {
      "title": "Yellow",
      "body": "",
      "color": "Yellow",
      "visibleColor": {
        "r": 0.905,
        "g": 0.898,
        "b": 0.172
      },
      "id": 5
    },
    "6": {
      "title": "Green",
      "body": "",
      "color": "Green",
      "visibleColor": {
        "r": 0.192,
        "g": 0.701,
        "b": 0.168
      },
      "id": 6
    },
    "7": {
      "title": "Blue",
      "body": "",
      "color": "Blue",
      "visibleColor": {
        "r": 0.118,
        "g": 0.53,
        "b": 1.0
      },
      "id": 7
    },
    "8": {
      "title": "Teal",
      "body": "",
      "color": "Teal",
      "visibleColor": {
        "r": 0.129,
        "g": 0.694,
        "b": 0.607
      },
      "id": 8
    },
    "9": {
      "title": "Purple",
      "body": "",
      "color": "Purple",
      "visibleColor": {
        "r": 0.627,
        "g": 0.125,
        "b": 0.941
      },
      "id": 9
    },
    "10": {
      "title": "Pink",
      "body": "",
      "color": "Pink",
      "visibleColor": {
        "r": 0.96,
        "g": 0.439,
        "b": 0.807
      },
      "id": 10
    },
    "11": {
      "title": "Black",
      "body": "",
      "color": "Black",
      "visibleColor": {
        "r": 0.25,
        "g": 0.25,
        "b": 0.25
      },
      "id": 11
    }
  },
  "LuaScript": "--[[ Lua code. See documentation: http://berserk-games.com/knowledgebase/scripting/ --]]\n\n--[[ The OnLoad function. This is called after everything in the game save finishes loading.\nMost of your script code goes here. --]]\nfunction onload()\n    --[[ print('Onload!') --]]\nend\n\n--[[ The Update function. This is called once per frame. --]]\nfunction update ()\n    --[[ print('Update loop!') --]]\nend",
  "LuaScriptState": "",
  "XmlUI": "",
  "VectorLines": [],
  "ObjectStates": [
    {
      "GUID": "bf49cd",
      "Name": "Custom_Model_Infinite_Bag",
      "Transform": {
        "posX": 0.364786923,
        "posY": 1.25415647,
        "posZ": -0.6004845,
        "rotX": 2.9420371E-05,
        "rotY": 180.000015,
        "rotZ": -3.71974556E-06,
        "scaleX": 1.44999969,
        "scaleY": 1.44999969,
        "scaleZ": 1.44999969
      },
      "Nickname": "",
      "Description": "",
      "GMNotes": "",
      "ColorDiffuse": {
        "r": 1.0,
        "g": 1.0,
        "b": 1.0
      },
      "LayoutGroupSortIndex": 0,
      "Locked": false,
      "Grid": true,
      "Snap": true,
      "IgnoreFoW": false,
      "MeasureMovement": false,
      "DragSelectable": true,
      "Autoraise": true,
      "Sticky": true,
      "Tooltip": true,
      "GridProjection": false,
      "MaterialIndex": -1,
      "MeshIndex": -1,
      "CustomMesh": {
        "MeshURL": "http://pastebin.com/raw/wrj6v12b",
        "DiffuseURL": "http://previewcf.turbosquid.com/Preview/2014/08/01__13_22_41/skin.psd2411fb13-f199-4d9b-8eac-99ca390d5c67Larger.jpg",
        "NormalURL": "",
        "ColliderURL": "",
        "Convex": true,
        "MaterialIndex": 1,
        "TypeIndex": 7,
        "CastShadows": true
      },
      "LuaScript": "",
      "LuaScriptState": "",
      "XmlUI": "",
      "ContainedObjects": [
        {
          "GUID": "c9d21b",
          "Name": "Custom_Model",
          "Transform": {
            "posX": 5.643152,
            "posY": 3.125521,
            "posZ": -0.632887244,
            "rotX": 0.0188005883,
            "rotY": 179.9936,
            "rotZ": 0.0119666541,
            "scaleX": 1.0,
            "scaleY": 1.0,
            "scaleZ": 1.0
          },
          "Nickname": "",
          "Description": "",
          "GMNotes": "",
          "ColorDiffuse": {
            "r": 1.0,
            "g": 1.0,
            "b": 1.0
          },
          "LayoutGroupSortIndex": 0,
          "Locked": false,
          "Grid": true,
          "Snap": true,
          "IgnoreFoW": false,
          "MeasureMovement": false,
          "DragSelectable": true,
          "Autoraise": true,
          "Sticky": true,
          "Tooltip": true,
          "GridProjection": false,
          "CustomMesh": {
            "MeshURL": "http://pastebin.com/raw/dKXNvFdQ",
            "DiffuseURL": "https://s-media-cache-ak0.pinimg.com/736x/b8/a8/36/b8a836efdc17cd32912f3f8a19cd0b8a.jpg",
            "NormalURL": "",
            "ColliderURL": "",
            "Convex": true,
            "MaterialIndex": 3,
            "TypeIndex": 0,
            "CastShadows": true
          },
          "LuaScript": "",
          "LuaScriptState": "",
          "XmlUI": ""
        }
      ]
    }
  ]
}